"date","country","arrest","censor","electionactivity","electionirregularities","cooperate","coup","defamationcase","disaster","legalaction","legalchange","martiallaw","mobilizesecurity","corruption","activism","protest","purge","raid","threaten","violencelethal","violencenonlethal","diplomatic_recognition","diplomatic_statement","diplomatic_visit","investment","political_process_policy_intervention","professional_cultural_exchange","security_cooperation","surveillance","trade_financial_sanction","arrestNorm","censorNorm","electionactivityNorm","electionirregularitiesNorm","cooperateNorm","coupNorm","defamationcaseNorm","disasterNorm","legalactionNorm","legalchangeNorm","martiallawNorm","mobilizesecurityNorm","corruptionNorm","activismNorm","protestNorm","purgeNorm","raidNorm","threatenNorm","violencelethalNorm","violencenonlethalNorm","diplomatic_recognitionNorm","diplomatic_statementNorm","diplomatic_visitNorm","investmentNorm","political_process_policy_interventionNorm","professional_cultural_exchangeNorm","security_cooperationNorm","surveillanceNorm","trade_financial_sanctionNorm","ncr_arrest","ncr_cooperate","ncr_corruption","ncr_defamationcase","ncr_legalaction","ncr_legalchange","ncr_purge","ncr_raid","ncr_threaten","ncr_violencelethal","ncr_violencenonlethal","ncr_arrestNorm","ncr_cooperateNorm","ncr_corruptionNorm","ncr_defamationcaseNorm","ncr_legalactionNorm","ncr_legalchangeNorm","ncr_purgeNorm","ncr_raidNorm","ncr_threatenNorm","ncr_violencelethalNorm","ncr_violencenonlethalNorm","article_total","cs_999","rai_999","f1","rus_influence","chn_influence","total_articles","news.acotonou.com","lematinal.media","levenementprecis.com"
"2012-12-01","Benin",0,1,8,1,1,0,1,5,4,4,0,0,2,1,3,1,0,2,0,0,0,0,0,0,0,0,0,0,0,0,0.00440528634361234,0.0352422907488987,0.00440528634361234,0.00440528634361234,0,0.00440528634361234,0.0220264317180617,0.0176211453744493,0.0176211453744493,0,0,0.00881057268722467,0.00440528634361234,0.013215859030837,0.00440528634361234,0,0.00881057268722467,0,0,0,0,0,0,0,0,0,0,0,1,2,0,2,3,1,1,0,0,1,0,0.00440528634361234,0.00881057268722467,0,0.00881057268722467,0.013215859030837,0.00440528634361234,0.00440528634361234,0,0,0.00440528634361234,0,227,186,227,5.43508568858589,0,0,227,0,0,1
"2013-01-01","Benin",8,0,7,2,4,0,1,2,8,6,0,6,3,0,0,1,0,0,2,2,0,0,0,1,0,0,0,0,0,0.0284697508896797,0,0.0249110320284698,0.00711743772241993,0.0142348754448399,0,0.00355871886120996,0.00711743772241993,0.0284697508896797,0.0213523131672598,0,0.0213523131672598,0.0106761565836299,0,0,0.00355871886120996,0,0,0.00711743772241993,0.00711743772241993,0,0,0,0.00355871886120996,0,0,0,0,0,4,2,0,2,8,6,0,0,0,1,0,0.0142348754448399,0.00711743772241993,0,0.00711743772241993,0.0284697508896797,0.0213523131672598,0,0,0,0.00355871886120996,0,281,212,280,13.5550155139411,0,0.00355871886120996,281,1,0,1
"2013-02-01","Benin",1,1,11,5,7,1,0,4,27,8,0,0,11,1,6,5,0,1,1,7,0,0,0,0,0,1,0,0,0,0.00145137880986938,0.00145137880986938,0.0159651669085631,0.00725689404934688,0.0101596516690856,0.00145137880986938,0,0.0058055152394775,0.0391872278664731,0.011611030478955,0,0,0.0159651669085631,0.00145137880986938,0.00870827285921625,0.00725689404934688,0,0.00145137880986938,0.00145137880986938,0.0101596516690856,0,0,0,0,0,0.00145137880986938,0,0,0,6,6,6,0,2,7,3,0,1,0,5,0.00870827285921625,0.00870827285921625,0.00870827285921625,0,0.00290275761973875,0.0101596516690856,0.00435413642960813,0,0.00145137880986938,0,0.00725689404934688,689,565,688,7.87206610707985,0,0.00145137880986938,689,1,0,1
"2013-03-01","Benin",3,0,17,6,7,9,0,9,9,11,0,3,6,2,13,0,0,1,1,0,0,0,0,1,0,0,0,0,0,0.00467289719626168,0,0.0264797507788162,0.00934579439252336,0.0109034267912773,0.014018691588785,0,0.014018691588785,0.014018691588785,0.0171339563862928,0,0.00467289719626168,0.00934579439252336,0.00311526479750779,0.0202492211838006,0,0,0.00155763239875389,0.00155763239875389,0,0,0,0,0.00155763239875389,0,0,0,0,0,1,5,1,0,6,4,0,0,0,3,3,0.00155763239875389,0.00778816199376947,0.00155763239875389,0,0.00934579439252336,0.00623052959501558,0,0,0,0.00467289719626168,0.00467289719626168,642,529,641,7.78021106558292,0.00155763239875389,0,642,1,0,1
"2013-04-01","Benin",2,0,8,2,4,3,0,1,5,9,0,3,3,0,6,3,0,0,1,0,0,0,0,0,0,0,0,0,0,0.00351493848857645,0,0.0140597539543058,0.00351493848857645,0.0070298769771529,0.00527240773286467,0,0.00175746924428822,0.00878734622144113,0.015817223198594,0,0.00527240773286467,0.00527240773286467,0,0.0105448154657293,0.00527240773286467,0,0,0.00175746924428822,0,0,0,0,0,0,0,0,0,0,9,4,3,0,1,3,0,0,1,0,0,0.015817223198594,0.0070298769771529,0.00527240773286467,0,0.00175746924428822,0.00527240773286467,0,0,0.00175746924428822,0,0,569,500,569,6.81503992515829,0,0.00175746924428822,569,1,0,1
"2013-05-01","Benin",3,0,10,1,0,3,0,3,14,3,1,3,14,2,8,1,0,1,2,0,0,0,0,0,0,0,0,0,0,0.00581395348837209,0,0.0193798449612403,0.00193798449612403,0,0.00581395348837209,0,0.00581395348837209,0.0271317829457364,0.00581395348837209,0.00193798449612403,0.00581395348837209,0.0271317829457364,0.00387596899224806,0.0155038759689922,0.00193798449612403,0,0.00193798449612403,0.00387596899224806,0,0,0,0,0,0,0,0,0,0,6,0,0,0,12,2,0,0,0,1,3,0.0116279069767442,0,0,0,0.0232558139534884,0.00387596899224806,0,0,0,0.00193798449612403,0.00581395348837209,516,429,516,8.8927385958065,0,0,516,1,0,1
"2013-06-01","Benin",2,0,11,0,4,0,0,3,14,23,0,0,1,2,12,3,1,1,2,4,0,0,0,0,0,0,0,0,0,0.0036697247706422,0,0.0201834862385321,0,0.0073394495412844,0,0,0.0055045871559633,0.0256880733944954,0.0422018348623853,0,0,0.0018348623853211,0.0036697247706422,0.0220183486238532,0.0055045871559633,0.0018348623853211,0.0018348623853211,0.0036697247706422,0.0073394495412844,0,0,0,0,0,0,0,0,0,0,0,1,0,4,2,0,0,0,0,3,0,0,0.0018348623853211,0,0.0073394495412844,0.0036697247706422,0,0,0,0,0.0055045871559633,545,452,545,6.39711275128477,0,0,545,1,0,1
"2013-07-01","Benin",3,0,13,2,4,1,0,4,12,40,0,0,3,3,13,2,1,0,1,4,0,0,0,0,0,1,0,0,0,0.00392670157068063,0,0.0170157068062827,0.00261780104712042,0.00523560209424084,0.00130890052356021,0,0.00523560209424084,0.0157068062827225,0.0523560209424084,0,0,0.00392670157068063,0.00392670157068063,0.0170157068062827,0.00261780104712042,0.00130890052356021,0,0.00130890052356021,0.00523560209424084,0,0,0,0,0,0.00130890052356021,0,0,0,3,4,1,0,1,4,3,1,1,2,3,0.00392670157068063,0.00523560209424084,0.00130890052356021,0,0.00130890052356021,0.00523560209424084,0.00392670157068063,0.00130890052356021,0.00130890052356021,0.00261780104712042,0.00392670157068063,764,636,763,5.94775454684839,0,0.00130890052356021,764,1,0,1
"2013-08-01","Benin",0,0,14,1,3,3,0,1,6,37,5,5,3,0,6,31,0,2,1,1,0,0,0,0,0,1,0,0,0,0,0,0.0185922974767596,0.00132802124833997,0.00398406374501992,0.00398406374501992,0,0.00132802124833997,0.00796812749003984,0.049136786188579,0.00664010624169987,0.00664010624169987,0.00398406374501992,0,0.00796812749003984,0.0411686586985392,0,0.00265604249667995,0.00132802124833997,0.00132802124833997,0,0,0,0,0,0.00132802124833997,0,0,0,2,10,4,0,4,1,1,0,2,1,3,0.00265604249667995,0.0132802124833997,0.00531208499335989,0,0.00531208499335989,0.00132802124833997,0.00132802124833997,0,0.00265604249667995,0.00132802124833997,0.00398406374501992,753,609,751,5.80573947193341,0,0.00265604249667995,753,1,0,1
"2013-09-01","Benin",1,1,31,4,14,0,0,5,8,42,0,2,2,5,4,6,0,2,2,1,0,0,0,0,0,0,0,0,0,0.00118343195266272,0.00118343195266272,0.0366863905325444,0.00473372781065089,0.0165680473372781,0,0,0.00591715976331361,0.00946745562130178,0.0497041420118343,0,0.00236686390532544,0.00236686390532544,0.00591715976331361,0.00473372781065089,0.00710059171597633,0,0.00236686390532544,0.00236686390532544,0.00118343195266272,0,0,0,0,0,0,0,0,0,5,11,1,0,8,3,0,1,1,0,1,0.00591715976331361,0.0130177514792899,0.00118343195266272,0,0.00946745562130178,0.00355029585798817,0,0.00118343195266272,0.00118343195266272,0,0.00118343195266272,845,685,845,5.24832340023356,0,0,845,1,0,1
"2013-10-01","Benin",2,0,22,1,5,0,0,2,11,22,0,2,5,8,5,5,0,1,0,2,0,0,0,0,0,1,0,0,0,0.00249376558603491,0,0.027431421446384,0.00124688279301746,0.00623441396508728,0,0,0.00249376558603491,0.013715710723192,0.027431421446384,0,0.00249376558603491,0.00623441396508728,0.00997506234413965,0.00623441396508728,0.00623441396508728,0,0.00124688279301746,0,0.00249376558603491,0,0,0,0,0,0.00124688279301746,0,0,0,4,10,1,0,3,10,2,0,1,0,2,0.00498753117206983,0.0124688279301746,0.00124688279301746,0,0.00374064837905237,0.0124688279301746,0.00249376558603491,0,0.00124688279301746,0,0.00249376558603491,802,680,801,5.76897335253523,0.00124688279301746,0,802,1,0,1
"2013-11-01","Benin",4,0,14,0,11,0,0,2,13,8,0,0,6,2,6,3,0,2,1,4,0,1,0,1,0,0,0,0,0,0.00574712643678161,0,0.0201149425287356,0,0.0158045977011494,0,0,0.0028735632183908,0.0186781609195402,0.0114942528735632,0,0,0.00862068965517241,0.0028735632183908,0.00862068965517241,0.00431034482758621,0,0.0028735632183908,0.0014367816091954,0.00574712643678161,0,0.0014367816091954,0,0.0014367816091954,0,0,0,0,0,3,15,1,0,2,8,0,0,0,0,1,0.00431034482758621,0.021551724137931,0.0014367816091954,0,0.0028735632183908,0.0114942528735632,0,0,0,0,0.0014367816091954,696,593,694,6.60726649179052,0.0014367816091954,0.0014367816091954,696,1,0,1
"2013-12-01","Benin",0,0,12,3,4,1,0,2,11,3,0,1,5,1,18,2,0,1,0,4,0,0,0,0,0,0,1,0,0,0,0,0.0193236714975845,0.00483091787439614,0.00644122383252818,0.00161030595813205,0,0.00322061191626409,0.0177133655394525,0.00483091787439614,0,0.00161030595813205,0.00805152979066022,0.00161030595813205,0.0289855072463768,0.00322061191626409,0,0.00161030595813205,0,0.00644122383252818,0,0,0,0,0,0,0.00161030595813205,0,0,3,6,4,0,9,7,0,0,1,0,1,0.00483091787439614,0.00966183574879227,0.00644122383252818,0,0.0144927536231884,0.0112721417069243,0,0,0.00161030595813205,0,0.00161030595813205,621,525,620,6.22439943344308,0,0.00161030595813205,621,1,0,1
"2014-01-01","Benin",0,0,22,1,10,0,0,0,6,5,0,0,4,0,33,4,0,2,1,4,0,0,0,0,0,0,0,0,0,0,0,0.034375,0.0015625,0.015625,0,0,0,0.009375,0.0078125,0,0,0.00625,0,0.0515625,0.00625,0,0.003125,0.0015625,0.00625,0,0,0,0,0,0,0,0,0,1,10,1,0,1,0,0,0,0,0,0,0.0015625,0.015625,0.0015625,0,0.0015625,0,0,0,0,0,0,640,537,640,5.14388516058416,0,0,640,1,0,1
"2014-02-01","Benin",0,1,9,1,18,0,1,6,8,11,0,1,4,2,18,3,0,3,2,2,0,1,0,0,0,0,0,0,0,0,0.00150829562594268,0.0135746606334842,0.00150829562594268,0.0271493212669683,0,0.00150829562594268,0.00904977375565611,0.0120663650075415,0.0165912518853695,0,0.00150829562594268,0.00603318250377074,0.00301659125188537,0.0271493212669683,0.00452488687782805,0,0.00452488687782805,0.00301659125188537,0.00301659125188537,0,0.00150829562594268,0,0,0,0,0,0,0,2,12,1,0,2,2,0,0,0,0,2,0.00301659125188537,0.0180995475113122,0.00150829562594268,0,0.00301659125188537,0.00301659125188537,0,0,0,0,0.00301659125188537,663,553,662,5.62622560567978,0,0.00150829562594268,663,1,0,1
"2014-03-01","Benin",1,0,10,1,8,0,1,2,7,2,0,3,1,0,34,3,0,1,0,3,0,0,0,0,0,0,0,0,0,0.00152671755725191,0,0.0152671755725191,0.00152671755725191,0.0122137404580153,0,0.00152671755725191,0.00305343511450382,0.0106870229007634,0.00305343511450382,0,0.00458015267175573,0.00152671755725191,0,0.0519083969465649,0.00458015267175573,0,0.00152671755725191,0,0.00458015267175573,0,0,0,0,0,0,0,0,0,3,10,2,0,4,7,0,0,0,1,2,0.00458015267175573,0.0152671755725191,0.00305343511450382,0,0.00610687022900763,0.0106870229007634,0,0,0,0.00152671755725191,0.00305343511450382,655,552,655,5.86105235458802,0,0,655,1,0,1
"2014-04-01","Benin",2,1,27,1,11,0,0,5,5,3,1,1,2,1,21,0,0,0,2,1,0,0,0,0,0,0,0,0,0,0.00312989045383412,0.00156494522691706,0.0422535211267606,0.00156494522691706,0.0172143974960876,0,0,0.00782472613458529,0.00782472613458529,0.00469483568075117,0.00156494522691706,0.00156494522691706,0.00312989045383412,0.00156494522691706,0.0328638497652582,0,0,0,0.00312989045383412,0.00156494522691706,0,0,0,0,0,0,0,0,0,5,6,3,0,10,2,3,0,0,0,2,0.00782472613458529,0.00938967136150235,0.00469483568075117,0,0.0156494522691706,0.00312989045383412,0.00469483568075117,0,0,0,0.00312989045383412,639,528,639,5.65380355959533,0,0,639,1,0,1
"2014-05-01","Benin",2,0,17,0,10,0,0,0,20,7,0,1,3,1,13,4,0,6,2,1,0,0,0,0,0,0,0,0,0,0.00302571860816944,0,0.0257186081694402,0,0.0151285930408472,0,0,0,0.0302571860816944,0.010590015128593,0,0.00151285930408472,0.00453857791225416,0.00151285930408472,0.0196671709531014,0.00605143721633888,0,0.00907715582450832,0.00302571860816944,0.00151285930408472,0,0,0,0,0,0,0,0,0,5,9,2,0,9,6,0,0,0,4,1,0.0075642965204236,0.0136157337367625,0.00302571860816944,0,0.0136157337367625,0.00907715582450832,0,0,0,0.00605143721633888,0.00151285930408472,661,541,661,6.22926721470125,0,0,661,1,0,1
"2014-06-01","Benin",1,2,12,3,6,1,1,1,7,10,0,1,4,0,5,1,0,1,1,2,0,0,0,0,0,0,0,0,0,0.00174825174825175,0.0034965034965035,0.020979020979021,0.00524475524475524,0.0104895104895105,0.00174825174825175,0.00174825174825175,0.00174825174825175,0.0122377622377622,0.0174825174825175,0,0.00174825174825175,0.00699300699300699,0,0.00874125874125874,0.00174825174825175,0,0.00174825174825175,0.00174825174825175,0.0034965034965035,0,0,0,0,0,0,0,0,0,1,6,5,0,8,8,1,0,1,2,2,0.00174825174825175,0.0104895104895105,0.00874125874125874,0,0.013986013986014,0.013986013986014,0.00174825174825175,0,0.00174825174825175,0.0034965034965035,0.0034965034965035,572,488,572,6.39073233523395,0,0,572,1,0,1
"2014-07-01","Benin",1,0,13,5,3,1,0,6,5,17,0,0,3,3,17,3,0,1,2,3,0,0,0,0,0,1,0,0,0,0.00146627565982405,0,0.0190615835777126,0.00733137829912024,0.00439882697947214,0.00146627565982405,0,0.00879765395894428,0.00733137829912024,0.0249266862170088,0,0,0.00439882697947214,0.00439882697947214,0.0249266862170088,0.00439882697947214,0,0.00146627565982405,0.00293255131964809,0.00439882697947214,0,0,0,0,0,0.00146627565982405,0,0,0,10,19,1,0,12,2,1,0,0,0,0,0.0146627565982405,0.0278592375366569,0.00146627565982405,0,0.0175953079178886,0.00293255131964809,0.00146627565982405,0,0,0,0,682,558,681,5.46888792437175,0,0.00146627565982405,682,1,0,1
"2014-08-01","Benin",0,0,11,3,14,0,0,11,4,5,0,2,0,1,7,15,0,1,1,3,0,0,0,0,0,2,0,0,0,0,0,0.0159420289855072,0.00434782608695652,0.0202898550724638,0,0,0.0159420289855072,0.00579710144927536,0.0072463768115942,0,0.00289855072463768,0,0.00144927536231884,0.0101449275362319,0.0217391304347826,0,0.00144927536231884,0.00144927536231884,0.00434782608695652,0,0,0,0,0,0.00289855072463768,0,0,0,2,5,1,0,4,4,3,1,0,3,2,0.00289855072463768,0.0072463768115942,0.00144927536231884,0,0.00579710144927536,0.00579710144927536,0.00434782608695652,0.00144927536231884,0,0.00434782608695652,0.00289855072463768,690,588,688,5.38160527508201,0,0.00289855072463768,690,1,0,1
"2014-09-01","Benin",2,0,31,3,18,1,0,9,2,3,0,0,3,1,8,0,0,1,2,4,0,0,0,0,0,0,0,0,0,0.00307219662058372,0,0.0476190476190476,0.00460829493087558,0.0276497695852535,0.00153609831029186,0,0.0138248847926267,0.00307219662058372,0.00460829493087558,0,0,0.00460829493087558,0.00153609831029186,0.0122887864823349,0,0,0.00153609831029186,0.00307219662058372,0.00614439324116743,0,0,0,0,0,0,0,0,0,3,14,0,0,2,4,0,0,0,0,3,0.00460829493087558,0.021505376344086,0,0,0.00307219662058372,0.00614439324116743,0,0,0,0,0.00460829493087558,651,538,651,6.06063037667709,0,0,651,1,0,1
"2014-10-01","Benin",1,0,31,13,15,0,0,8,7,8,0,3,4,3,19,3,0,0,0,3,0,0,0,0,0,0,0,0,0,0.00139664804469274,0,0.0432960893854749,0.0181564245810056,0.0209497206703911,0,0,0.0111731843575419,0.00977653631284916,0.0111731843575419,0,0.00418994413407821,0.00558659217877095,0.00418994413407821,0.026536312849162,0.00418994413407821,0,0,0,0.00418994413407821,0,0,0,0,0,0,0,0,0,2,12,1,0,6,2,0,1,1,7,6,0.00279329608938547,0.0167597765363128,0.00139664804469274,0,0.00837988826815642,0.00279329608938547,0,0.00139664804469274,0.00139664804469274,0.00977653631284916,0.00837988826815642,716,560,716,5.94385859497758,0,0,716,1,0,1
"2014-11-01","Benin",5,1,20,2,6,0,0,14,12,7,0,2,3,5,10,3,0,3,2,1,0,0,0,0,0,0,0,0,0,0.00715307582260372,0.00143061516452074,0.0286123032904149,0.00286123032904149,0.00858369098712446,0,0,0.0200286123032904,0.0171673819742489,0.0100143061516452,0,0.00286123032904149,0.00429184549356223,0.00715307582260372,0.0143061516452074,0.00429184549356223,0,0.00429184549356223,0.00286123032904149,0.00143061516452074,0,0,0,0,0,0,0,0,0,5,14,2,0,3,1,1,0,1,1,2,0.00715307582260372,0.0200286123032904,0.00286123032904149,0,0.00429184549356223,0.00143061516452074,0.00143061516452074,0,0.00143061516452074,0.00143061516452074,0.00286123032904149,699,575,699,6.35440343867758,0,0.00143061516452074,699,1,0,1
"2014-12-01","Benin",1,0,35,5,23,0,0,4,11,7,0,1,3,1,38,2,0,3,1,2,1,0,0,0,0,0,0,0,0,0.00141442715700141,0,0.0495049504950495,0.00707213578500707,0.0325318246110325,0,0,0.00565770862800566,0.0155586987270156,0.0099009900990099,0,0.00141442715700141,0.00424328147100424,0.00141442715700141,0.0537482319660538,0.00282885431400283,0,0.00424328147100424,0.00141442715700141,0.00282885431400283,0.00141442715700141,0,0,0,0,0,0,0,0,2,9,0,0,3,3,1,0,0,2,1,0.00282885431400283,0.0127298444130127,0,0,0.00424328147100424,0.00424328147100424,0.00141442715700141,0,0,0.00282885431400283,0.00141442715700141,707,551,706,5.2540429179644,0,0.00141442715700141,707,1,0,1
"2015-01-01","Benin",2,0,40,4,8,0,0,3,9,9,0,4,1,6,11,6,0,1,2,0,0,0,0,0,0,1,0,0,0,0.0029585798816568,0,0.0591715976331361,0.00591715976331361,0.0118343195266272,0,0,0.00443786982248521,0.0133136094674556,0.0133136094674556,0,0.00591715976331361,0.0014792899408284,0.00887573964497041,0.0162721893491124,0.00887573964497041,0,0.0014792899408284,0.0029585798816568,0,0,0,0,0,0,0.0014792899408284,0,0,0,1,12,3,0,5,5,2,0,1,0,2,0.0014792899408284,0.0177514792899408,0.00443786982248521,0,0.00739644970414201,0.00739644970414201,0.0029585798816568,0,0.0014792899408284,0,0.0029585798816568,676,542,672,6.09387887164447,0,0.00591715976331361,676,1,0,1
"2015-02-01","Benin",3,0,119,4,16,1,0,5,19,16,0,9,9,5,12,12,0,2,12,12,0,0,0,0,0,5,0,0,0,0.0025706940874036,0,0.101970865467009,0.00342759211653813,0.0137103684661525,0.000856898029134533,0,0.00428449014567267,0.0162810625535561,0.0137103684661525,0,0.0077120822622108,0.0077120822622108,0.00428449014567267,0.0102827763496144,0.0102827763496144,0,0.00171379605826907,0.0102827763496144,0.0102827763496144,0,0,0,0,0,0.00428449014567267,0,0,0,9,14,4,0,14,7,0,0,2,5,7,0.0077120822622108,0.0119965724078835,0.00342759211653813,0,0.0119965724078835,0.00599828620394173,0,0,0.00171379605826907,0.00428449014567267,0.00599828620394173,1167,860,1161,8.46783879629328,0,0.0051413881748072,1167,1,0,1
"2015-03-01","Benin",4,0,119,11,11,0,1,9,27,38,0,2,14,4,11,6,0,3,1,5,0,0,0,0,0,1,0,0,0,0.00338983050847458,0,0.100847457627119,0.00932203389830509,0.00932203389830509,0,0.000847457627118644,0.0076271186440678,0.0228813559322034,0.0322033898305085,0,0.00169491525423729,0.011864406779661,0.00338983050847458,0.00932203389830509,0.00508474576271186,0,0.00254237288135593,0.000847457627118644,0.00423728813559322,0,0,0,0,0,0.000847457627118644,0,0,0,13,12,3,0,17,5,1,0,1,10,2,0.0110169491525424,0.0101694915254237,0.00254237288135593,0,0.0144067796610169,0.00423728813559322,0.000847457627118644,0,0.000847457627118644,0.00847457627118644,0.00169491525423729,1180,863,1179,6.72820491849613,0,0.000847457627118644,1180,1,0,1
"2015-04-01","Benin",8,0,299,50,10,3,0,12,12,19,0,1,4,7,19,4,0,2,5,10,0,0,0,2,0,1,0,0,0,0.00564971751412429,0,0.211158192090395,0.0353107344632768,0.00706214689265537,0.00211864406779661,0,0.00847457627118644,0.00847457627118644,0.0134180790960452,0,0.000706214689265537,0.00282485875706215,0.00494350282485876,0.0134180790960452,0.00282485875706215,0,0.00141242937853107,0.00353107344632768,0.00706214689265537,0,0,0,0.00141242937853107,0,0.000706214689265537,0,0,0,14,13,10,1,16,9,0,1,0,7,6,0.00988700564971751,0.00918079096045198,0.00706214689265537,0.000706214689265537,0.0112994350282486,0.00635593220338983,0,0.000706214689265537,0,0.00494350282485876,0.00423728813559322,1416,884,1413,6.50410825059704,0,0.00211864406779661,1416,1,0,1
"2015-05-01","Benin",8,1,107,26,13,0,0,2,25,10,1,2,20,4,41,21,1,4,0,7,0,1,0,0,0,1,0,0,0,0.00589970501474926,0.000737463126843658,0.0789085545722714,0.0191740412979351,0.00958702064896755,0,0,0.00147492625368732,0.0184365781710914,0.00737463126843658,0.000737463126843658,0.00147492625368732,0.0147492625368732,0.00294985250737463,0.03023598820059,0.0154867256637168,0.000737463126843658,0.00294985250737463,0,0.0051622418879056,0,0.000737463126843658,0,0,0,0.000737463126843658,0,0,0,6,13,7,0,7,2,3,0,4,3,3,0.00442477876106195,0.00958702064896755,0.0051622418879056,0,0.0051622418879056,0.00147492625368732,0.00221238938053097,0,0.00294985250737463,0.00221238938053097,0.00221238938053097,1356,1030,1354,6.4411074489416,0,0.00147492625368732,1356,1,0,1
"2015-06-01","Benin",1,0,182,9,15,1,0,13,21,10,1,3,14,2,13,26,0,2,0,6,0,0,0,1,0,1,0,0,0,0.000681198910081744,0,0.123978201634877,0.0061307901907357,0.0102179836512262,0.000681198910081744,0,0.00885558583106267,0.0143051771117166,0.00681198910081744,0.000681198910081744,0.00204359673024523,0.00953678474114441,0.00136239782016349,0.00885558583106267,0.0177111716621253,0,0.00136239782016349,0,0.00408719346049046,0,0,0,0.000681198910081744,0,0.000681198910081744,0,0,0,12,14,13,0,8,5,2,0,1,7,2,0.00817438692098093,0.00953678474114441,0.00885558583106267,0,0.00544959128065395,0.00340599455040872,0.00136239782016349,0,0.000681198910081744,0.00476839237057221,0.00136239782016349,1468,1102,1466,6.07103898799739,0,0.00204359673024523,1468,1,0,1
"2015-07-01","Benin",7,1,126,10,18,0,0,4,41,6,0,1,14,2,17,1,0,0,1,8,0,0,0,0,0,0,0,0,0,0.00461133069828722,0.000658761528326746,0.08300395256917,0.00658761528326746,0.0118577075098814,0,0,0.00263504611330698,0.0270092226613966,0.00395256916996047,0,0.000658761528326746,0.00922266139657444,0.00131752305665349,0.0111989459815547,0.000658761528326746,0,0,0.000658761528326746,0.00527009222661397,0,0,0,0,0,0,0,0,0,14,24,11,0,25,6,1,0,0,2,2,0.00922266139657444,0.0158102766798419,0.0072463768115942,0,0.0164690382081686,0.00395256916996047,0.000658761528326746,0,0,0.00131752305665349,0.00131752305665349,1518,1190,1518,7.08621993988125,0,0,1518,1,0,1
"2015-08-01","Benin",9,0,75,6,5,0,0,9,22,25,0,9,26,2,8,21,0,2,3,4,0,0,0,0,0,1,0,0,0,0.00639658848614072,0,0.0533049040511727,0.00426439232409382,0.00355366027007818,0,0,0.00639658848614072,0.015636105188344,0.0177683013503909,0,0.00639658848614072,0.0184790334044065,0.00142146410803127,0.00568585643212509,0.0149253731343284,0,0.00142146410803127,0.00213219616204691,0.00284292821606254,0,0,0,0,0,0.000710732054015636,0,0,0,7,13,6,0,21,10,5,0,0,0,2,0.00497512437810945,0.00923951670220327,0.00426439232409382,0,0.0149253731343284,0.00710732054015636,0.00355366027007818,0,0,0,0.00142146410803127,1407,1141,1406,7.64098737433676,0,0.000710732054015636,1407,1,0,1
"2015-09-01","Benin",1,1,134,2,22,14,0,5,10,7,0,1,9,4,18,5,0,2,2,3,0,0,0,0,0,1,0,0,0,0.000743494423791822,0.000743494423791822,0.0996282527881041,0.00148698884758364,0.0163568773234201,0.0104089219330855,0,0.00371747211895911,0.00743494423791822,0.00520446096654275,0,0.000743494423791822,0.00669144981412639,0.00297397769516729,0.0133828996282528,0.00371747211895911,0,0.00148698884758364,0.00148698884758364,0.00223048327137546,0,0,0,0,0,0.000743494423791822,0,0,0,3,18,1,0,4,5,1,0,4,3,2,0.00223048327137546,0.0133828996282528,0.000743494423791822,0,0.00297397769516729,0.00371747211895911,0.000743494423791822,0,0.00297397769516729,0.00223048327137546,0.00148698884758364,1345,1069,1344,6.43804106538051,0,0.00223048327137546,1345,1,0,1
"2015-10-01","Benin",2,1,116,3,13,2,0,9,5,8,0,3,6,3,22,3,1,1,9,1,0,0,0,0,0,2,0,0,0,0.00141242937853107,0.000706214689265537,0.0819209039548023,0.00211864406779661,0.00918079096045198,0.00141242937853107,0,0.00635593220338983,0.00353107344632768,0.00564971751412429,0,0.00211864406779661,0.00423728813559322,0.00211864406779661,0.0155367231638418,0.00211864406779661,0.000706214689265537,0.000706214689265537,0.00635593220338983,0.000706214689265537,0,0,0,0,0,0.00141242937853107,0,0,0,11,37,2,1,4,18,0,0,1,2,3,0.0077683615819209,0.0261299435028249,0.00141242937853107,0.000706214689265537,0.00282485875706215,0.0127118644067797,0,0,0.000706214689265537,0.00141242937853107,0.00211864406779661,1416,1133,1414,5.9888089506485,0.000706214689265537,0.000706214689265537,1416,1,0,1
"2015-11-01","Benin",1,5,117,2,10,2,1,22,23,9,0,1,6,3,31,4,0,1,2,6,0,0,0,0,0,1,0,0,0,0.000778816199376947,0.00389408099688474,0.0911214953271028,0.00155763239875389,0.00778816199376947,0.00155763239875389,0.000778816199376947,0.0171339563862928,0.0179127725856698,0.00700934579439252,0,0.000778816199376947,0.00467289719626168,0.00233644859813084,0.0241433021806854,0.00311526479750779,0,0.000778816199376947,0.00155763239875389,0.00467289719626168,0,0,0,0,0,0.000778816199376947,0,0,0,12,16,7,0,27,16,3,0,0,1,4,0.00934579439252336,0.0124610591900312,0.00545171339563863,0,0.0210280373831776,0.0124610591900312,0.00233644859813084,0,0,0.000778816199376947,0.00311526479750779,1284,960,1283,6.03913495458179,0.000778816199376947,0,1284,1,0,1
"2015-12-01","Benin",0,0,120,4,11,5,0,13,19,4,0,1,10,8,6,3,0,1,5,3,0,0,0,1,1,0,0,0,0,0,0,0.100925147182506,0.00336417157275021,0.00925147182506308,0.00420521446593776,0,0.0109335576114382,0.0159798149705635,0.00336417157275021,0,0.000841042893187553,0.00841042893187553,0.00672834314550042,0.00504625735912532,0.00252312867956266,0,0.000841042893187553,0.00420521446593776,0.00252312867956266,0,0,0,0.000841042893187553,0.000841042893187553,0,0,0,0,1,10,0,0,13,12,2,0,0,1,1,0.000841042893187553,0.00841042893187553,0,0,0.0109335576114382,0.0100925147182506,0.00168208578637511,0,0,0.000841042893187553,0.000841042893187553,1189,941,1187,6.6333236591297,0,0.00168208578637511,1189,1,0,1
"2016-01-01","Benin",5,0,215,16,18,1,0,14,14,4,0,0,3,6,15,3,0,6,5,4,0,0,0,0,0,2,0,0,0,0.00364963503649635,0,0.156934306569343,0.0116788321167883,0.0131386861313869,0.00072992700729927,0,0.0102189781021898,0.0102189781021898,0.00291970802919708,0,0,0.00218978102189781,0.00437956204379562,0.0109489051094891,0.00218978102189781,0,0.00437956204379562,0.00364963503649635,0.00291970802919708,0,0,0,0,0,0.00145985401459854,0,0,0,5,9,1,0,11,2,0,0,2,1,4,0.00364963503649635,0.00656934306569343,0.00072992700729927,0,0.00802919708029197,0.00145985401459854,0,0,0.00145985401459854,0.00072992700729927,0.00291970802919708,1370,1007,1368,5.79591229884959,0,0.00145985401459854,1370,1,0,1
"2016-02-01","Benin",3,2,293,68,12,0,0,23,11,6,1,0,11,12,9,9,0,5,1,3,0,0,0,0,1,1,0,0,0,0.00191570881226054,0.00127713920817369,0.187100893997446,0.0434227330779055,0.00766283524904215,0,0,0.0146871008939974,0.0070242656449553,0.00383141762452107,0.000638569604086846,0,0.0070242656449553,0.00766283524904215,0.00574712643678161,0.00574712643678161,0,0.00319284802043423,0.000638569604086846,0.00191570881226054,0,0,0,0,0.000638569604086846,0.000638569604086846,0,0,0,3,11,3,0,4,4,0,0,0,2,1,0.00191570881226054,0.0070242656449553,0.00191570881226054,0,0.00255427841634738,0.00255427841634738,0,0,0,0.00127713920817369,0.000638569604086846,1566,1071,1564,5.22577992940839,0,0.00127713920817369,1566,1,0,1
"2016-03-01","Benin",1,1,427,21,3,3,0,5,10,15,1,4,11,6,7,12,1,0,6,8,0,0,0,0,0,0,0,0,0,0.000634517766497462,0.000634517766497462,0.270939086294416,0.0133248730964467,0.00190355329949239,0.00190355329949239,0,0.00317258883248731,0.00634517766497462,0.00951776649746193,0.000634517766497462,0.00253807106598985,0.00697969543147208,0.00380710659898477,0.00444162436548223,0.00761421319796954,0.000634517766497462,0,0.00380710659898477,0.0050761421319797,0,0,0,0,0,0,0,0,0,4,14,0,0,3,4,1,1,1,1,2,0.00253807106598985,0.00888324873096447,0,0,0.00190355329949239,0.00253807106598985,0.000634517766497462,0.000634517766497462,0.000634517766497462,0.000634517766497462,0.00126903553299492,1576,1008,1576,6.42821277831013,0,0,1576,1,0,1
"2016-04-01","Benin",1,0,28,4,16,0,0,7,8,18,0,1,14,2,11,2,0,4,1,2,0,0,0,0,0,0,0,0,0,0.000870322019147084,0,0.0243690165361184,0.00348128807658834,0.0139251523063534,0,0,0.00609225413402959,0.00696257615317668,0.0156657963446475,0,0.000870322019147084,0.0121845082680592,0.00174064403829417,0.00957354221061793,0.00174064403829417,0,0.00348128807658834,0.000870322019147084,0.00174064403829417,0,0,0,0,0,0,0,0,0,5,13,12,0,7,5,3,0,1,4,3,0.00435161009573542,0.0113141862489121,0.010443864229765,0,0.00609225413402959,0.00435161009573542,0.00261096605744125,0,0.000870322019147084,0.00348128807658834,0.00261096605744125,1149,989,1149,5.58501701733653,0,0.000870322019147084,1149,1,0,1
"2016-05-01","Benin",5,0,30,3,12,1,0,9,11,22,0,3,7,1,10,16,1,2,7,3,0,0,0,0,0,0,0,0,0,0.00413907284768212,0,0.0248344370860927,0.00248344370860927,0.00993377483443709,0.000827814569536424,0,0.00745033112582781,0.00910596026490066,0.0182119205298013,0,0.00248344370860927,0.00579470198675497,0.000827814569536424,0.00827814569536424,0.0132450331125828,0.000827814569536424,0.00165562913907285,0.00579470198675497,0.00248344370860927,0,0,0,0,0,0,0,0,0,6,16,5,0,8,16,8,0,1,6,6,0.00496688741721854,0.0132450331125828,0.00413907284768212,0,0.00662251655629139,0.0132450331125828,0.00662251655629139,0,0.000827814569536424,0.00496688741721854,0.00496688741721854,1208,1001,1208,6.47594362895811,0,0,1208,1,0,1
"2016-06-01","Benin",0,0,27,2,11,5,0,8,11,30,0,2,6,1,15,15,2,3,0,2,0,0,0,0,0,1,0,0,0,0,0,0.0231958762886598,0.00171821305841924,0.00945017182130584,0.00429553264604811,0,0.00687285223367698,0.00945017182130584,0.0257731958762887,0,0.00171821305841924,0.00515463917525773,0.000859106529209622,0.0128865979381443,0.0128865979381443,0.00171821305841924,0.00257731958762887,0,0.00171821305841924,0,0,0,0,0,0.000859106529209622,0,0,0,12,14,6,0,6,33,2,0,1,0,3,0.0103092783505155,0.0120274914089347,0.00515463917525773,0,0.00515463917525773,0.0283505154639175,0.00171821305841924,0,0.000859106529209622,0,0.00257731958762887,1164,958,1163,5.55747310305176,0,0.000859106529209622,1164,1,0,1
"2016-07-01","Benin",2,2,13,2,8,0,1,0,15,18,0,1,17,3,16,15,0,2,7,1,0,0,0,1,0,2,0,0,0,0.00165152766308836,0.00165152766308836,0.0107349298100743,0.00165152766308836,0.00660611065235343,0,0.000825763831544178,0,0.0123864574731627,0.0148637489677952,0,0.000825763831544178,0.014037985136251,0.00247729149463253,0.0132122213047069,0.0123864574731627,0,0.00165152766308836,0.00578034682080925,0.000825763831544178,0,0,0,0.000825763831544178,0,0.00165152766308836,0,0,0,13,4,12,0,12,16,0,0,1,2,4,0.0107349298100743,0.00330305532617671,0.00990916597853014,0,0.00990916597853014,0.0132122213047069,0,0,0.000825763831544178,0.00165152766308836,0.00330305532617671,1211,1031,1208,6.24727947574925,0,0.00247729149463253,1211,1,0,1
"2016-08-01","Benin",0,1,21,8,13,1,0,17,5,14,2,1,7,1,21,18,0,3,1,2,0,0,0,0,0,3,0,0,0,0,0.000745712155108128,0.0156599552572707,0.00596569724086503,0.00969425801640567,0.000745712155108128,0,0.0126771066368382,0.00372856077554064,0.0104399701715138,0.00149142431021626,0.000745712155108128,0.0052199850857569,0.000745712155108128,0.0156599552572707,0.0134228187919463,0,0.00223713646532438,0.000745712155108128,0.00149142431021626,0,0,0,0,0,0.00223713646532438,0,0,0,3,14,3,0,4,19,1,0,1,1,6,0.00223713646532438,0.0104399701715138,0.00223713646532438,0,0.00298284862043251,0.0141685309470544,0.000745712155108128,0,0.000745712155108128,0.000745712155108128,0.00447427293064877,1341,1156,1337,4.96606017703946,0,0.00298284862043251,1341,1,0,1
"2016-09-01","Benin",4,0,36,1,8,0,0,35,8,13,1,2,9,0,5,30,1,3,4,3,1,0,1,3,0,0,0,0,0,0.00335852225020991,0,0.0302267002518892,0.000839630562552477,0.00671704450041982,0,0,0.0293870696893367,0.00671704450041982,0.0109151973131822,0.000839630562552477,0.00167926112510495,0.00755667506297229,0,0.00419815281276238,0.0251889168765743,0.000839630562552477,0.00251889168765743,0.00335852225020991,0.00251889168765743,0.000839630562552477,0,0.000839630562552477,0.00251889168765743,0,0,0,0,0,4,13,1,0,8,18,4,1,2,3,2,0.00335852225020991,0.0109151973131822,0.000839630562552477,0,0.00671704450041982,0.0151133501259446,0.00335852225020991,0.000839630562552477,0.00167926112510495,0.00251889168765743,0.00167926112510495,1191,974,1186,5.89224951160354,0,0.00503778337531486,1191,1,0,1
"2016-10-01","Benin",10,4,27,1,14,0,0,21,10,32,0,2,18,9,11,8,2,4,4,4,0,0,0,1,0,2,0,0,0,0.00757575757575758,0.00303030303030303,0.0204545454545455,0.000757575757575758,0.0106060606060606,0,0,0.0159090909090909,0.00757575757575758,0.0242424242424242,0,0.00151515151515152,0.0136363636363636,0.00681818181818182,0.00833333333333333,0.00606060606060606,0.00151515151515152,0.00303030303030303,0.00303030303030303,0.00303030303030303,0,0,0,0.000757575757575758,0,0.00151515151515152,0,0,0,28,16,4,0,13,39,2,1,2,2,4,0.0212121212121212,0.0121212121212121,0.00303030303030303,0,0.00984848484848485,0.0295454545454545,0.00151515151515152,0.000757575757575758,0.00151515151515152,0.00151515151515152,0.00303030303030303,1320,1036,1317,6.31159537427717,0,0.00227272727272727,1320,1,0,1
"2016-11-01","Benin",2,3,26,2,18,1,0,3,17,10,0,0,8,3,21,5,0,0,1,5,0,0,0,0,0,4,0,0,0,0.00169779286926995,0.00254668930390492,0.0220713073005093,0.00169779286926995,0.0152801358234295,0.000848896434634975,0,0.00254668930390492,0.0144312393887946,0.00848896434634975,0,0,0.0067911714770798,0.00254668930390492,0.0178268251273345,0.00424448217317487,0,0,0.000848896434634975,0.00424448217317487,0,0,0,0,0,0.0033955857385399,0,0,0,22,19,7,0,38,22,0,0,1,1,3,0.0186757215619694,0.0161290322580645,0.00594227504244482,0,0.032258064516129,0.0186757215619694,0,0,0.000848896434634975,0.000848896434634975,0.00254668930390492,1178,952,1174,5.83478097624178,0.000848896434634975,0.0033955857385399,1178,1,0,1
"2016-12-01","Benin",2,5,24,2,7,2,0,4,11,13,0,1,9,4,11,5,0,0,0,2,0,0,0,0,0,0,0,0,0,0.0017905102954342,0.0044762757385855,0.0214861235452104,0.0017905102954342,0.0062667860340197,0.0017905102954342,0,0.0035810205908684,0.00984780662488809,0.0116383169203223,0,0.000895255147717099,0.00805729632945389,0.0035810205908684,0.00984780662488809,0.0044762757385855,0,0,0,0.0017905102954342,0,0,0,0,0,0,0,0,0,2,11,3,0,21,29,1,0,0,0,4,0.0017905102954342,0.00984780662488809,0.0026857654431513,0,0.0188003581020591,0.0259623992837959,0.000895255147717099,0,0,0,0.0035810205908684,1117,950,1117,5.60670547605408,0,0.000895255147717099,1117,1,0,1
"2017-01-01","Benin",5,12,16,1,9,0,0,16,9,15,1,3,6,6,41,7,0,3,8,4,1,0,0,0,0,1,0,0,0,0.0044404973357016,0.0106571936056838,0.0142095914742451,0.00088809946714032,0.00799289520426288,0,0,0.0142095914742451,0.00799289520426288,0.0133214920071048,0.00088809946714032,0.00266429840142096,0.00532859680284192,0.00532859680284192,0.0364120781527531,0.00621669626998224,0,0.00266429840142096,0.00710479573712256,0.00355239786856128,0.00088809946714032,0,0,0,0,0.00088809946714032,0,0,0,8,13,6,0,18,19,2,0,2,2,3,0.00710479573712256,0.0115452930728242,0.00532859680284192,0,0.0159857904085258,0.0168738898756661,0.00177619893428064,0,0.00177619893428064,0.00177619893428064,0.00266429840142096,1126,897,1124,5.67061888323022,0.00088809946714032,0.00088809946714032,1126,1,0,1
"2017-02-01","Benin",5,0,12,2,16,4,0,11,13,43,0,0,10,5,16,5,0,1,0,3,0,0,0,0,0,2,0,0,0,0.00435540069686411,0,0.0104529616724739,0.00174216027874564,0.0139372822299652,0.00348432055749129,0,0.00958188153310104,0.0113240418118467,0.0374564459930314,0,0,0.00871080139372822,0.00435540069686411,0.0139372822299652,0.00435540069686411,0,0.000871080139372822,0,0.00261324041811847,0,0,0,0,0,0.00174216027874564,0,0,0,11,18,2,0,21,28,0,0,3,2,3,0.00958188153310104,0.0156794425087108,0.00174216027874564,0,0.0182926829268293,0.024390243902439,0,0,0.00261324041811847,0.00174216027874564,0.00261324041811847,1148,919,1146,5.92479985599242,0,0.00174216027874564,1148,1,0,1
"2017-03-01","Benin",0,0,15,5,19,2,2,12,18,201,1,0,5,5,24,30,0,1,1,2,1,0,0,1,0,0,0,0,0,0,0,0.0105115627189909,0.00350385423966363,0.0133146461107218,0.00140154169586545,0.00140154169586545,0.00840925017519271,0.0126138752627891,0.140854940434478,0.000700770847932726,0,0.00350385423966363,0.00350385423966363,0.0168185003503854,0.0210231254379818,0,0.000700770847932726,0.000700770847932726,0.00140154169586545,0.000700770847932726,0,0,0.000700770847932726,0,0,0,0,0,4,14,1,0,11,41,1,0,1,1,1,0.0028030833917309,0.00981079187105816,0.000700770847932726,0,0.00770847932725999,0.0287316047652418,0.000700770847932726,0,0.000700770847932726,0.000700770847932726,0.000700770847932726,1427,1017,1425,4.36635315684053,0,0.00140154169586545,1427,1,0,1
"2017-04-01","Benin",0,0,19,2,13,1,0,14,7,131,0,1,6,7,26,12,0,0,0,4,0,0,0,1,0,3,0,0,0,0,0,0.0147515527950311,0.0015527950310559,0.0100931677018634,0.00077639751552795,0,0.0108695652173913,0.00543478260869565,0.101708074534161,0,0.00077639751552795,0.0046583850931677,0.00543478260869565,0.0201863354037267,0.0093167701863354,0,0,0,0.0031055900621118,0,0,0,0.00077639751552795,0,0.00232919254658385,0,0,0,10,13,3,2,14,16,0,0,3,0,2,0.0077639751552795,0.0100931677018634,0.00232919254658385,0.0015527950310559,0.0108695652173913,0.0124223602484472,0,0,0.00232919254658385,0,0.0015527950310559,1288,988,1284,4.42824397765164,0,0.0031055900621118,1288,1,0,1
"2017-05-01","Benin",2,3,28,2,22,0,0,7,8,15,0,1,7,2,21,12,0,0,1,1,0,0,1,0,0,0,0,0,0,0.00153727901614143,0.00230591852421214,0.02152190622598,0.00153727901614143,0.0169100691775557,0,0,0.005380476556495,0.00614911606456572,0.0115295926210607,0,0.000768639508070715,0.005380476556495,0.00153727901614143,0.016141429669485,0.00922367409684858,0,0,0.000768639508070715,0.000768639508070715,0,0,0.000768639508070715,0,0,0,0,0,0,1,22,5,0,13,20,3,0,2,5,1,0.000768639508070715,0.0169100691775557,0.00384319754035357,0,0.00999231360491929,0.0153727901614143,0.00230591852421214,0,0.00153727901614143,0.00384319754035357,0.000768639508070715,1301,1103,1300,5.12643808641135,0,0.000768639508070715,1301,1,0,1
"2017-06-01","Benin",0,2,30,2,13,1,0,27,19,14,1,2,10,6,33,8,0,2,1,4,0,0,0,0,0,4,0,0,0,0,0.00154679040989946,0.0232018561484919,0.00154679040989946,0.0100541376643465,0.000773395204949729,0,0.0208816705336427,0.0146945088940449,0.0108275328692962,0.000773395204949729,0.00154679040989946,0.00773395204949729,0.00464037122969838,0.0255220417633411,0.00618716163959783,0,0.00154679040989946,0.000773395204949729,0.00309358081979892,0,0,0,0,0,0.00309358081979892,0,0,0,5,22,6,0,16,9,1,0,1,0,2,0.00386697602474865,0.017014694508894,0.00464037122969838,0,0.0123743232791957,0.00696055684454756,0.000773395204949729,0,0.000773395204949729,0,0.00154679040989946,1293,1066,1289,5.62462017913174,0,0.00309358081979892,1293,1,0,1
"2017-07-01","Benin",1,0,26,1,12,0,0,2,22,6,0,4,9,5,13,18,3,0,2,2,0,0,0,0,0,0,0,0,0,0.000843881856540084,0,0.0219409282700422,0.000843881856540084,0.010126582278481,0,0,0.00168776371308017,0.0185654008438819,0.00506329113924051,0,0.00337552742616034,0.00759493670886076,0.00421940928270042,0.0109704641350211,0.0151898734177215,0.00253164556962025,0,0.00168776371308017,0.00168776371308017,0,0,0,0,0,0,0,0,0,5,9,9,0,23,7,4,0,1,2,1,0.00421940928270042,0.00759493670886076,0.00759493670886076,0,0.0194092827004219,0.00590717299578059,0.00337552742616034,0,0.000843881856540084,0.00168776371308017,0.000843881856540084,1185,1009,1185,6.30068207097343,0,0.000843881856540084,1185,1,0,1
"2017-08-01","Benin",3,0,17,1,9,1,0,7,19,3,0,3,23,8,11,18,0,3,1,6,0,0,0,0,0,4,0,0,0,0.00248138957816377,0,0.0140612076095947,0.000827129859387924,0.00744416873449132,0.000827129859387924,0,0.00578990901571547,0.0157154673283706,0.00248138957816377,0,0.00248138957816377,0.0190239867659222,0.00661703887510339,0.00909842845326716,0.0148883374689826,0,0.00248138957816377,0.000827129859387924,0.00496277915632754,0,0,0,0,0,0.0033085194375517,0,0,0,10,14,4,0,21,13,4,1,2,1,3,0.00827129859387924,0.0115798180314309,0.0033085194375517,0,0.0173697270471464,0.010752688172043,0.0033085194375517,0.000827129859387924,0.00165425971877585,0.000827129859387924,0.00248138957816377,1209,1012,1205,6.77461096408937,0,0.0033085194375517,1209,1,0,1
"2017-09-01","Benin",2,0,21,4,8,0,0,28,10,6,0,4,12,9,13,7,1,1,1,3,0,0,0,0,0,2,0,0,0,0.0016597510373444,0,0.0174273858921162,0.0033195020746888,0.00663900414937759,0,0,0.0232365145228216,0.00829875518672199,0.00497925311203319,0,0.0033195020746888,0.00995850622406639,0.00746887966804979,0.0107883817427386,0.00580912863070539,0.000829875518672199,0.000829875518672199,0.000829875518672199,0.0024896265560166,0,0,0,0,0,0.0016597510373444,0,0,0,14,11,4,0,11,24,5,2,1,3,0,0.0116182572614108,0.00912863070539419,0.0033195020746888,0,0.00912863070539419,0.0199170124481328,0.004149377593361,0.0016597510373444,0.000829875518672199,0.0024896265560166,0,1205,1008,1202,6.02488646910117,0,0.0024896265560166,1205,1,0,1
"2017-10-01","Benin",2,0,50,3,21,0,0,6,8,12,0,0,4,6,32,24,1,1,0,1,0,0,0,1,0,0,0,0,0,0.0015600624024961,0,0.0390015600624025,0.00234009360374415,0.016380655226209,0,0,0.0046801872074883,0.0062402496099844,0.0093603744149766,0,0,0.0031201248049922,0.0046801872074883,0.0249609984399376,0.0187207488299532,0.00078003120124805,0.00078003120124805,0,0.00078003120124805,0,0,0,0.00078003120124805,0,0,0,0,0,6,12,5,0,10,15,4,0,1,0,3,0.0046801872074883,0.0093603744149766,0.00390015600624025,0,0.0078003120124805,0.0117004680187207,0.0031201248049922,0,0.00078003120124805,0,0.00234009360374415,1282,1062,1281,4.61191484364813,0,0.00078003120124805,1282,1,0,1
"2017-11-01","Benin",9,1,23,0,18,0,0,5,22,12,0,2,16,4,33,18,1,1,0,2,0,0,0,0,0,0,0,0,0,0.00736497545008183,0.000818330605564648,0.0188216039279869,0,0.0147299509001637,0,0,0.00409165302782324,0.0180032733224223,0.00981996726677578,0,0.0016366612111293,0.0130932896890344,0.00327332242225859,0.0270049099836334,0.0147299509001637,0.000818330605564648,0.000818330605564648,0,0.0016366612111293,0,0,0,0,0,0,0,0,0,13,18,4,0,25,28,2,0,2,0,1,0.0106382978723404,0.0147299509001637,0.00327332242225859,0,0.0204582651391162,0.0229132569558101,0.0016366612111293,0,0.0016366612111293,0,0.000818330605564648,1222,974,1222,6.34147624984373,0,0,1222,1,0,1
"2017-12-01","Benin",4,0,15,0,16,1,0,4,20,26,0,0,28,2,20,4,4,1,1,4,0,0,0,0,0,0,0,0,0,0.00349344978165939,0,0.0131004366812227,0,0.0139737991266376,0.000873362445414847,0,0.00349344978165939,0.0174672489082969,0.022707423580786,0,0,0.0244541484716157,0.00174672489082969,0.0174672489082969,0.00349344978165939,0.00349344978165939,0.000873362445414847,0.000873362445414847,0.00349344978165939,0,0,0,0,0,0,0,0,0,13,9,3,0,14,17,5,5,0,4,1,0.011353711790393,0.00786026200873362,0.00262008733624454,0,0.0122270742358079,0.0148471615720524,0.00436681222707424,0.00436681222707424,0,0.00349344978165939,0.000873362445414847,1145,939,1145,6.84574950451176,0,0.000873362445414847,1145,1,0,1
"2018-01-01","Benin",7,1,12,0,27,1,0,25,19,48,0,1,4,2,98,6,0,7,2,3,0,0,0,1,0,0,0,0,0,0.00556438791732909,0.000794912559618442,0.0095389507154213,0,0.0214626391096979,0.000794912559618442,0,0.019872813990461,0.0151033386327504,0.0381558028616852,0,0.000794912559618442,0.00317965023847377,0.00158982511923688,0.0779014308426073,0.00476947535771065,0,0.00556438791732909,0.00158982511923688,0.00238473767885533,0,0,0,0.000794912559618442,0,0,0,0,0,10,12,3,0,8,19,1,0,2,0,4,0.00794912559618442,0.0095389507154213,0.00238473767885533,0,0.00635930047694754,0.0151033386327504,0.000794912559618442,0,0.00158982511923688,0,0.00317965023847377,1258,939,1257,4.83995592906424,0,0.000794912559618442,1258,1,0,1
"2018-02-01","Benin",4,2,26,2,29,1,0,17,22,20,0,0,26,4,72,8,0,7,2,3,0,0,0,0,0,4,0,0,0,0.00304182509505703,0.00152091254752852,0.0197718631178707,0.00152091254752852,0.0220532319391635,0.000760456273764259,0,0.0129277566539924,0.0167300380228137,0.0152091254752852,0,0,0.0197718631178707,0.00304182509505703,0.0547528517110266,0.00608365019011407,0,0.00532319391634981,0.00152091254752852,0.00228136882129278,0,0,0,0,0,0.00304182509505703,0,0,0,7,28,5,0,29,14,7,0,1,6,2,0.00532319391634981,0.0212927756653992,0.00380228136882129,0,0.0220532319391635,0.0106463878326996,0.00532319391634981,0,0.000760456273764259,0.00456273764258555,0.00152091254752852,1315,988,1311,5.65717330006131,0,0.00304182509505703,1315,1,0,1
"2018-03-01","Benin",4,0,22,1,40,2,0,12,29,12,0,4,21,6,77,4,0,3,2,1,0,0,0,4,0,2,0,0,0,0.00255264837268666,0,0.0140395660497766,0.000638162093171666,0.0255264837268666,0.00127632418634333,0,0.00765794511805999,0.0185067007019783,0.00765794511805999,0,0.00255264837268666,0.013401403956605,0.00382897255902999,0.0491384811742182,0.00255264837268666,0,0.001914486279515,0.00127632418634333,0.000638162093171666,0,0,0,0.00255264837268666,0,0.00127632418634333,0,0,0,10,19,6,0,33,8,1,0,1,5,4,0.00638162093171666,0.0121250797702616,0.00382897255902999,0,0.021059349074665,0.00510529674537333,0.000638162093171666,0,0.000638162093171666,0.00319081046585833,0.00255264837268666,1567,1259,1561,6.08926226770207,0,0.00446713465220166,1567,1,0,1
"2018-04-01","Benin",2,0,15,2,26,3,0,10,23,10,0,1,9,2,35,4,0,3,3,4,1,0,0,2,0,0,1,0,0,0.00152671755725191,0,0.0114503816793893,0.00152671755725191,0.0198473282442748,0.00229007633587786,0,0.00763358778625954,0.0175572519083969,0.00763358778625954,0,0.000763358778625954,0.00687022900763359,0.00152671755725191,0.0267175572519084,0.00305343511450382,0,0.00229007633587786,0.00229007633587786,0.00305343511450382,0.000763358778625954,0,0,0.00152671755725191,0,0,0.000763358778625954,0,0,13,16,3,0,33,18,1,0,0,3,3,0.0099236641221374,0.0122137404580153,0.00229007633587786,0,0.0251908396946565,0.0137404580152672,0.000763358778625954,0,0,0.00229007633587786,0.00229007633587786,1310,1074,1305,6.16063623391524,0.000763358778625954,0.00305343511450382,1310,1,0,1
"2018-05-01","Benin",6,6,24,6,23,0,0,5,39,23,0,1,26,5,17,17,2,1,3,3,0,0,0,0,0,1,0,0,0,0.00454545454545455,0.00454545454545455,0.0181818181818182,0.00454545454545455,0.0174242424242424,0,0,0.00378787878787879,0.0295454545454545,0.0174242424242424,0,0.000757575757575758,0.0196969696969697,0.00378787878787879,0.0128787878787879,0.0128787878787879,0.00151515151515152,0.000757575757575758,0.00227272727272727,0.00227272727272727,0,0,0,0,0,0.000757575757575758,0,0,0,17,16,5,0,44,13,2,0,0,1,2,0.0128787878787879,0.0121212121212121,0.00378787878787879,0,0.0333333333333333,0.00984848484848485,0.00151515151515152,0,0,0.000757575757575758,0.00151515151515152,1320,1033,1319,6.96856701669801,0,0.00227272727272727,1320,1,0,1
"2018-06-01","Benin",3,0,38,7,10,1,0,10,33,66,0,0,8,0,7,13,0,1,3,1,0,0,0,0,0,0,0,0,0,0.00265486725663717,0,0.0336283185840708,0.00619469026548673,0.00884955752212389,0.000884955752212389,0,0.00884955752212389,0.0292035398230088,0.0584070796460177,0,0,0.00707964601769911,0,0.00619469026548673,0.0115044247787611,0,0.000884955752212389,0.00265486725663717,0.000884955752212389,0,0,0,0,0,0,0,0,0,19,10,7,0,40,11,3,0,0,2,3,0.0168141592920354,0.00884955752212389,0.00619469026548673,0,0.0353982300884956,0.00973451327433628,0.00265486725663717,0,0,0.00176991150442478,0.00265486725663717,1130,844,1130,6.26603679148969,0.00176991150442478,0.000884955752212389,1130,1,0,1
"2018-07-01","Benin",3,0,41,1,18,1,0,3,24,117,0,2,13,2,5,4,0,2,4,0,0,0,0,0,1,0,0,0,0,0.00251046025104603,0,0.0343096234309623,0.000836820083682008,0.0150627615062762,0.000836820083682008,0,0.00251046025104603,0.0200836820083682,0.097907949790795,0,0.00167364016736402,0.0108786610878661,0.00167364016736402,0.00418410041841004,0.00334728033472803,0,0.00167364016736402,0.00334728033472803,0,0,0,0,0,0.000836820083682008,0,0,0,0,8,4,7,0,22,14,0,0,0,1,2,0.00669456066945607,0.00334728033472803,0.00585774058577406,0,0.0184100418410042,0.0117154811715481,0,0,0,0.000836820083682008,0.00167364016736402,1195,907,1194,6.04244284253314,0.000836820083682008,0,1195,1,0,1
"2018-08-01","Benin",0,5,28,14,12,0,0,9,21,41,1,0,7,0,5,10,0,0,1,0,0,0,1,0,0,2,0,0,0,0,0.00478011472275335,0.0267686424474187,0.0133843212237094,0.011472275334608,0,0,0.00860420650095602,0.0200764818355641,0.0391969407265774,0.000956022944550669,0,0.00669216061185468,0,0.00478011472275335,0.00956022944550669,0,0,0.000956022944550669,0,0,0,0.000956022944550669,0,0,0.00191204588910134,0,0,0,11,13,8,0,30,9,0,0,2,1,2,0.0105162523900574,0.0124282982791587,0.00764818355640535,0,0.0286806883365201,0.00860420650095602,0,0,0.00191204588910134,0.000956022944550669,0.00191204588910134,1046,827,1043,5.3493392294759,0,0.00382409177820268,1046,1,0,1
"2018-09-01","Benin",2,0,32,14,17,0,0,20,38,52,0,0,8,3,20,1,0,1,0,4,0,0,1,2,1,1,0,0,0,0.00183992640294388,0,0.0294388224471021,0.0128794848206072,0.015639374425023,0,0,0.0183992640294388,0.0349586016559338,0.0478380864765409,0,0,0.00735970561177553,0.00275988960441582,0.0183992640294388,0.000919963201471941,0,0.000919963201471941,0,0.00367985280588776,0,0,0.000919963201471941,0.00183992640294388,0.000919963201471941,0.000919963201471941,0,0,0,7,19,6,0,18,26,3,0,0,1,2,0.00643974241030359,0.0174793008279669,0.00551977920883165,0,0.0165593376264949,0.0239190432382705,0.00275988960441582,0,0,0.000919963201471941,0.00183992640294388,1087,805,1082,6.33272868488571,0.000919963201471941,0.00551977920883165,1087,1,0,1
"2018-10-01","Benin",2,0,33,8,9,0,4,5,34,22,0,1,7,0,2,0,1,1,3,3,0,0,0,0,0,0,0,0,0,0.00161812297734628,0,0.0266990291262136,0.00647249190938511,0.00728155339805825,0,0.00323624595469256,0.0040453074433657,0.0275080906148867,0.0177993527508091,0,0.000809061488673139,0.00566343042071197,0,0.00161812297734628,0,0.000809061488673139,0.000809061488673139,0.00242718446601942,0.00242718446601942,0,0,0,0,0,0,0,0,0,8,13,3,1,39,18,2,1,2,4,5,0.00647249190938511,0.0105177993527508,0.00242718446601942,0.000809061488673139,0.0315533980582524,0.0145631067961165,0.00161812297734628,0.000809061488673139,0.00161812297734628,0.00323624595469256,0.0040453074433657,1236,1019,1236,7.1938663563788,0,0,1236,1,0,1
"2018-11-01","Benin",0,0,26,1,17,0,0,4,19,10,0,1,8,5,3,3,0,4,0,1,0,0,0,0,0,0,0,0,0,0,0,0.0221465076660988,0.000851788756388416,0.0144804088586031,0,0,0.00340715502555366,0.0161839863713799,0.00851788756388416,0,0.000851788756388416,0.00681431005110733,0.00425894378194208,0.00255536626916525,0.00255536626916525,0,0.00340715502555366,0,0.000851788756388416,0,0,0,0,0,0,0,0,0,9,16,4,0,17,21,1,1,1,2,2,0.00766609880749574,0.0136286201022147,0.00340715502555366,0,0.0144804088586031,0.0178875638841567,0.000851788756388416,0.000851788756388416,0.000851788756388416,0.00170357751277683,0.00170357751277683,1174,1008,1174,5.58204545320867,0,0.000851788756388416,1174,1,0,1
"2018-12-01","Benin",0,0,26,4,13,0,1,18,26,17,0,2,13,2,17,0,0,1,1,3,0,0,0,2,0,0,0,0,0,0,0,0.0232142857142857,0.00357142857142857,0.0116071428571429,0,0.000892857142857143,0.0160714285714286,0.0232142857142857,0.0151785714285714,0,0.00178571428571429,0.0116071428571429,0.00178571428571429,0.0151785714285714,0,0,0.000892857142857143,0.000892857142857143,0.00267857142857143,0,0,0,0.00178571428571429,0,0,0,0,0,4,15,5,0,18,19,2,0,3,2,4,0.00357142857142857,0.0133928571428571,0.00446428571428571,0,0.0160714285714286,0.0169642857142857,0.00178571428571429,0,0.00267857142857143,0.00178571428571429,0.00357142857142857,1120,918,1118,6.57488509874012,0,0.00178571428571429,1120,1,0,1
"2019-01-01","Benin",2,1,96,3,11,2,1,11,24,17,1,1,9,1,7,6,0,1,1,0,0,0,0,1,0,1,0,0,0,0.00181323662737987,0.000906618313689937,0.0870353581142339,0.00271985494106981,0.0099728014505893,0.00181323662737987,0.000906618313689937,0.0099728014505893,0.0217588395285585,0.0154125113327289,0.000906618313689937,0.000906618313689937,0.00815956482320943,0.000906618313689937,0.00634632819582956,0.00543970988213962,0,0.000906618313689937,0.000906618313689937,0,0,0,0,0.000906618313689937,0,0.000906618313689937,0,0,0,3,9,2,0,19,20,3,0,2,0,3,0.00271985494106981,0.00815956482320943,0.00181323662737987,0,0.0172257479601088,0.0181323662737987,0.00271985494106981,0,0.00181323662737987,0,0.00271985494106981,1103,854,1101,6.38898545811939,0.000906618313689937,0.000906618313689937,1103,1,0,1
"2019-02-01","Benin",4,0,62,10,12,1,0,11,28,31,2,0,8,4,21,8,0,4,2,2,0,0,0,0,0,1,0,0,0,0.00370027752081406,0,0.0573543015726179,0.00925069380203515,0.0111008325624422,0.000925069380203515,0,0.0101757631822387,0.0259019426456984,0.028677150786309,0.00185013876040703,0,0.00740055504162812,0.00370027752081406,0.0194264569842738,0.00740055504162812,0,0.00370027752081406,0.00185013876040703,0.00185013876040703,0,0,0,0,0,0.000925069380203515,0,0,0,15,5,5,0,14,9,2,0,1,1,2,0.0138760407030527,0.00462534690101758,0.00462534690101758,0,0.0129509713228492,0.00832562442183164,0.00185013876040703,0,0.000925069380203515,0.000925069380203515,0.00185013876040703,1081,825,1080,6.12617679992016,0,0.000925069380203515,1081,1,0,1
"2019-03-01","Benin",2,0,63,13,29,1,1,10,27,64,2,1,5,3,25,2,0,2,4,1,0,0,0,0,0,0,0,1,0,0.00158353127474268,0,0.0498812351543943,0.0102929532858274,0.0229612034837688,0.000791765637371338,0.000791765637371338,0.00791765637371338,0.0213776722090261,0.0506730007917656,0.00158353127474268,0.000791765637371338,0.00395882818685669,0.00237529691211401,0.0197941409342835,0.00158353127474268,0,0.00158353127474268,0.00316706254948535,0.000791765637371338,0,0,0,0,0,0,0,0.000791765637371338,0,14,16,2,0,10,13,2,0,1,0,6,0.0110847189231987,0.0126682501979414,0.00158353127474268,0,0.00791765637371338,0.0102929532858274,0.00158353127474268,0,0.000791765637371338,0,0.00475059382422803,1263,951,1262,5.92421525482821,0.00158353127474268,0.000791765637371338,1263,1,0,1
"2019-04-01","Benin",8,1,175,20,7,4,0,9,29,18,1,8,11,3,30,5,1,2,1,8,0,0,0,1,0,0,0,0,0,0.0062015503875969,0.000775193798449612,0.135658914728682,0.0155038759689922,0.00542635658914729,0.00310077519379845,0,0.00697674418604651,0.0224806201550388,0.013953488372093,0.000775193798449612,0.0062015503875969,0.00852713178294574,0.00232558139534884,0.0232558139534884,0.00387596899224806,0.000775193798449612,0.00155038759689922,0.000775193798449612,0.0062015503875969,0,0,0,0.000775193798449612,0,0,0,0,0,8,7,3,0,19,21,2,0,0,3,2,0.0062015503875969,0.00542635658914729,0.00232558139534884,0,0.0147286821705426,0.0162790697674419,0.00155038759689922,0,0,0.00232558139534884,0.00155038759689922,1290,894,1289,7.79636988754007,0.000775193798449612,0.000775193798449612,1290,1,0,1
"2019-05-01","Benin",3,2,83,8,33,1,0,11,33,4,0,15,3,3,26,16,1,2,35,40,0,0,0,1,0,0,1,1,1,0.00188916876574307,0.00125944584382872,0.0522670025188917,0.00503778337531486,0.0207808564231738,0.000629722921914358,0,0.00692695214105793,0.0207808564231738,0.00251889168765743,0,0.00944584382871537,0.00188916876574307,0.00188916876574307,0.0163727959697733,0.0100755667506297,0.000629722921914358,0.00125944584382872,0.0220403022670025,0.0251889168765743,0,0,0,0.000629722921914358,0,0,0.000629722921914358,0.000629722921914358,0.000629722921914358,7,12,3,0,23,10,0,1,1,16,16,0.0044080604534005,0.00755667506297229,0.00188916876574307,0,0.0144836272040302,0.00629722921914358,0,0.000629722921914358,0.000629722921914358,0.0100755667506297,0.0100755667506297,1588,1183,1584,10.9258390466431,0.000629722921914358,0.00188916876574307,1588,1,0,1
"2019-06-01","Benin",2,3,29,1,17,1,0,8,29,14,1,4,11,0,9,12,0,7,14,32,0,0,0,2,1,1,0,0,1,0.00164744645799012,0.00247116968698517,0.0238879736408567,0.000823723228995058,0.014003294892916,0.000823723228995058,0,0.00658978583196046,0.0238879736408567,0.0115321252059308,0.000823723228995058,0.00329489291598023,0.00906095551894563,0,0.00741350906095552,0.00988467874794069,0,0.0057660626029654,0.0115321252059308,0.0263591433278418,0,0,0,0.00164744645799012,0.000823723228995058,0.000823723228995058,0,0,0.000823723228995058,6,10,4,0,34,1,1,0,3,3,6,0.00494233937397035,0.00823723228995058,0.00329489291598023,0,0.028006589785832,0.000823723228995058,0.000823723228995058,0,0.00247116968698517,0.00247116968698517,0.00494233937397035,1214,962,1206,9.41089264016929,0.00164744645799012,0.00823723228995058,1214,1,0,1
"2019-07-01","Benin",5,0,13,5,33,1,0,7,36,8,0,3,12,3,5,8,1,2,2,2,0,0,0,4,0,3,0,0,0,0.00343406593406593,0,0.00892857142857143,0.00343406593406593,0.0226648351648352,0.000686813186813187,0,0.00480769230769231,0.0247252747252747,0.00549450549450549,0,0.00206043956043956,0.00824175824175824,0.00206043956043956,0.00343406593406593,0.00549450549450549,0.000686813186813187,0.00137362637362637,0.00137362637362637,0.00137362637362637,0,0,0,0.00274725274725275,0,0.00206043956043956,0,0,0,15,24,5,0,12,7,4,0,1,1,2,0.0103021978021978,0.0164835164835165,0.00343406593406593,0,0.00824175824175824,0.00480769230769231,0.00274725274725275,0,0.000686813186813187,0.000686813186813187,0.00137362637362637,1456,1244,1449,6.83336421608623,0.00206043956043956,0.00824175824175824,1456,1,0,1
"2019-08-01","Benin",1,0,20,13,5,0,0,20,16,12,0,4,9,3,4,13,0,4,3,4,0,0,0,0,0,3,0,0,0,0.000835421888053467,0,0.0167084377610693,0.0108604845446951,0.00417710944026733,0,0,0.0167084377610693,0.0133667502088555,0.0100250626566416,0,0.00334168755221387,0.0075187969924812,0.0025062656641604,0.00334168755221387,0.0108604845446951,0,0.00334168755221387,0.0025062656641604,0.00334168755221387,0,0,0,0,0,0.0025062656641604,0,0,0,2,8,2,0,17,11,0,0,3,0,0,0.00167084377610693,0.00668337510442774,0.00167084377610693,0,0.0142021720969089,0.00918964076858814,0,0,0.0025062656641604,0,0,1197,1027,1194,6.26605811361588,0,0.0025062656641604,1197,1,0,1
"2019-09-01","Benin",3,0,14,0,12,2,1,8,15,3,0,4,14,3,4,34,0,1,1,6,0,0,0,2,1,2,0,0,0,0.00257289879931389,0,0.0120068610634648,0,0.0102915951972556,0.00171526586620926,0.000857632933104631,0.00686106346483705,0.0128644939965695,0.00257289879931389,0,0.00343053173241852,0.0120068610634648,0.00257289879931389,0.00343053173241852,0.0291595197255575,0,0.000857632933104631,0.000857632933104631,0.00514579759862779,0,0,0,0.00171526586620926,0.000857632933104631,0.00171526586620926,0,0,0,10,19,1,0,7,12,1,0,2,4,7,0.00857632933104631,0.016295025728988,0.000857632933104631,0,0.00600343053173242,0.0102915951972556,0.000857632933104631,0,0.00171526586620926,0.00343053173241852,0.00600343053173242,1166,984,1161,6.7875371112181,0.000857632933104631,0.00428816466552316,1166,1,0,1
"2019-10-01","Benin",2,0,26,0,62,0,0,19,11,52,1,3,7,1,4,1,1,1,2,2,0,0,5,0,0,0,0,0,0,0.00159616919393456,0,0.0207501995211492,0,0.0494812450119713,0,0,0.0151636073423783,0.00877893056664006,0.0415003990422985,0.000798084596967279,0.00239425379090184,0.00558659217877095,0.000798084596967279,0.00319233838786911,0.000798084596967279,0.000798084596967279,0.000798084596967279,0.00159616919393456,0.00159616919393456,0,0,0.00399042298483639,0,0,0,0,0,0,1,8,1,0,3,7,1,0,2,2,2,0.000798084596967279,0.00638467677573823,0.000798084596967279,0,0.00239425379090184,0.00558659217877095,0.000798084596967279,0,0.00159616919393456,0.00159616919393456,0.00159616919393456,1253,1036,1248,5.8196037641911,0.00399042298483639,0.000798084596967279,1253,1,0,1
"2019-11-01","Benin",4,0,19,2,26,1,1,9,22,100,0,6,4,2,2,20,1,0,3,6,0,0,0,0,0,0,0,0,0,0.00318725099601594,0,0.0151394422310757,0.00159362549800797,0.0207171314741036,0.000796812749003984,0.000796812749003984,0.00717131474103586,0.0175298804780877,0.0796812749003984,0,0.0047808764940239,0.00318725099601594,0.00159362549800797,0.00159362549800797,0.0159362549800797,0.000796812749003984,0,0.00239043824701195,0.0047808764940239,0,0,0,0,0,0,0,0,0,6,15,0,1,17,16,0,0,0,1,15,0.0047808764940239,0.0119521912350598,0,0.000796812749003984,0.0135458167330677,0.0127490039840637,0,0,0,0.000796812749003984,0.0119521912350598,1255,958,1255,6.61292591017859,0,0.000796812749003984,1255,1,0,1
"2019-12-01","Benin",7,5,30,1,14,2,0,4,24,20,1,3,10,5,9,16,0,2,4,8,0,0,1,0,0,0,0,0,0,0.00557768924302789,0.00398406374501992,0.0239043824701195,0.000796812749003984,0.0111553784860558,0.00159362549800797,0,0.00318725099601594,0.0191235059760956,0.0159362549800797,0.000796812749003984,0.00239043824701195,0.00796812749003984,0.00398406374501992,0.00717131474103586,0.0127490039840637,0,0.00159362549800797,0.00318725099601594,0.00637450199203187,0,0,0.000796812749003984,0,0,0,0,0,0,11,6,6,0,17,14,1,1,0,5,6,0.00876494023904383,0.0047808764940239,0.0047808764940239,0,0.0135458167330677,0.0111553784860558,0.000796812749003984,0.000796812749003984,0,0.00398406374501992,0.0047808764940239,1255,1032,1254,7.0097603815345,0.000796812749003984,0.00159362549800797,1255,1,0,1
"2020-01-01","Benin",5,6,40,2,12,0,0,13,22,15,2,0,4,1,3,16,0,1,11,6,0,0,0,0,0,6,0,0,0,0.00413907284768212,0.00496688741721854,0.033112582781457,0.00165562913907285,0.00993377483443709,0,0,0.0107615894039735,0.0182119205298013,0.0124172185430464,0.00165562913907285,0,0.0033112582781457,0.000827814569536424,0.00248344370860927,0.0132450331125828,0,0.000827814569536424,0.00910596026490066,0.00496688741721854,0,0,0,0,0,0.00496688741721854,0,0,0,6,5,9,0,25,23,1,1,0,10,5,0.00496688741721854,0.00413907284768212,0.00745033112582781,0,0.0206953642384106,0.0190397350993377,0.000827814569536424,0.000827814569536424,0,0.00827814569536424,0.00413907284768212,1208,974,1202,6.77181549708897,0,0.00579470198675497,1208,1,0,1
"2020-02-01","Benin",0,1,46,4,10,0,0,18,19,11,0,3,7,1,3,3,0,0,6,10,0,0,0,0,0,0,0,0,0,0,0.000862812769628991,0.0396893874029336,0.00345125107851596,0.00862812769628991,0,0,0.0155306298533218,0.0163934426229508,0.0094909404659189,0,0.00258843830888697,0.00603968938740293,0.000862812769628991,0.00258843830888697,0.00258843830888697,0,0,0.00517687661777394,0.00862812769628991,0,0,0,0,0,0,0,0,0,17,6,7,0,16,27,2,0,0,0,4,0.0146678170836928,0.00517687661777394,0.00603968938740293,0,0.0138050043140638,0.0232959447799827,0.00172562553925798,0,0,0,0.00345125107851596,1159,943,1158,7.14056678716241,0,0.00172562553925798,1159,1,0,1
"2020-03-01","Benin",3,0,55,6,4,1,0,122,18,3,12,0,8,4,1,6,0,2,3,4,0,0,0,0,0,0,0,1,0,0.00253592561284869,0,0.0464919695688926,0.00507185122569738,0.00338123415046492,0.00084530853761623,0,0.10312764158918,0.0152155536770921,0.00253592561284869,0.0101437024513948,0,0.00676246830092984,0.00338123415046492,0.00084530853761623,0.00507185122569738,0,0.00169061707523246,0.00253592561284869,0.00338123415046492,0,0,0,0,0,0,0,0.00084530853761623,0,7,11,3,0,15,10,0,1,2,2,4,0.00591715976331361,0.00929839391377853,0.00253592561284869,0,0.0126796280642434,0.0084530853761623,0,0.00084530853761623,0.00169061707523246,0.00169061707523246,0.00338123415046492,1183,884,1182,6.4732026169711,0,0.00084530853761623,1183,1,0,1
"2020-04-01","Benin",1,2,52,4,4,1,0,114,9,15,10,3,5,2,5,9,1,3,2,3,0,0,0,0,0,0,0,0,0,0.000821018062397373,0.00164203612479475,0.0426929392446634,0.00328407224958949,0.00328407224958949,0.000821018062397373,0,0.0935960591133005,0.00738916256157635,0.0123152709359606,0.00821018062397373,0.00246305418719212,0.00410509031198686,0.00164203612479475,0.00410509031198686,0.00738916256157635,0.000821018062397373,0.00246305418719212,0.00164203612479475,0.00246305418719212,0,0,0,0,0,0,0,0,0,4,7,3,0,14,9,4,0,0,0,6,0.00328407224958949,0.00574712643678161,0.00246305418719212,0,0.0114942528735632,0.00738916256157635,0.00328407224958949,0,0,0,0.00492610837438424,1218,932,1218,5.83240214566733,0,0,1218,1,0,1
"2020-05-01","Benin",11,0,171,11,12,2,0,79,21,3,4,0,13,6,0,8,0,0,4,5,0,0,0,0,0,0,0,0,0,0.00836501901140684,0,0.130038022813688,0.00836501901140684,0.0091254752851711,0.00152091254752852,0,0.0600760456273764,0.0159695817490494,0.00228136882129278,0.00304182509505703,0,0.00988593155893536,0.00456273764258555,0,0.00608365019011407,0,0,0.00304182509505703,0.00380228136882129,0,0,0,0,0,0,0,0,0,12,10,5,0,13,3,0,0,0,2,2,0.0091254752851711,0.00760456273764259,0.00380228136882129,0,0.00988593155893536,0.00228136882129278,0,0,0,0.00152091254752852,0.00152091254752852,1315,932,1315,7.22653808908311,0,0,1315,1,0,1
"2020-06-01","Benin",2,0,50,14,8,3,0,85,29,44,1,1,10,10,7,3,0,1,2,3,0,0,0,0,0,0,0,0,0,0.00161030595813205,0,0.0402576489533011,0.0112721417069243,0.00644122383252818,0.00241545893719807,0,0.0684380032206119,0.0233494363929147,0.035426731078905,0.000805152979066023,0.000805152979066023,0.00805152979066022,0.00805152979066022,0.00563607085346216,0.00241545893719807,0,0.000805152979066023,0.00161030595813205,0.00241545893719807,0,0,0,0,0,0,0,0,0,9,8,1,0,27,11,0,0,0,4,8,0.0072463768115942,0.00644122383252818,0.000805152979066023,0,0.0217391304347826,0.00885668276972625,0,0,0,0.00322061191626409,0.00644122383252818,1242,911,1242,6.38125002936883,0,0,1242,1,0,1
"2020-07-01","Benin",1,9,36,4,6,7,0,55,23,22,1,0,11,3,3,9,2,0,4,4,0,0,0,0,0,0,0,0,0,0.000808407437348424,0.00727566693613581,0.0291026677445432,0.00323362974939369,0.00485044462409054,0.00565885206143896,0,0.0444624090541633,0.0185933710590137,0.0177849636216653,0.000808407437348424,0,0.00889248181083266,0.00242522231204527,0.00242522231204527,0.00727566693613581,0.00161681487469685,0,0.00323362974939369,0.00323362974939369,0,0,0,0,0,0,0,0,0,6,6,9,0,23,16,5,0,2,2,10,0.00485044462409054,0.00485044462409054,0.00727566693613581,0,0.0185933710590137,0.0129345189975748,0.00404203718674212,0,0.00161681487469685,0.00161681487469685,0.00808407437348424,1237,973,1237,6.50697356661322,0,0,1237,1,0,1
"2020-08-01","Benin",4,0,75,4,7,0,0,30,10,8,0,1,9,1,3,3,0,2,3,2,0,0,0,0,0,0,0,0,1,0.00378429517502365,0,0.0709555345316935,0.00378429517502365,0.00662251655629139,0,0,0.0283822138126774,0.00946073793755913,0.0075685903500473,0,0.000946073793755913,0.00851466414380322,0.000946073793755913,0.00283822138126774,0.00283822138126774,0,0.00189214758751183,0.00283822138126774,0.00189214758751183,0,0,0,0,0,0,0,0,0.000946073793755913,13,6,2,0,12,5,3,2,0,2,4,0.0122989593188269,0.00567644276253548,0.00189214758751183,0,0.011352885525071,0.00473036896877956,0.00283822138126774,0.00189214758751183,0,0.00189214758751183,0.00378429517502365,1057,853,1056,6.23352416924364,0,0.000946073793755913,1057,1,0,1
"2020-09-01","Benin",5,0,35,1,14,1,0,23,14,4,0,1,8,4,8,4,0,4,1,2,0,0,0,0,0,0,0,0,0,0.0045662100456621,0,0.0319634703196347,0.00091324200913242,0.0127853881278539,0.00091324200913242,0,0.0210045662100457,0.0127853881278539,0.00365296803652968,0,0.00091324200913242,0.00730593607305936,0.00365296803652968,0.00730593607305936,0.00365296803652968,0,0.00365296803652968,0.00091324200913242,0.00182648401826484,0,0,0,0,0,0,0,0,0,10,8,1,0,6,7,1,1,0,1,6,0.0091324200913242,0.00730593607305936,0.00091324200913242,0,0.00547945205479452,0.00639269406392694,0.00091324200913242,0.00091324200913242,0,0.00091324200913242,0.00547945205479452,1095,931,1095,6.07630788915163,0,0.00182648401826484,1095,1,0,1
"2020-10-01","Benin",1,2,58,6,20,1,0,15,7,3,2,0,5,4,9,9,0,1,3,3,1,0,0,0,0,1,0,0,0,0.000870322019147084,0.00174064403829417,0.0504786771105309,0.00522193211488251,0.0174064403829417,0.000870322019147084,0,0.0130548302872063,0.00609225413402959,0.00261096605744125,0.00174064403829417,0,0.00435161009573542,0.00348128807658834,0.00783289817232376,0.00783289817232376,0,0.000870322019147084,0.00261096605744125,0.00261096605744125,0.000870322019147084,0,0,0,0,0.000870322019147084,0,0,0,11,8,4,0,11,20,2,0,3,8,3,0.00957354221061793,0.00696257615317668,0.00348128807658834,0,0.00957354221061793,0.0174064403829417,0.00174064403829417,0,0.00261096605744125,0.00696257615317668,0.00261096605744125,1149,937,1147,5.47878514969146,0,0.00261096605744125,1149,1,0,1
"2020-11-01","Benin",1,1,38,9,6,0,0,12,12,15,0,0,7,3,14,5,0,1,3,3,0,0,0,0,0,0,0,0,0,0.00099403578528827,0.00099403578528827,0.0377733598409543,0.00894632206759443,0.00596421471172962,0,0,0.0119284294234592,0.0119284294234592,0.0149105367793241,0,0,0.00695825049701789,0.00298210735586481,0.0139165009940358,0.00497017892644135,0,0.00099403578528827,0.00298210735586481,0.00298210735586481,0,0,0,0,0,0,0,0,0,15,6,1,0,11,13,1,0,0,5,2,0.0149105367793241,0.00596421471172962,0.00099403578528827,0,0.010934393638171,0.0129224652087475,0.00099403578528827,0,0,0.00497017892644135,0.00198807157057654,1006,827,1006,5.7043470841146,0,0.00099403578528827,1006,1,0,1
"2020-12-01","Benin",4,0,43,8,10,2,0,12,22,7,2,3,8,2,2,2,0,0,1,2,0,0,0,0,0,0,1,0,0,0.00379506641366224,0,0.0407969639468691,0.00759013282732448,0.0094876660341556,0.00189753320683112,0,0.0113851992409867,0.0208728652751423,0.00664136622390892,0.00189753320683112,0.00284629981024668,0.00759013282732448,0.00189753320683112,0.00189753320683112,0.00189753320683112,0,0,0.00094876660341556,0.00189753320683112,0,0,0,0,0,0,0.00094876660341556,0,0,11,5,3,0,10,17,0,0,1,2,1,0.0104364326375712,0.0047438330170778,0.00284629981024668,0,0.0094876660341556,0.0161290322580645,0,0,0.00094876660341556,0.00189753320683112,0.00094876660341556,1054,878,1053,7.07248236073305,0,0.00094876660341556,1054,1,0,1
"2021-01-01","Benin",1,2,80,2,14,0,0,16,16,12,0,2,2,7,1,5,0,1,0,0,0,1,0,1,0,1,0,0,0,0.000963391136801541,0.00192678227360308,0.0770712909441233,0.00192678227360308,0.0134874759152216,0,0,0.0154142581888247,0.0154142581888247,0.0115606936416185,0,0.00192678227360308,0.00192678227360308,0.00674373795761079,0.000963391136801541,0.00481695568400771,0,0.000963391136801541,0,0,0,0.000963391136801541,0,0.000963391136801541,0,0.000963391136801541,0,0,0,14,7,1,0,6,10,0,1,1,1,1,0.0134874759152216,0.00674373795761079,0.000963391136801541,0,0.00578034682080925,0.00963391136801541,0,0.000963391136801541,0.000963391136801541,0.000963391136801541,0.000963391136801541,1038,836,1035,5.4514332407754,0.000963391136801541,0.00192678227360308,1038,1,0,1
"2021-02-01","Benin",2,0,101,8,7,2,0,19,36,3,0,2,15,2,2,4,0,4,1,13,0,0,0,0,0,1,0,0,0,0.00189035916824197,0,0.0954631379962193,0.00756143667296786,0.00661625708884688,0.00189035916824197,0,0.0179584120982987,0.0340264650283554,0.00283553875236295,0,0.00189035916824197,0.0141776937618147,0.00189035916824197,0.00189035916824197,0.00378071833648393,0,0.00378071833648393,0.000945179584120983,0.0122873345935728,0,0,0,0,0,0.000945179584120983,0,0,0,11,4,2,0,12,8,2,0,2,1,6,0.0103969754253308,0.00378071833648393,0.00189035916824197,0,0.0113421550094518,0.00756143667296786,0.00189035916824197,0,0.00189035916824197,0.000945179584120983,0.0056710775047259,1058,799,1057,8.20704004524895,0,0.000945179584120983,1058,1,0,1
"2021-03-01","Benin",17,1,88,1,13,0,4,23,28,3,0,1,13,5,1,4,1,2,1,2,0,0,0,0,0,0,0,0,1,0.0133228840125392,0.000783699059561128,0.0689655172413793,0.000783699059561128,0.0101880877742947,0,0.00313479623824451,0.018025078369906,0.0219435736677116,0.00235109717868339,0,0.000783699059561128,0.0101880877742947,0.00391849529780564,0.000783699059561128,0.00313479623824451,0.000783699059561128,0.00156739811912226,0.000783699059561128,0.00156739811912226,0,0,0,0,0,0,0,0,0.000783699059561128,20,15,11,0,20,6,3,0,1,4,7,0.0156739811912226,0.0117554858934169,0.00862068965517241,0,0.0156739811912226,0.00470219435736677,0.00235109717868339,0,0.000783699059561128,0.00313479623824451,0.0054858934169279,1276,1004,1275,7.8343914199645,0,0.000783699059561128,1276,1,0,1
"2021-04-01","Benin",22,1,219,24,11,9,0,17,16,3,2,4,4,5,26,7,0,2,11,24,0,0,0,0,0,0,0,0,0,0.0161172161172161,0.000732600732600733,0.16043956043956,0.0175824175824176,0.00805860805860806,0.00659340659340659,0,0.0124542124542125,0.0117216117216117,0.0021978021978022,0.00146520146520147,0.00293040293040293,0.00293040293040293,0.00366300366300366,0.019047619047619,0.00512820512820513,0,0.00146520146520147,0.00805860805860806,0.0175824175824176,0,0,0,0,0,0,0,0,0,13,7,5,0,12,3,1,0,1,1,6,0.00952380952380952,0.00512820512820513,0.00366300366300366,0,0.00879120879120879,0.0021978021978022,0.000732600732600733,0,0.000732600732600733,0.000732600732600733,0.0043956043956044,1365,916,1365,9.55908045414909,0,0.000732600732600733,1365,1,0,1
"2021-05-01","Benin",4,0,29,0,3,1,0,12,14,9,2,4,2,4,3,19,0,1,1,7,0,0,0,0,0,0,0,0,0,0.0036003600360036,0,0.0261026102610261,0,0.0027002700270027,0.0009000900090009,0,0.0108010801080108,0.0126012601260126,0.0081008100810081,0.0018001800180018,0.0036003600360036,0.0018001800180018,0.0036003600360036,0.0027002700270027,0.0171017101710171,0,0.0009000900090009,0.0009000900090009,0.0063006300630063,0,0,0,0,0,0,0,0,0,6,9,1,0,4,5,1,1,0,3,5,0.0054005400540054,0.0081008100810081,0.0009000900090009,0,0.0036003600360036,0.0045004500450045,0.0009000900090009,0.0009000900090009,0,0.0027002700270027,0.0045004500450045,1111,964,1111,6.51007688204126,0,0,1111,1,0,1
"2021-06-01","Benin",3,0,23,1,18,1,0,32,29,0,0,3,4,5,4,5,0,0,2,1,0,0,0,0,0,1,0,1,0,0.00252525252525253,0,0.0193602693602694,0.000841750841750842,0.0151515151515152,0.000841750841750842,0,0.0269360269360269,0.0244107744107744,0,0,0.00252525252525253,0.00336700336700337,0.00420875420875421,0.00336700336700337,0.00420875420875421,0,0,0.00168350168350168,0.000841750841750842,0,0,0,0,0,0.000841750841750842,0,0.000841750841750842,0,12,11,4,0,30,18,1,0,0,4,10,0.0101010101010101,0.00925925925925926,0.00336700336700337,0,0.0252525252525253,0.0151515151515152,0.000841750841750842,0,0,0.00336700336700337,0.00841750841750842,1188,975,1186,6.67265701964556,0.000841750841750842,0.00252525252525253,1188,1,1,1
"2021-07-01","Benin",9,0,17,4,5,1,0,62,45,6,5,6,19,3,8,13,1,2,2,2,0,0,0,2,0,4,0,1,0,0.0072,0,0.0136,0.0032,0.004,8e-04,0,0.0496,0.036,0.0048,0.004,0.0048,0.0152,0.0024,0.0064,0.0104,8e-04,0.0016,0.0016,0.0016,0,0,0,0.0016,0,0.0032,0,8e-04,0,16,9,14,0,29,20,2,0,2,1,1,0.0128,0.0072,0.0112,0,0.0232,0.016,0.0016,0,0.0016,8e-04,8e-04,1250,973,1243,8.29411496423813,8e-04,0.0048,1250,1,1,1
"2021-08-01","Benin",9,3,5,1,11,0,0,42,23,2,2,4,13,5,2,7,0,1,1,3,0,0,0,0,0,0,0,0,0,0.00891089108910891,0.00297029702970297,0.00495049504950495,0.00099009900990099,0.0108910891089109,0,0,0.0415841584158416,0.0227722772277228,0.00198019801980198,0.00198019801980198,0.00396039603960396,0.0128712871287129,0.00495049504950495,0.00198019801980198,0.00693069306930693,0,0.00099009900990099,0.00099009900990099,0.00297029702970297,0,0,0,0,0,0,0,0,0,16,9,5,0,22,9,1,1,1,2,3,0.0158415841584158,0.00891089108910891,0.00495049504950495,0,0.0217821782178218,0.00891089108910891,0.00099009900990099,0.00099009900990099,0.00099009900990099,0.00198019801980198,0.00297029702970297,1010,823,1009,7.57996190182306,0,0.00099009900990099,1010,1,1,1
"2021-09-01","Benin",1,1,18,0,13,2,0,22,15,10,0,1,4,1,4,4,0,6,6,2,2,0,0,0,1,0,0,0,0,0.000982318271119843,0.000982318271119843,0.0176817288801572,0,0.012770137524558,0.00196463654223969,0,0.0216110019646365,0.0147347740667976,0.00982318271119843,0,0.000982318271119843,0.00392927308447937,0.000982318271119843,0.00392927308447937,0.00392927308447937,0,0.00589390962671906,0.00589390962671906,0.00196463654223969,0.00196463654223969,0,0,0,0.000982318271119843,0,0,0,0,21,13,2,0,19,15,3,2,2,1,4,0.0206286836935167,0.012770137524558,0.00196463654223969,0,0.018664047151277,0.0147347740667976,0.00294695481335953,0.00196463654223969,0.00196463654223969,0.000982318271119843,0.00392927308447937,1018,830,1015,6.18742509986432,0.00491159135559921,0,1018,1,1,1
"2021-10-01","Benin",6,2,22,1,8,0,0,17,15,31,1,0,7,2,0,7,0,0,1,0,1,0,0,0,1,2,0,1,0,0.00563380281690141,0.00187793427230047,0.0206572769953052,0.000938967136150235,0.00751173708920188,0,0,0.015962441314554,0.0140845070422535,0.0291079812206573,0.000938967136150235,0,0.00657276995305164,0.00187793427230047,0,0.00657276995305164,0,0,0.000938967136150235,0,0.000938967136150235,0,0,0,0.000938967136150235,0.00187793427230047,0,0.000938967136150235,0,35,14,5,0,25,35,1,0,1,2,7,0.0328638497652582,0.0131455399061033,0.00469483568075117,0,0.0234741784037559,0.0328638497652582,0.000938967136150235,0,0.000938967136150235,0.00187793427230047,0.00657276995305164,1065,829,1060,5.86404256206804,0.0028169014084507,0.0028169014084507,1065,1,1,1
"2021-11-01","Benin",10,0,12,0,8,2,1,21,10,9,4,3,3,3,7,2,0,2,3,4,0,0,0,1,0,1,0,0,0,0.00886524822695036,0,0.0106382978723404,0,0.00709219858156028,0.00177304964539007,0.000886524822695035,0.0186170212765957,0.00886524822695036,0.00797872340425532,0.00354609929078014,0.00265957446808511,0.00265957446808511,0.00265957446808511,0.00620567375886525,0.00177304964539007,0,0.00177304964539007,0.00265957446808511,0.00354609929078014,0,0,0,0.000886524822695035,0,0.000886524822695035,0,0,0,31,7,6,1,21,17,2,0,1,2,4,0.0274822695035461,0.00620567375886525,0.00531914893617021,0.000886524822695035,0.0186170212765957,0.0150709219858156,0.00177304964539007,0,0.000886524822695035,0.00177304964539007,0.00354609929078014,1128,942,1126,7.05077132332378,0,0.00177304964539007,1128,1,1,1
"2021-12-01","Benin",11,0,16,1,4,2,1,11,43,6,2,4,20,2,9,6,0,2,9,14,0,0,0,2,0,2,0,0,0,0.00994575045207957,0,0.0144665461121157,0.000904159132007233,0.00361663652802893,0.00180831826401447,0.000904159132007233,0.00994575045207957,0.038878842676311,0.0054249547920434,0.00180831826401447,0.00361663652802893,0.0180831826401447,0.00180831826401447,0.0081374321880651,0.0054249547920434,0,0.00180831826401447,0.0081374321880651,0.0126582278481013,0,0,0,0.00180831826401447,0,0.00180831826401447,0,0,0,23,13,11,0,32,17,0,1,1,3,7,0.0207956600361664,0.011754068716094,0.00994575045207957,0,0.0289330922242315,0.015370705244123,0,0.000904159132007233,0.000904159132007233,0.0027124773960217,0.00632911392405063,1106,860,1102,10.3497692577381,0,0.00361663652802893,1106,1,1,1
"2022-01-01","Benin",2,1,23,1,6,3,0,24,7,9,4,4,10,0,7,4,0,0,5,2,0,0,0,0,0,0,0,0,0,0.00214822771213749,0.00107411385606874,0.0247046186895811,0.00107411385606874,0.00644468313641246,0.00322234156820623,0,0.0257787325456498,0.0075187969924812,0.00966702470461869,0.00429645542427497,0.00429645542427497,0.0107411385606874,0,0.0075187969924812,0.00429645542427497,0,0,0.00537056928034372,0.00214822771213749,0,0,0,0,0,0,0,0,0,23,10,3,1,13,24,2,0,0,2,9,0.0247046186895811,0.0107411385606874,0.00322234156820623,0.00107411385606874,0.0139634801288937,0.0257787325456498,0.00214822771213749,0,0,0.00214822771213749,0.00966702470461869,931,736,931,7.1781042044585,0,0,931,1,1,1
"2022-02-01","Benin",1,0,16,3,11,2,0,15,15,7,0,2,8,2,9,2,1,1,29,19,0,0,0,0,0,0,0,0,0,0.00108932461873638,0,0.0174291938997821,0.00326797385620915,0.0119825708061002,0.00217864923747277,0,0.0163398692810458,0.0163398692810458,0.00762527233115468,0,0.00217864923747277,0.00871459694989107,0.00217864923747277,0.00980392156862745,0.00217864923747277,0.00108932461873638,0.00108932461873638,0.0315904139433551,0.0206971677559913,0,0,0,0,0,0,0,0,0,18,12,3,0,9,6,2,1,1,5,9,0.0196078431372549,0.0130718954248366,0.00326797385620915,0,0.00980392156862745,0.0065359477124183,0.00217864923747277,0.00108932461873638,0.00108932461873638,0.00544662309368192,0.00980392156862745,918,714,918,10.8307189440371,0,0,918,1,1,1
"2022-03-01","Benin",9,0,25,1,10,3,0,18,9,4,2,1,3,4,4,2,0,0,2,0,1,2,0,0,0,0,0,0,0,0.00944386149003148,0,0.0262329485834208,0.00104931794333683,0.0104931794333683,0.00314795383001049,0,0.018887722980063,0.00944386149003148,0.00419727177334732,0.00209863588667366,0.00104931794333683,0.00314795383001049,0.00419727177334732,0.00419727177334732,0.00209863588667366,0,0,0.00209863588667366,0,0.00104931794333683,0.00209863588667366,0,0,0,0,0,0,0,28,20,5,0,18,19,0,1,2,4,5,0.0293809024134313,0.0209863588667366,0.00524658971668416,0,0.018887722980063,0.0199370409233998,0,0.00104931794333683,0.00209863588667366,0.00419727177334732,0.00524658971668416,953,759,950,6.65149724680943,0.00314795383001049,0,953,1,1,1
"2022-04-01","Benin",7,0,23,2,13,0,0,16,12,6,0,0,2,6,6,6,0,1,16,4,0,1,0,0,0,0,1,0,0,0.00809248554913295,0,0.0265895953757225,0.0023121387283237,0.015028901734104,0,0,0.0184971098265896,0.0138728323699422,0.0069364161849711,0,0,0.0023121387283237,0.0069364161849711,0.0069364161849711,0.0069364161849711,0,0.00115606936416185,0.0184971098265896,0.0046242774566474,0,0.00115606936416185,0,0,0,0,0.00115606936416185,0,0,15,20,4,0,15,8,0,0,0,3,5,0.0173410404624277,0.023121387283237,0.0046242774566474,0,0.0173410404624277,0.0092485549132948,0,0,0,0.00346820809248555,0.00578034682080925,865,680,863,7.85869265888142,0.00115606936416185,0.00115606936416185,865,1,1,1
"2022-05-01","Benin",4,1,22,1,17,1,0,7,10,6,0,7,3,2,5,3,0,0,8,5,0,0,0,0,0,0,0,0,3,0.00488997555012225,0.00122249388753056,0.0268948655256724,0.00122249388753056,0.0207823960880196,0.00122249388753056,0,0.00855745721271394,0.0122249388753056,0.00733496332518337,0,0.00855745721271394,0.00366748166259169,0.00244498777506112,0.00611246943765281,0.00366748166259169,0,0,0.0097799511002445,0.00611246943765281,0,0,0,0,0,0,0,0,0.00366748166259169,17,14,7,1,18,10,1,0,1,0,7,0.0207823960880196,0.0171149144254279,0.00855745721271394,0.00122249388753056,0.0220048899755501,0.0122249388753056,0.00122249388753056,0,0.00122249388753056,0,0.00855745721271394,818,647,815,8.37726516084136,0.00366748166259169,0,818,1,1,1
"2022-06-01","Benin",10,1,21,0,17,1,0,13,17,17,5,1,6,1,1,9,0,0,7,5,1,0,0,0,0,0,0,0,0,0.0101010101010101,0.00101010101010101,0.0212121212121212,0,0.0171717171717172,0.00101010101010101,0,0.0131313131313131,0.0171717171717172,0.0171717171717172,0.00505050505050505,0.00101010101010101,0.00606060606060606,0.00101010101010101,0.00101010101010101,0.00909090909090909,0,0,0.00707070707070707,0.00505050505050505,0.00101010101010101,0,0,0,0,0,0,0,0,15,18,3,1,20,15,1,1,0,3,4,0.0151515151515152,0.0181818181818182,0.00303030303030303,0.00101010101010101,0.0202020202020202,0.0151515151515152,0.00101010101010101,0.00101010101010101,0,0.00303030303030303,0.00404040404040404,990,785,989,7.75092781508693,0.00101010101010101,0.00101010101010101,990,1,1,1
"2022-07-01","Benin",3,0,19,2,17,0,0,11,18,5,1,0,5,0,3,21,0,3,7,8,0,4,5,0,0,0,0,0,2,0.00284090909090909,0,0.0179924242424242,0.00189393939393939,0.0160984848484848,0,0,0.0104166666666667,0.0170454545454545,0.00473484848484848,0.000946969696969697,0,0.00473484848484848,0,0.00284090909090909,0.0198863636363636,0,0.00284090909090909,0.00662878787878788,0.00757575757575758,0,0.00378787878787879,0.00473484848484848,0,0,0,0,0,0.00189393939393939,18,12,6,0,24,11,1,0,0,5,7,0.0170454545454545,0.0113636363636364,0.00568181818181818,0,0.0227272727272727,0.0104166666666667,0.000946969696969697,0,0,0.00473484848484848,0.00662878787878788,1056,857,1044,6.7505145384167,0.0113636363636364,0,1056,1,1,1
"2022-08-01","Benin",2,0,23,4,14,0,0,24,21,3,0,3,7,5,2,5,0,1,0,3,0,1,1,0,0,0,1,0,0,0.00205973223480947,0,0.023686920700309,0.00411946446961895,0.0144181256436663,0,0,0.0247167868177137,0.0216271884654995,0.00308959835221421,0,0.00308959835221421,0.00720906282183316,0.00514933058702369,0.00205973223480947,0.00514933058702369,0,0.00102986611740474,0,0.00308959835221421,0,0.00102986611740474,0.00102986611740474,0,0,0,0.00102986611740474,0,0,16,10,2,0,14,3,0,1,0,4,5,0.0164778578784758,0.0102986611740474,0.00205973223480947,0,0.0144181256436663,0.00308959835221421,0,0.00102986611740474,0,0.00411946446961895,0.00514933058702369,971,808,968,6.61254777686846,0.00308959835221421,0.00102986611740474,971,1,1,1
"2022-09-01","Benin",2,0,26,2,14,2,0,14,9,6,0,2,4,1,1,8,0,1,4,8,0,1,0,0,0,1,0,0,0,0.0021953896816685,0,0.0285400658616905,0.0021953896816685,0.0153677277716795,0.0021953896816685,0,0.0153677277716795,0.00987925356750823,0.00658616904500549,0,0.0021953896816685,0.00439077936333699,0.00109769484083425,0.00109769484083425,0.00878155872667398,0,0.00109769484083425,0.00439077936333699,0.00878155872667398,0,0.00109769484083425,0,0,0,0.00109769484083425,0,0,0,14,14,0,0,10,8,1,1,1,4,5,0.0153677277716795,0.0153677277716795,0,0,0.0109769484083425,0.00878155872667398,0.00109769484083425,0.00109769484083425,0.00109769484083425,0.00439077936333699,0.00548847420417124,911,751,909,7.01221326957569,0.00109769484083425,0.00109769484083425,911,1,1,1
"2022-10-01","Benin",4,0,49,3,10,0,0,11,5,19,1,0,4,2,3,5,0,0,5,8,0,0,0,1,0,0,0,0,0,0.00441014332965821,0,0.0540242557883131,0.00330760749724366,0.0110253583241455,0,0,0.0121278941565601,0.00551267916207277,0.0209481808158765,0.00110253583241455,0,0.00441014332965821,0.00220507166482911,0.00330760749724366,0.00551267916207277,0,0,0.00551267916207277,0.00882028665931643,0,0,0,0.00110253583241455,0,0,0,0,0,20,9,3,0,14,10,0,1,1,7,6,0.0220507166482911,0.00992282249173098,0.00330760749724366,0,0.0154355016538037,0.0110253583241455,0,0.00110253583241455,0.00110253583241455,0.00771775082690187,0.00661521499448732,907,712,905,6.58073522909622,0,0.00330760749724366,907,1,1,1
"2022-11-01","Benin",5,0,74,2,12,1,0,8,7,12,1,4,2,2,1,1,1,2,1,2,0,0,0,1,0,0,0,0,1,0.00589622641509434,0,0.0872641509433962,0.00235849056603774,0.0141509433962264,0.00117924528301887,0,0.00943396226415094,0.00825471698113208,0.0141509433962264,0.00117924528301887,0.00471698113207547,0.00235849056603774,0.00235849056603774,0.00117924528301887,0.00117924528301887,0.00117924528301887,0.00235849056603774,0.00117924528301887,0.00235849056603774,0,0,0,0.00117924528301887,0,0,0,0,0.00117924528301887,15,9,3,0,14,17,0,1,0,2,6,0.017688679245283,0.0106132075471698,0.0035377358490566,0,0.0165094339622642,0.0200471698113208,0,0.00117924528301887,0,0.00235849056603774,0.00707547169811321,848,648,845,6.61100998743159,0.00117924528301887,0.00235849056603774,848,1,1,1
"2022-12-01","Benin",6,1,72,0,15,1,0,0,8,8,0,2,3,0,2,2,0,0,1,6,0,0,1,0,0,0,0,0,0,0.00759493670886076,0.00126582278481013,0.0911392405063291,0,0.0189873417721519,0.00126582278481013,0,0,0.010126582278481,0.010126582278481,0,0.00253164556962025,0.00379746835443038,0,0.00253164556962025,0.00253164556962025,0,0,0.00126582278481013,0.00759493670886076,0,0,0.00126582278481013,0,0,0,0,0,0,9,12,1,0,17,10,1,1,0,4,2,0.0113924050632911,0.0151898734177215,0.00126582278481013,0,0.0215189873417722,0.0126582278481013,0.00126582278481013,0.00126582278481013,0,0.00506329113924051,0.00253164556962025,790,607,789,7.11050618373691,0.00126582278481013,0.00379746835443038,790,1,1,1
"2023-01-01","Benin",3,1,141,17,6,3,0,7,16,12,1,5,2,1,3,6,0,2,2,2,3,0,3,0,0,1,1,1,0,0.00328947368421053,0.00109649122807018,0.154605263157895,0.018640350877193,0.00657894736842105,0.00328947368421053,0,0.00767543859649123,0.0175438596491228,0.0131578947368421,0.00109649122807018,0.00548245614035088,0.00219298245614035,0.00109649122807018,0.00328947368421053,0.00657894736842105,0,0.00219298245614035,0.00219298245614035,0.00219298245614035,0.00328947368421053,0,0.00328947368421053,0,0,0.00109649122807018,0.00109649122807018,0.00109649122807018,0,13,8,1,0,10,6,0,1,0,2,7,0.0142543859649123,0.0087719298245614,0.00109649122807018,0,0.0109649122807018,0.00657894736842105,0,0.00109649122807018,0,0.00219298245614035,0.00767543859649123,912,636,901,7.01525388408016,0,0.0120614035087719,912,1,1,1
"2023-02-01","Benin",6,0,25,1,4,0,0,24,12,4,5,1,5,0,2,14,0,0,2,3,0,2,0,0,0,1,0,0,0,0.00779220779220779,0,0.0324675324675325,0.0012987012987013,0.00519480519480519,0,0,0.0311688311688312,0.0155844155844156,0.00519480519480519,0.00649350649350649,0.0012987012987013,0.00649350649350649,0,0.0025974025974026,0.0181818181818182,0,0,0.0025974025974026,0.0038961038961039,0,0.0025974025974026,0,0,0,0.0012987012987013,0,0,0,22,10,7,0,11,3,0,0,1,3,5,0.0285714285714286,0.012987012987013,0.00909090909090909,0,0.0142857142857143,0.0038961038961039,0,0,0.0012987012987013,0.0038961038961039,0.00649350649350649,770,610,767,6.96752048947242,0.0025974025974026,0.0012987012987013,770,1,1,1
"2023-03-01","Benin",3,2,18,1,9,0,0,13,8,10,1,0,3,5,3,5,0,0,1,1,0,0,0,0,0,0,0,0,0,0.00348027842227378,0.00232018561484919,0.0208816705336427,0.00116009280742459,0.0104408352668213,0,0,0.0150812064965197,0.00928074245939675,0.0116009280742459,0.00116009280742459,0,0.00348027842227378,0.00580046403712297,0.00348027842227378,0.00580046403712297,0,0,0.00116009280742459,0.00116009280742459,0,0,0,0,0,0,0,0,0,26,14,10,0,16,2,1,1,1,0,2,0.0301624129930394,0.0162412993039443,0.0116009280742459,0,0.0185614849187935,0.00232018561484919,0.00116009280742459,0.00116009280742459,0.00116009280742459,0,0.00232018561484919,862,717,861,5.4391460335709,0.00116009280742459,0.00116009280742459,862,1,1,1
"2023-04-01","Benin",1,2,11,1,9,0,0,4,10,12,0,2,3,0,0,24,0,3,4,1,0,0,0,1,0,0,0,0,0,0.0014265335235378,0.00285306704707561,0.0156918687589158,0.0014265335235378,0.0128388017118402,0,0,0.00570613409415121,0.014265335235378,0.0171184022824536,0,0.00285306704707561,0.00427960057061341,0,0,0.0342368045649073,0,0.00427960057061341,0.00570613409415121,0.0014265335235378,0,0,0,0.0014265335235378,0,0,0,0,0,19,11,4,0,12,6,2,0,4,4,7,0.0271041369472183,0.0156918687589158,0.00570613409415121,0,0.0171184022824536,0.00855920114122682,0.00285306704707561,0,0.00570613409415121,0.00570613409415121,0.00998573466476462,701,552,700,5.82059488337198,0.0014265335235378,0.0014265335235378,701,1,1,1
"2023-05-01","Benin",4,0,10,5,14,2,0,17,14,4,0,1,7,1,4,7,1,1,13,4,0,0,0,0,0,0,0,0,0,0.00556328233657858,0,0.0139082058414465,0.00695410292072323,0.019471488178025,0.00278164116828929,0,0.023643949930459,0.019471488178025,0.00556328233657858,0,0.00139082058414465,0.00973574408901252,0.00139082058414465,0.00556328233657858,0.00973574408901252,0.00139082058414465,0.00139082058414465,0.0180806675938804,0.00556328233657858,0,0,0,0,0,0,0,0,0,7,14,6,1,18,4,0,0,0,8,6,0.00973574408901252,0.019471488178025,0.00834492350486787,0.00139082058414465,0.0250347705146036,0.00556328233657858,0,0,0,0.0111265646731572,0.00834492350486787,719,554,719,8.80210747768413,0,0,719,1,1,1
"2023-06-01","Benin",3,1,16,1,4,0,0,13,13,2,1,4,5,0,3,3,0,2,2,1,0,0,1,0,0,0,0,0,0,0.00442477876106195,0.00147492625368732,0.023598820058997,0.00147492625368732,0.00589970501474926,0,0,0.0191740412979351,0.0191740412979351,0.00294985250737463,0.00147492625368732,0.00589970501474926,0.00737463126843658,0,0.00442477876106195,0.00442477876106195,0,0.00294985250737463,0.00294985250737463,0.00147492625368732,0,0,0.00147492625368732,0,0,0,0,0,0,27,10,6,0,26,10,1,0,1,1,7,0.0398230088495575,0.0147492625368732,0.00884955752212389,0,0.0383480825958702,0.0147492625368732,0.00147492625368732,0,0.00147492625368732,0.00147492625368732,0.0103244837758112,678,524,676,7.23057650251298,0.00294985250737463,0,678,1,1,1
"2023-07-01","Benin",2,0,7,1,8,6,1,5,17,2,0,1,10,1,2,4,0,0,0,0,0,0,0,0,0,0,0,0,0,0.00311526479750779,0,0.0109034267912773,0.00155763239875389,0.0124610591900312,0.00934579439252336,0.00155763239875389,0.00778816199376947,0.0264797507788162,0.00311526479750779,0,0.00155763239875389,0.0155763239875389,0.00155763239875389,0.00311526479750779,0.00623052959501558,0,0,0,0,0,0,0,0,0,0,0,0,0,20,12,7,0,12,5,0,0,0,3,2,0.0311526479750779,0.0186915887850467,0.0109034267912773,0,0.0186915887850467,0.00778816199376947,0,0,0,0.00467289719626168,0.00311526479750779,642,525,642,7.98783678763052,0,0.00311526479750779,642,1,1,1
"2023-08-01","Benin",2,1,6,1,9,9,0,5,13,1,0,6,4,1,0,4,0,1,1,0,0,0,2,0,0,1,1,0,0,0.00355871886120996,0.00177935943060498,0.0106761565836299,0.00177935943060498,0.0160142348754448,0.0160142348754448,0,0.00889679715302491,0.0231316725978648,0.00177935943060498,0,0.0106761565836299,0.00711743772241993,0.00177935943060498,0,0.00711743772241993,0,0.00177935943060498,0.00177935943060498,0,0,0,0.00355871886120996,0,0,0.00177935943060498,0.00177935943060498,0,0,10,2,5,0,12,3,0,0,0,10,4,0.0177935943060498,0.00355871886120996,0.00889679715302491,0,0.0213523131672598,0.00533807829181495,0,0,0,0.0177935943060498,0.00711743772241993,562,461,558,9.24520165674006,0.00177935943060498,0.00711743772241993,562,1,1,1
"2023-09-01","Benin",7,0,5,0,10,2,1,23,8,2,1,4,4,0,5,4,0,1,0,0,2,0,1,1,0,2,0,0,2,0.0117845117845118,0,0.00841750841750842,0,0.0168350168350168,0.00336700336700337,0.00168350168350168,0.0387205387205387,0.0134680134680135,0.00336700336700337,0.00168350168350168,0.00673400673400673,0.00673400673400673,0,0.00841750841750842,0.00673400673400673,0,0.00168350168350168,0,0,0.00336700336700337,0,0.00168350168350168,0.00168350168350168,0,0.00336700336700337,0,0,0.00336700336700337,21,14,3,0,12,11,0,1,1,1,1,0.0353535353535354,0.0235690235690236,0.00505050505050505,0,0.0202020202020202,0.0185185185185185,0,0.00168350168350168,0.00168350168350168,0.00168350168350168,0.00168350168350168,594,458,579,7.93921156527822,0.00168350168350168,0.0252525252525253,594,1,1,1
"2023-10-01","Benin",4,2,13,1,12,2,0,5,18,0,0,1,10,1,2,5,0,1,1,6,0,0,1,0,0,3,0,1,0,0.00573065902578797,0.00286532951289398,0.0186246418338109,0.00143266475644699,0.0171919770773639,0.00286532951289398,0,0.00716332378223496,0.0257879656160458,0,0,0.00143266475644699,0.0143266475644699,0.00143266475644699,0.00286532951289398,0.00716332378223496,0,0.00143266475644699,0.00143266475644699,0.00859598853868195,0,0,0.00143266475644699,0,0,0.00429799426934097,0,0.00143266475644699,0,11,13,4,0,14,6,4,2,0,3,5,0.0157593123209169,0.0186246418338109,0.00573065902578797,0,0.0200573065902579,0.00859598853868195,0.00573065902578797,0.00286532951289398,0,0.00429799426934097,0.00716332378223496,698,563,692,7.9320091422392,0.00429799426934097,0.00429799426934097,698,1,1,1
"2023-11-01","Benin",1,0,14,1,16,1,0,8,9,7,1,3,5,1,1,1,2,1,1,3,0,0,0,0,0,1,0,0,0,0.00144300144300144,0,0.0202020202020202,0.00144300144300144,0.0230880230880231,0.00144300144300144,0,0.0115440115440115,0.012987012987013,0.0101010101010101,0.00144300144300144,0.00432900432900433,0.00721500721500722,0.00144300144300144,0.00144300144300144,0.00144300144300144,0.00288600288600289,0.00144300144300144,0.00144300144300144,0.00432900432900433,0,0,0,0,0,0.00144300144300144,0,0,0,10,16,8,0,20,20,1,1,1,1,3,0.0144300144300144,0.0230880230880231,0.0115440115440115,0,0.0288600288600289,0.0288600288600289,0.00144300144300144,0.00144300144300144,0.00144300144300144,0.00144300144300144,0.00432900432900433,693,547,692,6.89035100337842,0,0.00144300144300144,693,1,1,1
"2023-12-01","Benin",4,0,10,0,8,2,0,4,9,9,0,2,6,8,2,3,0,2,5,2,0,0,0,0,0,0,1,0,0,0.00643086816720257,0,0.0160771704180064,0,0.0128617363344051,0.00321543408360129,0,0.00643086816720257,0.0144694533762058,0.0144694533762058,0,0.00321543408360129,0.00964630225080386,0.0128617363344051,0.00321543408360129,0.00482315112540193,0,0.00321543408360129,0.00803858520900321,0.00321543408360129,0,0,0,0,0,0,0.00160771704180064,0,0,16,10,9,0,21,8,0,0,0,1,2,0.0257234726688103,0.0160771704180064,0.0144694533762058,0,0.0337620578778135,0.0128617363344051,0,0,0,0.00160771704180064,0.00321543408360129,622,492,621,7.47763523907746,0.00160771704180064,0.00160771704180064,622,1,1,1
"2024-01-01","Benin",2,0,5,1,17,0,0,11,10,62,1,1,3,0,0,4,0,0,3,2,0,0,0,1,0,1,0,0,0,0.00348432055749129,0,0.00871080139372822,0.00174216027874564,0.029616724738676,0,0,0.0191637630662021,0.0174216027874564,0.10801393728223,0.00174216027874564,0.00174216027874564,0.00522648083623693,0,0,0.00696864111498258,0,0,0.00522648083623693,0.00348432055749129,0,0,0,0.00174216027874564,0,0.00174216027874564,0,0,0,10,6,0,1,12,5,1,0,0,1,3,0.0174216027874564,0.0104529616724739,0,0.00174216027874564,0.0209059233449477,0.00871080139372822,0.00174216027874564,0,0,0.00174216027874564,0.00522648083623693,574,417,572,6.26549028897325,0,0.00348432055749129,574,1,1,1
"2024-02-01","Benin",2,1,10,3,9,1,1,10,12,59,2,6,2,2,3,4,0,1,2,1,0,0,0,1,0,0,1,0,0,0.00373134328358209,0.00186567164179104,0.0186567164179104,0.00559701492537313,0.0167910447761194,0.00186567164179104,0.00186567164179104,0.0186567164179104,0.0223880597014925,0.110074626865672,0.00373134328358209,0.0111940298507463,0.00373134328358209,0.00373134328358209,0.00559701492537313,0.00746268656716418,0,0.00186567164179104,0.00373134328358209,0.00186567164179104,0,0,0,0.00186567164179104,0,0,0.00186567164179104,0,0,10,17,5,0,19,3,3,0,1,2,1,0.0186567164179104,0.0317164179104478,0.00932835820895522,0,0.0354477611940298,0.00559701492537313,0.00559701492537313,0,0.00186567164179104,0.00373134328358209,0.00186567164179104,536,351,534,7.59568879711642,0.00186567164179104,0.00373134328358209,536,1,1,1
"2024-03-01","Benin",0,0,25,23,7,0,0,8,8,66,1,1,1,4,4,2,0,0,1,2,0,0,0,0,0,0,0,0,0,0,0,0.0437062937062937,0.0402097902097902,0.0122377622377622,0,0,0.013986013986014,0.013986013986014,0.115384615384615,0.00174825174825175,0.00174825174825175,0.00174825174825175,0.00699300699300699,0.00699300699300699,0.0034965034965035,0,0,0.00174825174825175,0.0034965034965035,0,0,0,0,0,0,0,0,0,10,14,6,0,8,2,0,0,1,2,5,0.0174825174825175,0.0244755244755245,0.0104895104895105,0,0.013986013986014,0.0034965034965035,0,0,0.00174825174825175,0.0034965034965035,0.00874125874125874,572,376,572,5.07637343021042,0,0.00174825174825175,572,1,1,1
"2024-04-01","Benin",4,0,10,5,16,3,0,6,14,8,0,4,3,1,21,6,0,0,3,4,0,0,0,4,0,0,0,1,0,0.00770712909441233,0,0.0192678227360308,0.00963391136801541,0.0308285163776493,0.00578034682080925,0,0.0115606936416185,0.0269749518304432,0.0154142581888247,0,0.00770712909441233,0.00578034682080925,0.00192678227360308,0.0404624277456647,0.0115606936416185,0,0,0.00578034682080925,0.00770712909441233,0,0,0,0.00770712909441233,0,0,0,0.00192678227360308,0,19,9,4,0,10,3,4,1,0,5,3,0.0366088631984586,0.0173410404624277,0.00770712909441233,0,0.0192678227360308,0.00578034682080925,0.00770712909441233,0.00192678227360308,0,0.00963391136801541,0.00578034682080925,519,359,514,8.79708195084294,0.00192678227360308,0.00963391136801541,519,1,1,1
"2024-05-01","Benin",9,0,8,1,11,5,0,6,21,4,1,3,3,0,24,5,0,4,2,1,0,0,0,0,0,2,0,0,1,0.0146103896103896,0,0.012987012987013,0.00162337662337662,0.0178571428571429,0.00811688311688312,0,0.00974025974025974,0.0340909090909091,0.00649350649350649,0.00162337662337662,0.00487012987012987,0.00487012987012987,0,0.038961038961039,0.00811688311688312,0,0.00649350649350649,0.00324675324675325,0.00162337662337662,0,0,0,0,0,0.00324675324675325,0,0,0.00162337662337662,26,14,1,0,10,11,1,2,0,5,6,0.0422077922077922,0.0227272727272727,0.00162337662337662,0,0.0162337662337662,0.0178571428571429,0.00162337662337662,0.00324675324675325,0,0.00811688311688312,0.00974025974025974,616,437,612,8.60218148805687,0,0.00811688311688312,616,1,1,1
"2024-06-01","Benin",12,0,6,3,11,1,0,4,11,6,0,1,3,3,1,2,0,1,8,4,0,0,0,4,0,1,0,0,0,0.0270880361173815,0,0.0135440180586907,0.00677200902934537,0.0248306997742664,0.00225733634311512,0,0.0090293453724605,0.0248306997742664,0.0135440180586907,0,0.00225733634311512,0.00677200902934537,0.00677200902934537,0.00225733634311512,0.00451467268623025,0,0.00225733634311512,0.018058690744921,0.0090293453724605,0,0,0,0.0090293453724605,0,0.00225733634311512,0,0,0,15,8,3,0,9,4,1,0,1,2,1,0.0338600451467269,0.018058690744921,0.00677200902934537,0,0.0203160270880361,0.0090293453724605,0.00225733634311512,0,0.00225733634311512,0.00451467268623025,0.00225733634311512,443,328,438,10.9996372027084,0.00225733634311512,0.0090293453724605,443,1,1,1
"2024-07-01","Benin",1,1,4,0,12,1,0,10,8,1,0,1,9,2,1,1,0,0,5,3,0,0,0,1,0,0,0,0,0,0.00247524752475248,0.00247524752475248,0.0099009900990099,0,0.0297029702970297,0.00247524752475248,0,0.0247524752475248,0.0198019801980198,0.00247524752475248,0,0.00247524752475248,0.0222772277227723,0.00495049504950495,0.00247524752475248,0.00247524752475248,0,0,0.0123762376237624,0.00742574257425743,0,0,0,0.00247524752475248,0,0,0,0,0,20,2,5,0,8,4,1,0,1,2,2,0.0495049504950495,0.00495049504950495,0.0123762376237624,0,0.0198019801980198,0.0099009900990099,0.00247524752475248,0,0.00247524752475248,0.00495049504950495,0.00495049504950495,404,309,403,8.83593793669682,0,0.00247524752475248,404,1,1,0
"2024-08-01","Benin",6,0,2,2,5,0,0,12,14,2,1,2,6,1,1,1,0,0,5,0,0,0,0,0,0,0,0,0,0,0.0168067226890756,0,0.00560224089635854,0.00560224089635854,0.0140056022408964,0,0,0.0336134453781513,0.0392156862745098,0.00560224089635854,0.00280112044817927,0.00560224089635854,0.0168067226890756,0.00280112044817927,0.00280112044817927,0.00280112044817927,0,0,0.0140056022408964,0,0,0,0,0,0,0,0,0,0,15,5,1,0,4,5,0,0,0,2,1,0.0420168067226891,0.0140056022408964,0.00280112044817927,0,0.0112044817927171,0.0140056022408964,0,0,0,0.00560224089635854,0.00280112044817927,357,268,355,10.5994493458622,0,0.00560224089635854,357,1,1,0
"2024-09-01","Benin",16,0,2,2,7,9,0,4,2,6,0,1,2,2,1,1,0,0,3,1,0,0,0,0,0,0,0,0,0,0.043010752688172,0,0.00537634408602151,0.00537634408602151,0.0188172043010753,0.0241935483870968,0,0.010752688172043,0.00537634408602151,0.0161290322580645,0,0.00268817204301075,0.00537634408602151,0.00537634408602151,0.00268817204301075,0.00268817204301075,0,0,0.00806451612903226,0.00268817204301075,0,0,0,0,0,0,0,0,0,18,5,1,0,6,8,2,2,0,1,2,0.0483870967741935,0.0134408602150538,0.00268817204301075,0,0.0161290322580645,0.021505376344086,0.00537634408602151,0.00537634408602151,0,0.00268817204301075,0.00537634408602151,372,271,372,12.326237716518,0,0.00806451612903226,372,1,1,0
