"date","country","arrest","censor","electionactivity","electionirregularities","cooperate","coup","defamationcase","disaster","legalaction","legalchange","martiallaw","mobilizesecurity","corruption","activism","protest","purge","raid","threaten","violencelethal","violencenonlethal","arms_transfer_security_aid_assistance","bribery_economic_corruption","diplomatic_mediation","diplomatic_recognition","diplomatic_sanction","diplomatic_statement","diplomatic_visit","economic_aid_assistance","investment","joint_security_force_exercise","professional_cultural_exchange","security_cooperation","security_force_facility_presence","surveillance","tech_transfer_investment","trade_agreement_exchange","trade_financial_sanction","transnational_organization_crime","arrestNorm","censorNorm","electionactivityNorm","electionirregularitiesNorm","cooperateNorm","coupNorm","defamationcaseNorm","disasterNorm","legalactionNorm","legalchangeNorm","martiallawNorm","mobilizesecurityNorm","corruptionNorm","activismNorm","protestNorm","purgeNorm","raidNorm","threatenNorm","violencelethalNorm","violencenonlethalNorm","arms_transfer_security_aid_assistanceNorm","bribery_economic_corruptionNorm","diplomatic_mediationNorm","diplomatic_recognitionNorm","diplomatic_sanctionNorm","diplomatic_statementNorm","diplomatic_visitNorm","economic_aid_assistanceNorm","investmentNorm","joint_security_force_exerciseNorm","professional_cultural_exchangeNorm","security_cooperationNorm","security_force_facility_presenceNorm","surveillanceNorm","tech_transfer_investmentNorm","trade_agreement_exchangeNorm","trade_financial_sanctionNorm","transnational_organization_crimeNorm","ncr_arrest","ncr_cooperate","ncr_corruption","ncr_defamationcase","ncr_legalaction","ncr_legalchange","ncr_purge","ncr_raid","ncr_threaten","ncr_violencelethal","ncr_violencenonlethal","ncr_arrestNorm","ncr_cooperateNorm","ncr_corruptionNorm","ncr_defamationcaseNorm","ncr_legalactionNorm","ncr_legalchangeNorm","ncr_purgeNorm","ncr_raidNorm","ncr_threatenNorm","ncr_violencelethalNorm","ncr_violencenonlethalNorm","article_total","cs_999","rai_999","f1","rus_influence","chn_influence","total_articles","liberianobserver.com","analystliberiaonline.com","frontpageafricaonline.com","inquirernewspaper.com","thenewsnewspaper.online"
"2016-01-01","Liberia",0,0,6,1,1,0,0,35,2,3,1,1,5,1,0,3,0,0,0,0,0,0,0,0,0,0,0,0,2,0,0,0,0,0,0,1,0,0,0,0,0.0263157894736842,0.0043859649122807,0.0043859649122807,0,0,0.153508771929825,0.0087719298245614,0.0131578947368421,0.0043859649122807,0.0043859649122807,0.0219298245614035,0.0043859649122807,0,0.0131578947368421,0,0,0,0,0,0,0,0,0,0,0,0,0.0087719298245614,0,0,0,0,0,0,0.0043859649122807,0,0,3,5,4,0,7,1,0,0,0,1,1,0.0131578947368421,0.0219298245614035,0.0175438596491228,0,0.0307017543859649,0.0043859649122807,0,0,0,0.0043859649122807,0.0043859649122807,228,156,0,2.4113552873785,0.0043859649122807,0.0087719298245614,228,0,0,0,0,0
"2016-02-01","Liberia",0,0,5,0,8,0,0,10,7,1,0,0,4,0,1,1,0,1,1,1,1,0,0,0,0,0,0,0,0,0,1,0,0,0,0,0,1,0,0,0,0.0232558139534884,0,0.0372093023255814,0,0,0.0465116279069767,0.0325581395348837,0.00465116279069767,0,0,0.0186046511627907,0,0.00465116279069767,0.00465116279069767,0,0.00465116279069767,0.00465116279069767,0.00465116279069767,0.00465116279069767,0,0,0,0,0,0,0,0,0,0.00465116279069767,0,0,0,0,0,0.00465116279069767,0,3,5,2,1,7,0,0,2,1,2,0,0.013953488372093,0.0232558139534884,0.00930232558139535,0.00465116279069767,0.0325581395348837,0,0,0.00930232558139535,0.00465116279069767,0.00930232558139535,0,215,158,1,2.75337493518909,0.00465116279069767,0.00930232558139535,215,0,0,0,0,0
"2016-03-01","Liberia",2,1,2,0,5,0,1,16,5,1,0,3,4,1,2,3,1,2,1,3,0,0,0,0,0,0,0,1,0,0,1,0,0,0,0,0,0,0,0.00687285223367698,0.00343642611683849,0.00687285223367698,0,0.0171821305841924,0,0.00343642611683849,0.0549828178694158,0.0171821305841924,0.00343642611683849,0,0.0103092783505155,0.013745704467354,0.00343642611683849,0.00687285223367698,0.0103092783505155,0.00343642611683849,0.00687285223367698,0.00343642611683849,0.0103092783505155,0,0,0,0,0,0,0,0.00343642611683849,0,0,0.00343642611683849,0,0,0,0,0,0,0,1,3,0,0,6,1,5,0,0,1,1,0.00343642611683849,0.0103092783505155,0,0,0.0206185567010309,0.00343642611683849,0.0171821305841924,0,0,0.00343642611683849,0.00343642611683849,291,224,0,2.33379665086348,0,0.00687285223367698,291,0,0,1,0,0
"2016-04-01","Liberia",2,0,9,1,7,1,0,25,13,1,0,1,13,4,8,8,0,5,0,1,0,0,0,0,0,0,0,0,0,0,2,0,0,0,1,0,0,0,0.00479616306954436,0,0.0215827338129496,0.00239808153477218,0.0167865707434053,0.00239808153477218,0,0.0599520383693046,0.0311750599520384,0.00239808153477218,0,0.00239808153477218,0.0311750599520384,0.00959232613908873,0.0191846522781775,0.0191846522781775,0,0.0119904076738609,0,0.00239808153477218,0,0,0,0,0,0,0,0,0,0,0.00479616306954436,0,0,0,0.00239808153477218,0,0,0,9,7,7,2,13,3,1,0,1,1,3,0.0215827338129496,0.0167865707434053,0.0167865707434053,0.00479616306954436,0.0311750599520384,0.00719424460431655,0.00239808153477218,0,0.00239808153477218,0.00239808153477218,0.00719424460431655,417,293,0,4.8901029859412,0,0.00719424460431655,417,0,0,1,0,0
"2016-05-01","Liberia",2,0,11,0,8,0,1,7,33,13,0,1,44,4,3,20,1,1,0,1,0,0,0,0,0,0,0,0,0,0,0,0,0,0,1,0,0,0,0.00466200466200466,0,0.0256410256410256,0,0.0186480186480186,0,0.00233100233100233,0.0163170163170163,0.0769230769230769,0.0303030303030303,0,0.00233100233100233,0.102564102564103,0.00932400932400932,0.00699300699300699,0.0466200466200466,0.00233100233100233,0.00233100233100233,0,0.00233100233100233,0,0,0,0,0,0,0,0,0,0,0,0,0,0,0.00233100233100233,0,0,0,6,9,6,0,5,1,2,0,0,1,2,0.013986013986014,0.020979020979021,0.013986013986014,0,0.0116550116550117,0.00233100233100233,0.00466200466200466,0,0,0.00233100233100233,0.00466200466200466,429,296,2,10.4766996511092,0.00233100233100233,0,429,0,0,1,0,0
"2016-06-01","Liberia",1,1,15,1,10,4,2,6,33,8,0,0,29,5,2,6,0,0,0,0,0,0,0,0,0,0,0,0,1,0,0,0,1,0,0,0,0,0,0.00198807157057654,0.00198807157057654,0.0298210735586481,0.00198807157057654,0.0198807157057654,0.00795228628230616,0.00397614314115308,0.0119284294234592,0.0656063618290258,0.0159045725646123,0,0,0.0576540755467197,0.0099403578528827,0.00397614314115308,0.0119284294234592,0,0,0,0,0,0,0,0,0,0,0,0,0.00198807157057654,0,0,0,0.00198807157057654,0,0,0,0,0,5,12,9,0,13,5,2,1,0,3,6,0.0099403578528827,0.0238568588469185,0.0178926441351889,0,0.025844930417495,0.0099403578528827,0.00397614314115308,0.00198807157057654,0,0.00596421471172962,0.0119284294234592,503,363,0,7.99056646973946,0,0.00397614314115308,503,0,0,1,0,0
"2016-07-01","Liberia",1,1,6,1,13,1,0,16,15,10,0,1,16,4,6,4,0,3,0,3,0,0,0,2,0,0,1,0,0,0,1,0,0,0,0,0,0,0,0.00221729490022173,0.00221729490022173,0.0133037694013304,0.00221729490022173,0.0288248337028825,0.00221729490022173,0,0.0354767184035477,0.0332594235033259,0.0221729490022173,0,0.00221729490022173,0.0354767184035477,0.00886917960088692,0.0133037694013304,0.00886917960088692,0,0.00665188470066519,0,0.00665188470066519,0,0,0,0.00443458980044346,0,0,0.00221729490022173,0,0,0,0.00221729490022173,0,0,0,0,0,0,0,1,23,1,0,6,2,0,2,0,2,2,0.00221729490022173,0.0509977827050998,0.00221729490022173,0,0.0133037694013304,0.00443458980044346,0,0.00443458980044346,0,0.00443458980044346,0.00443458980044346,451,327,0,4.86819008055767,0,0.00886917960088692,451,0,0,1,0,0
"2016-08-01","Liberia",1,3,8,1,13,1,0,4,14,3,0,4,17,4,0,9,1,2,0,2,0,0,0,1,0,0,1,0,1,1,0,0,0,0,0,0,0,0,0.00242718446601942,0.00728155339805825,0.0194174757281553,0.00242718446601942,0.0315533980582524,0.00242718446601942,0,0.00970873786407767,0.0339805825242718,0.00728155339805825,0,0.00970873786407767,0.0412621359223301,0.00970873786407767,0,0.0218446601941748,0.00242718446601942,0.00485436893203883,0,0.00485436893203883,0,0,0,0.00242718446601942,0,0,0.00242718446601942,0,0.00242718446601942,0.00242718446601942,0,0,0,0,0,0,0,0,3,7,5,0,16,1,0,2,1,0,5,0.00728155339805825,0.0169902912621359,0.0121359223300971,0,0.0388349514563107,0.00242718446601942,0,0.00485436893203883,0.00242718446601942,0,0.0121359223300971,412,307,0,4.6232346239477,0,0.0121359223300971,412,0,0,1,0,0
"2016-09-01","Liberia",3,0,8,1,22,2,2,6,15,4,0,0,16,1,5,14,1,5,1,3,0,0,0,0,0,0,0,0,2,0,0,2,0,0,0,0,0,0,0.0069284064665127,0,0.0184757505773672,0.0023094688221709,0.0508083140877598,0.0046189376443418,0.0046189376443418,0.0138568129330254,0.0346420323325635,0.0092378752886836,0,0,0.0369515011547344,0.0023094688221709,0.0115473441108545,0.0323325635103926,0.0023094688221709,0.0115473441108545,0.0023094688221709,0.0069284064665127,0,0,0,0,0,0,0,0,0.0046189376443418,0,0,0.0046189376443418,0,0,0,0,0,0,3,12,3,0,20,10,1,1,1,2,0,0.0069284064665127,0.0277136258660508,0.0069284064665127,0,0.046189376443418,0.023094688221709,0.0023094688221709,0.0023094688221709,0.0023094688221709,0.0046189376443418,0,433,290,0,6.4526802306329,0,0.0092378752886836,433,0,0,1,0,0
"2016-10-01","Liberia",1,0,8,4,12,1,1,5,19,4,0,1,17,1,5,4,0,1,0,2,0,0,0,0,0,0,0,1,2,0,0,0,0,0,0,0,0,2,0.0025062656641604,0,0.0200501253132832,0.0100250626566416,0.0300751879699248,0.0025062656641604,0.0025062656641604,0.012531328320802,0.0476190476190476,0.0100250626566416,0,0.0025062656641604,0.0426065162907268,0.0025062656641604,0.012531328320802,0.0100250626566416,0,0.0025062656641604,0,0.0050125313283208,0,0,0,0,0,0,0,0.0025062656641604,0.0050125313283208,0,0,0,0,0,0,0,0,0.0050125313283208,6,4,4,1,8,0,2,2,1,0,5,0.0150375939849624,0.0100250626566416,0.0100250626566416,0.0025062656641604,0.0200501253132832,0,0.0050125313283208,0.0050125313283208,0.0025062656641604,0,0.012531328320802,399,302,0,5.31315662865153,0.0025062656641604,0.0100250626566416,399,0,0,1,0,0
"2016-11-01","Liberia",1,0,18,1,21,0,0,7,15,5,0,0,16,4,3,8,2,0,3,1,2,0,0,0,0,0,0,0,1,0,0,0,0,0,0,0,0,0,0.00246913580246914,0,0.0444444444444444,0.00246913580246914,0.0518518518518519,0,0,0.0172839506172839,0.037037037037037,0.0123456790123457,0,0,0.0395061728395062,0.00987654320987654,0.00740740740740741,0.0197530864197531,0.00493827160493827,0,0.00740740740740741,0.00246913580246914,0.00493827160493827,0,0,0,0,0,0,0,0.00246913580246914,0,0,0,0,0,0,0,0,0,3,15,5,1,7,4,0,1,1,1,1,0.00740740740740741,0.037037037037037,0.0123456790123457,0.00246913580246914,0.0172839506172839,0.00987654320987654,0,0.00246913580246914,0.00246913580246914,0.00246913580246914,0.00246913580246914,405,283,3,4.77283712186705,0,0.00740740740740741,405,0,0,1,0,0
"2016-12-01","Liberia",0,0,6,2,9,6,2,1,13,9,0,1,14,2,3,4,0,0,0,1,0,1,0,0,0,0,0,0,0,0,0,1,0,0,0,0,0,0,0,0,0.0186915887850467,0.00623052959501558,0.0280373831775701,0.0186915887850467,0.00623052959501558,0.00311526479750779,0.0404984423676012,0.0280373831775701,0,0.00311526479750779,0.043613707165109,0.00623052959501558,0.00934579439252336,0.0124610591900312,0,0,0,0.00311526479750779,0,0.00311526479750779,0,0,0,0,0,0,0,0,0,0.00311526479750779,0,0,0,0,0,0,1,9,2,1,6,3,0,0,1,1,2,0.00311526479750779,0.0280373831775701,0.00623052959501558,0.00311526479750779,0.0186915887850467,0.00934579439252336,0,0,0.00311526479750779,0.00311526479750779,0.00623052959501558,321,240,2,7.87766970849872,0,0.00623052959501558,321,0,0,1,0,0
"2017-01-01","Liberia",1,1,24,3,9,3,0,2,21,4,0,0,20,3,11,5,0,2,1,1,2,1,0,0,0,1,0,0,0,0,0,0,0,0,0,0,0,0,0.00307692307692308,0.00307692307692308,0.0738461538461539,0.00923076923076923,0.0276923076923077,0.00923076923076923,0,0.00615384615384615,0.0646153846153846,0.0123076923076923,0,0,0.0615384615384615,0.00923076923076923,0.0338461538461538,0.0153846153846154,0,0.00615384615384615,0.00307692307692308,0.00307692307692308,0.00615384615384615,0.00307692307692308,0,0,0,0.00307692307692308,0,0,0,0,0,0,0,0,0,0,0,0,3,3,4,1,14,0,2,1,2,1,3,0.00923076923076923,0.00923076923076923,0.0123076923076923,0.00307692307692308,0.0430769230769231,0,0.00615384615384615,0.00307692307692308,0.00615384615384615,0.00307692307692308,0.00923076923076923,325,203,0,8.27696313393608,0,0.0123076923076923,325,0,0,1,0,0
"2017-02-01","Liberia",1,0,19,6,9,1,0,4,15,6,0,0,17,0,2,8,0,4,0,0,0,0,0,0,0,0,0,0,0,0,0,0,0,0,0,0,0,0,0.00332225913621262,0,0.0631229235880399,0.0199335548172757,0.0299003322259136,0.00332225913621262,0,0.0132890365448505,0.0498338870431894,0.0199335548172757,0,0,0.0564784053156146,0,0.00664451827242525,0.026578073089701,0,0.0132890365448505,0,0,0,0,0,0,0,0,0,0,0,0,0,0,0,0,0,0,0,0,2,10,4,0,10,4,0,0,0,1,2,0.00664451827242525,0.0332225913621262,0.0132890365448505,0,0.0332225913621262,0.0132890365448505,0,0,0,0.00332225913621262,0.00664451827242525,301,196,0,6.6768642507178,0,0,301,0,0,1,0,0
"2017-03-01","Liberia",1,0,27,3,18,0,0,3,13,5,0,0,18,1,1,6,0,1,1,1,0,0,0,0,0,0,2,0,0,0,0,0,0,0,0,0,0,0,0.0025706940874036,0,0.0694087403598972,0.0077120822622108,0.0462724935732648,0,0,0.0077120822622108,0.0334190231362468,0.012853470437018,0,0,0.0462724935732648,0.0025706940874036,0.0025706940874036,0.0154241645244216,0,0.0025706940874036,0.0025706940874036,0.0025706940874036,0,0,0,0,0,0,0.0051413881748072,0,0,0,0,0,0,0,0,0,0,0,2,19,12,1,16,3,1,1,0,0,0,0.0051413881748072,0.0488431876606684,0.0308483290488432,0.0025706940874036,0.0411311053984576,0.0077120822622108,0.0025706940874036,0.0025706940874036,0,0,0,389,266,0,4.74947530237522,0,0.0051413881748072,389,0,0,1,0,0
"2017-04-01","Liberia",3,0,13,0,17,0,0,9,10,2,1,2,7,4,3,5,0,4,3,0,1,0,0,1,0,0,0,0,1,0,0,0,0,0,1,0,0,0,0.00763358778625954,0,0.0330788804071247,0,0.0432569974554707,0,0,0.0229007633587786,0.0254452926208651,0.00508905852417303,0.00254452926208651,0.00508905852417303,0.0178117048346056,0.0101781170483461,0.00763358778625954,0.0127226463104326,0,0.0101781170483461,0.00763358778625954,0,0.00254452926208651,0,0,0.00254452926208651,0,0,0,0,0.00254452926208651,0,0,0,0,0,0.00254452926208651,0,0,0,5,14,6,0,16,2,2,1,0,1,0,0.0127226463104326,0.0356234096692112,0.0152671755725191,0,0.0407124681933842,0.00508905852417303,0.00508905852417303,0.00254452926208651,0,0.00254452926208651,0,393,274,0,3.3248660314055,0,0.0101781170483461,393,0,0,1,0,0
"2017-05-01","Liberia",0,0,26,1,17,0,1,14,14,7,0,1,12,3,6,6,1,1,2,2,0,0,0,2,0,0,0,0,0,0,0,0,0,0,1,0,2,0,0,0,0.0651629072681704,0.0025062656641604,0.0426065162907268,0,0.0025062656641604,0.0350877192982456,0.0350877192982456,0.0175438596491228,0,0.0025062656641604,0.0300751879699248,0.0075187969924812,0.0150375939849624,0.0150375939849624,0.0025062656641604,0.0025062656641604,0.0050125313283208,0.0050125313283208,0,0,0,0.0050125313283208,0,0,0,0,0,0,0,0,0,0,0.0025062656641604,0,0.0050125313283208,0,4,8,4,0,5,2,3,1,0,5,2,0.0100250626566416,0.0200501253132832,0.0100250626566416,0,0.012531328320802,0.0050125313283208,0.0075187969924812,0.0025062656641604,0,0.012531328320802,0.0050125313283208,399,265,0,4.48907409777359,0,0.012531328320802,399,1,0,1,0,0
"2017-06-01","Liberia",5,0,32,9,14,0,0,4,18,10,0,4,13,2,3,4,0,0,0,0,0,0,0,0,1,0,0,1,0,0,0,0,0,0,0,0,0,0,0.01,0,0.064,0.018,0.028,0,0,0.008,0.036,0.02,0,0.008,0.026,0.004,0.006,0.008,0,0,0,0,0,0,0,0,0.002,0,0,0.002,0,0,0,0,0,0,0,0,0,0,10,12,5,1,19,5,0,0,1,0,0,0.02,0.024,0.01,0.002,0.038,0.01,0,0,0.002,0,0,500,346,0,3.81827960583572,0,0.004,500,0,0,1,0,0
"2017-07-01","Liberia",4,0,42,8,9,0,1,7,10,8,0,1,4,1,4,5,0,3,1,1,0,0,0,0,0,0,0,0,0,1,1,1,0,0,0,0,0,0,0.00892857142857143,0,0.09375,0.0178571428571429,0.0200892857142857,0,0.00223214285714286,0.015625,0.0223214285714286,0.0178571428571429,0,0.00223214285714286,0.00892857142857143,0.00223214285714286,0.00892857142857143,0.0111607142857143,0,0.00669642857142857,0.00223214285714286,0.00223214285714286,0,0,0,0,0,0,0,0,0,0.00223214285714286,0.00223214285714286,0.00223214285714286,0,0,0,0,0,0,0,12,4,0,9,2,1,1,4,2,0,0,0.0267857142857143,0.00892857142857143,0,0.0200892857142857,0.00446428571428571,0.00223214285714286,0.00223214285714286,0.00892857142857143,0.00446428571428571,0,448,312,0,3.54860710350792,0,0.00669642857142857,448,1,0,1,0,0
"2017-08-01","Liberia",2,2,63,7,20,1,0,7,15,11,0,2,9,1,3,11,1,3,0,5,1,0,0,0,0,1,0,0,0,0,0,1,0,0,0,0,0,1,0.00393700787401575,0.00393700787401575,0.124015748031496,0.0137795275590551,0.0393700787401575,0.00196850393700787,0,0.0137795275590551,0.0295275590551181,0.0216535433070866,0,0.00393700787401575,0.0177165354330709,0.00196850393700787,0.00590551181102362,0.0216535433070866,0.00196850393700787,0.00590551181102362,0,0.00984251968503937,0.00196850393700787,0,0,0,0,0.00196850393700787,0,0,0,0,0,0.00196850393700787,0,0,0,0,0,0.00196850393700787,4,9,2,0,8,6,2,0,2,1,3,0.0078740157480315,0.0177165354330709,0.00393700787401575,0,0.015748031496063,0.0118110236220472,0.00393700787401575,0,0.00393700787401575,0.00196850393700787,0.00590551181102362,508,319,0,4.06269237550409,0,0.0078740157480315,508,1,0,1,0,0
"2017-09-01","Liberia",1,0,58,8,17,0,1,5,16,2,1,5,8,2,0,3,1,3,1,4,0,0,0,0,0,1,0,1,2,0,0,0,1,0,0,0,0,0,0.00210526315789474,0,0.122105263157895,0.0168421052631579,0.0357894736842105,0,0.00210526315789474,0.0105263157894737,0.0336842105263158,0.00421052631578947,0.00210526315789474,0.0105263157894737,0.0168421052631579,0.00421052631578947,0,0.00631578947368421,0.00210526315789474,0.00631578947368421,0.00210526315789474,0.00842105263157895,0,0,0,0,0,0.00210526315789474,0,0.00210526315789474,0.00421052631578947,0,0,0,0.00210526315789474,0,0,0,0,0,2,18,1,1,9,2,1,0,0,2,2,0.00421052631578947,0.0378947368421053,0.00210526315789474,0.00210526315789474,0.0189473684210526,0.00421052631578947,0.00210526315789474,0,0,0.00421052631578947,0.00421052631578947,475,312,0,2.12614580797491,0,0.0105263157894737,475,0,0,1,0,0
"2017-10-01","Liberia",1,0,175,42,8,2,1,9,16,11,2,2,10,4,7,4,0,4,2,0,0,0,0,0,0,0,0,0,0,0,0,0,0,0,0,0,0,0,0.00153846153846154,0,0.269230769230769,0.0646153846153846,0.0123076923076923,0.00307692307692308,0.00153846153846154,0.0138461538461538,0.0246153846153846,0.0169230769230769,0.00307692307692308,0.00307692307692308,0.0153846153846154,0.00615384615384615,0.0107692307692308,0.00615384615384615,0,0.00615384615384615,0.00307692307692308,0,0,0,0,0,0,0,0,0,0,0,0,0,0,0,0,0,0,0,2,2,3,1,5,1,2,0,1,2,4,0.00307692307692308,0.00307692307692308,0.00461538461538462,0.00153846153846154,0.00769230769230769,0.00153846153846154,0.00307692307692308,0,0.00153846153846154,0.00307692307692308,0.00615384615384615,650,342,0,3.44308628739645,0,0.00153846153846154,650,1,0,1,0,0
"2017-11-01","Liberia",0,1,34,71,15,0,1,5,27,6,0,1,27,3,5,6,2,4,0,4,0,0,0,0,0,0,0,0,0,0,0,0,0,0,0,1,0,0,0,0.00209205020920502,0.0711297071129707,0.148535564853556,0.0313807531380753,0,0.00209205020920502,0.0104602510460251,0.0564853556485356,0.0125523012552301,0,0.00209205020920502,0.0564853556485356,0.00627615062761506,0.0104602510460251,0.0125523012552301,0.00418410041841004,0.00836820083682008,0,0.00836820083682008,0,0,0,0,0,0,0,0,0,0,0,0,0,0,0,0.00209205020920502,0,0,2,10,5,0,5,2,2,0,0,3,0,0.00418410041841004,0.0209205020920502,0.0104602510460251,0,0.0104602510460251,0.00418410041841004,0.00418410041841004,0,0,0.00627615062761506,0,478,269,0,5.6569469691528,0,0.00209205020920502,478,1,0,1,0,0
"2017-12-01","Liberia",2,0,173,18,11,1,0,1,20,6,0,3,16,4,1,3,0,2,0,1,0,0,0,0,0,1,0,1,1,0,0,1,1,1,0,0,0,0,0.00288600288600289,0,0.24963924963925,0.025974025974026,0.0158730158730159,0.00144300144300144,0,0.00144300144300144,0.0288600288600289,0.00865800865800866,0,0.00432900432900433,0.0230880230880231,0.00577200577200577,0.00144300144300144,0.00432900432900433,0,0.00288600288600289,0,0.00144300144300144,0,0,0,0,0,0.00144300144300144,0,0.00144300144300144,0.00144300144300144,0,0,0.00144300144300144,0.00144300144300144,0.00144300144300144,0,0,0,0,4,8,3,2,9,0,1,0,0,0,2,0.00577200577200577,0.0115440115440115,0.00432900432900433,0.00288600288600289,0.012987012987013,0,0.00144300144300144,0,0,0,0.00288600288600289,693,421,2,3.1207926426844,0,0.00865800865800866,693,0,0,1,0,0
"2018-01-01","Liberia",2,0,19,0,9,2,0,13,12,13,0,0,20,3,8,13,0,4,0,0,0,0,0,2,1,1,0,0,0,0,0,1,0,0,0,1,0,0,0.0036101083032491,0,0.0342960288808664,0,0.0162454873646209,0.0036101083032491,0,0.0234657039711191,0.0216606498194946,0.0234657039711191,0,0,0.036101083032491,0.00541516245487365,0.0144404332129964,0.0234657039711191,0,0.0072202166064982,0,0,0,0,0,0.0036101083032491,0.00180505415162455,0.00180505415162455,0,0,0,0,0,0.00180505415162455,0,0,0,0.00180505415162455,0,0,3,3,2,0,7,4,1,0,0,3,2,0.00541516245487365,0.00541516245487365,0.0036101083032491,0,0.0126353790613718,0.0072202166064982,0.00180505415162455,0,0,0.00541516245487365,0.0036101083032491,554,430,2,5.47550711174853,0,0.0108303249097473,554,1,0,1,0,0
"2018-02-01","Liberia",3,0,2,1,16,0,2,9,24,8,2,0,17,5,7,8,1,4,0,5,0,0,0,0,0,0,0,0,1,0,1,1,1,1,0,0,1,0,0.00595238095238095,0,0.00396825396825397,0.00198412698412698,0.0317460317460317,0,0.00396825396825397,0.0178571428571429,0.0476190476190476,0.0158730158730159,0.00396825396825397,0,0.0337301587301587,0.00992063492063492,0.0138888888888889,0.0158730158730159,0.00198412698412698,0.00793650793650794,0,0.00992063492063492,0,0,0,0,0,0,0,0,0.00198412698412698,0,0.00198412698412698,0.00198412698412698,0.00198412698412698,0.00198412698412698,0,0,0.00198412698412698,0,4,15,8,0,12,4,2,1,0,4,0,0.00793650793650794,0.0297619047619048,0.0158730158730159,0,0.0238095238095238,0.00793650793650794,0.00396825396825397,0.00198412698412698,0,0.00793650793650794,0,504,365,0,5.7620067617996,0.00198412698412698,0.00992063492063492,504,1,0,1,0,0
"2018-03-01","Liberia",0,0,13,4,15,0,0,6,7,14,0,2,11,4,1,9,0,2,0,1,0,0,0,1,0,2,1,2,0,0,1,1,0,0,1,1,0,0,0,0,0.0257936507936508,0.00793650793650794,0.0297619047619048,0,0,0.0119047619047619,0.0138888888888889,0.0277777777777778,0,0.00396825396825397,0.0218253968253968,0.00793650793650794,0.00198412698412698,0.0178571428571429,0,0.00396825396825397,0,0.00198412698412698,0,0,0,0.00198412698412698,0,0.00396825396825397,0.00198412698412698,0.00396825396825397,0,0,0.00198412698412698,0.00198412698412698,0,0,0.00198412698412698,0.00198412698412698,0,0,0,7,1,1,6,4,0,0,1,0,2,0,0.0138888888888889,0.00198412698412698,0.00198412698412698,0.0119047619047619,0.00793650793650794,0,0,0.00198412698412698,0,0.00396825396825397,504,405,0,3.51542484523148,0.00396825396825397,0.0178571428571429,504,1,0,1,0,0
"2018-04-01","Liberia",7,2,20,8,14,1,3,10,26,6,0,3,24,6,2,9,0,1,2,2,1,1,0,0,0,1,1,0,0,0,0,0,0,0,1,0,0,0,0.0141414141414141,0.00404040404040404,0.0404040404040404,0.0161616161616162,0.0282828282828283,0.00202020202020202,0.00606060606060606,0.0202020202020202,0.0525252525252525,0.0121212121212121,0,0.00606060606060606,0.0484848484848485,0.0121212121212121,0.00404040404040404,0.0181818181818182,0,0.00202020202020202,0.00404040404040404,0.00404040404040404,0.00202020202020202,0.00202020202020202,0,0,0,0.00202020202020202,0.00202020202020202,0,0,0,0,0,0,0,0.00202020202020202,0,0,0,4,9,4,1,16,4,0,0,1,3,1,0.00808080808080808,0.0181818181818182,0.00808080808080808,0.00202020202020202,0.0323232323232323,0.00808080808080808,0,0,0.00202020202020202,0.00606060606060606,0.00202020202020202,495,336,0,7.40547019880964,0.00404040404040404,0.00808080808080808,495,1,0,1,0,0
"2018-05-01","Liberia",1,0,10,4,17,1,1,9,16,10,0,2,8,7,5,6,0,6,1,0,0,1,0,3,0,0,0,1,1,0,1,1,0,0,0,0,0,0,0.00200803212851406,0,0.0200803212851406,0.00803212851405622,0.034136546184739,0.00200803212851406,0.00200803212851406,0.0180722891566265,0.0321285140562249,0.0200803212851406,0,0.00401606425702811,0.0160642570281124,0.0140562248995984,0.0100401606425703,0.0120481927710843,0,0.0120481927710843,0.00200803212851406,0,0,0.00200803212851406,0,0.00602409638554217,0,0,0,0.00200803212851406,0.00200803212851406,0,0.00200803212851406,0.00200803212851406,0,0,0,0,0,0,2,17,4,0,2,10,3,2,0,3,2,0.00401606425702811,0.034136546184739,0.00803212851405622,0,0.00401606425702811,0.0200803212851406,0.00602409638554217,0.00401606425702811,0,0.00602409638554217,0.00401606425702811,498,361,0,4.4424626283753,0.00200803212851406,0.0140562248995984,498,1,0,1,0,0
"2018-06-01","Liberia",0,2,5,2,14,0,1,8,18,16,0,1,9,2,4,6,0,3,1,2,0,0,0,0,2,2,0,0,0,0,0,0,0,0,0,0,0,1,0,0.00441501103752759,0.011037527593819,0.00441501103752759,0.0309050772626932,0,0.0022075055187638,0.0176600441501104,0.0397350993377483,0.0353200883002208,0,0.0022075055187638,0.0198675496688742,0.00441501103752759,0.00883002207505519,0.0132450331125828,0,0.00662251655629139,0.0022075055187638,0.00441501103752759,0,0,0,0,0.00441501103752759,0.00441501103752759,0,0,0,0,0,0,0,0,0,0,0,0.0022075055187638,7,23,5,0,14,1,2,1,0,1,0,0.0154525386313466,0.0507726269315673,0.011037527593819,0,0.0309050772626932,0.0022075055187638,0.00441501103752759,0.0022075055187638,0,0.0022075055187638,0,453,320,2,4.78212419030408,0.0022075055187638,0.00883002207505519,453,1,0,1,0,0
"2018-07-01","Liberia",1,0,16,4,16,0,1,13,16,12,1,1,14,5,5,9,0,5,0,0,1,0,0,0,0,1,0,0,2,0,0,0,1,0,0,0,0,0,0.0020746887966805,0,0.033195020746888,0.00829875518672199,0.033195020746888,0,0.0020746887966805,0.0269709543568465,0.033195020746888,0.024896265560166,0.0020746887966805,0.0020746887966805,0.029045643153527,0.0103734439834025,0.0103734439834025,0.0186721991701245,0,0.0103734439834025,0,0,0.0020746887966805,0,0,0,0,0.0020746887966805,0,0,0.004149377593361,0,0,0,0.0020746887966805,0,0,0,0,0,7,16,6,0,9,3,1,0,0,2,1,0.0145228215767635,0.033195020746888,0.012448132780083,0,0.0186721991701245,0.00622406639004149,0.0020746887966805,0,0,0.004149377593361,0.0020746887966805,482,335,1,5.10251333586521,0,0.0103734439834025,482,0,0,1,0,0
"2018-08-01","Liberia",0,0,14,4,18,1,1,9,23,6,0,0,15,2,3,16,0,4,0,0,0,0,0,2,0,1,1,1,0,0,1,0,0,0,1,0,0,0,0,0,0.0286298568507157,0.0081799591002045,0.0368098159509202,0.00204498977505112,0.00204498977505112,0.0184049079754601,0.0470347648261759,0.0122699386503067,0,0,0.0306748466257669,0.00408997955010225,0.00613496932515337,0.032719836400818,0,0.0081799591002045,0,0,0,0,0,0.00408997955010225,0,0.00204498977505112,0.00204498977505112,0.00204498977505112,0,0,0.00204498977505112,0,0,0,0.00204498977505112,0,0,0,5,14,4,0,11,3,2,0,0,3,1,0.0102249488752556,0.0286298568507157,0.0081799591002045,0,0.0224948875255624,0.00613496932515337,0.00408997955010225,0,0,0.00613496932515337,0.00204498977505112,489,348,1,5.97280729566435,0.00204498977505112,0.0122699386503067,489,0,0,1,0,0
"2018-09-01","Liberia",11,0,8,0,15,1,3,2,40,17,0,1,14,8,13,9,0,2,1,1,2,0,1,0,0,5,1,2,4,0,0,2,0,0,0,1,1,0,0.0237068965517241,0,0.0172413793103448,0,0.0323275862068966,0.0021551724137931,0.00646551724137931,0.00431034482758621,0.0862068965517241,0.0366379310344828,0,0.0021551724137931,0.0301724137931034,0.0172413793103448,0.0280172413793103,0.0193965517241379,0,0.00431034482758621,0.0021551724137931,0.0021551724137931,0.00431034482758621,0,0.0021551724137931,0,0,0.0107758620689655,0.0021551724137931,0.00431034482758621,0.00862068965517241,0,0,0.00431034482758621,0,0,0,0.0021551724137931,0.0021551724137931,0,2,19,2,1,10,4,2,1,1,1,2,0.00431034482758621,0.040948275862069,0.00431034482758621,0.0021551724137931,0.021551724137931,0.00862068965517241,0.00431034482758621,0.0021551724137931,0.0021551724137931,0.0021551724137931,0.00431034482758621,464,292,1,9.87963417696808,0,0.040948275862069,464,1,0,1,0,0
"2018-10-01","Liberia",1,0,11,0,16,0,1,3,27,8,1,1,19,10,10,4,0,0,1,1,1,0,0,0,0,0,0,0,0,0,0,0,0,0,0,0,0,0,0.00186219739292365,0,0.0204841713221601,0,0.0297951582867784,0,0.00186219739292365,0.00558659217877095,0.0502793296089385,0.0148975791433892,0.00186219739292365,0.00186219739292365,0.0353817504655493,0.0186219739292365,0.0186219739292365,0.0074487895716946,0,0,0.00186219739292365,0.00186219739292365,0.00186219739292365,0,0,0,0,0,0,0,0,0,0,0,0,0,0,0,0,0,11,17,8,1,13,10,3,0,2,1,3,0.0204841713221601,0.031657355679702,0.0148975791433892,0.00186219739292365,0.0242085661080074,0.0186219739292365,0.00558659217877095,0,0.0037243947858473,0.00186219739292365,0.00558659217877095,537,381,0,5.63225223046839,0,0.00186219739292365,537,0,0,1,0,0
"2018-11-01","Liberia",4,3,17,1,12,0,2,3,27,10,0,0,25,2,4,9,0,3,3,2,0,0,0,0,0,1,0,0,1,0,1,1,1,1,1,0,0,1,0.00790513833992095,0.00592885375494071,0.033596837944664,0.00197628458498024,0.0237154150197628,0,0.00395256916996047,0.00592885375494071,0.0533596837944664,0.0197628458498024,0,0,0.0494071146245059,0.00395256916996047,0.00790513833992095,0.0177865612648221,0,0.00592885375494071,0.00592885375494071,0.00395256916996047,0,0,0,0,0,0.00197628458498024,0,0,0.00197628458498024,0,0.00197628458498024,0.00197628458498024,0.00197628458498024,0.00197628458498024,0.00197628458498024,0,0,0.00197628458498024,3,21,3,1,10,4,1,0,0,2,2,0.00592885375494071,0.041501976284585,0.00592885375494071,0.00197628458498024,0.0197628458498024,0.00790513833992095,0.00197628458498024,0,0,0.00395256916996047,0.00395256916996047,506,359,0,7.01092581452056,0,0.0158102766798419,506,0,1,1,0,0
"2018-12-01","Liberia",1,0,4,3,18,1,0,4,14,5,0,2,12,5,4,7,0,2,1,0,0,0,0,0,1,3,0,1,1,0,1,0,0,0,0,0,0,0,0.00248756218905473,0,0.00995024875621891,0.00746268656716418,0.0447761194029851,0.00248756218905473,0,0.00995024875621891,0.0348258706467662,0.0124378109452736,0,0.00497512437810945,0.0298507462686567,0.0124378109452736,0.00995024875621891,0.0174129353233831,0,0.00497512437810945,0.00248756218905473,0,0,0,0,0,0.00248756218905473,0.00746268656716418,0,0.00248756218905473,0.00248756218905473,0,0.00248756218905473,0,0,0,0,0,0,0,6,14,8,0,10,3,2,0,0,1,0,0.0149253731343284,0.0348258706467662,0.0199004975124378,0,0.0248756218905473,0.00746268656716418,0.00497512437810945,0,0,0.00248756218905473,0,402,293,1,4.75135371161524,0,0.0174129353233831,402,1,1,1,0,0
"2019-01-01","Liberia",3,4,6,0,24,0,3,11,28,11,2,1,13,4,11,9,0,3,2,2,0,0,0,0,0,2,1,1,3,0,0,1,0,0,0,0,0,0,0.00402144772117962,0.00536193029490617,0.00804289544235925,0,0.032171581769437,0,0.00402144772117962,0.014745308310992,0.0375335120643432,0.014745308310992,0.00268096514745308,0.00134048257372654,0.017426273458445,0.00536193029490617,0.014745308310992,0.0120643431635389,0,0.00402144772117962,0.00268096514745308,0.00268096514745308,0,0,0,0,0,0.00268096514745308,0.00134048257372654,0.00134048257372654,0.00402144772117962,0,0,0.00134048257372654,0,0,0,0,0,0,9,25,3,4,26,8,0,1,2,3,2,0.0120643431635389,0.0335120643431635,0.00402144772117962,0.00536193029490617,0.0348525469168901,0.0107238605898123,0,0.00134048257372654,0.00268096514745308,0.00402144772117962,0.00268096514745308,746,549,1,4.77122671099855,0,0.0134048257372654,746,1,1,1,0,0
"2019-02-01","Liberia",5,4,3,0,19,4,1,7,28,7,0,4,12,6,6,15,0,3,0,2,0,0,0,0,0,0,1,0,0,0,0,0,0,0,0,0,2,0,0.0100603621730382,0.00804828973843058,0.00603621730382294,0,0.0382293762575453,0.00804828973843058,0.00201207243460765,0.0140845070422535,0.0563380281690141,0.0140845070422535,0,0.00804828973843058,0.0241448692152917,0.0120724346076459,0.0120724346076459,0.0301810865191147,0,0.00603621730382294,0,0.00402414486921529,0,0,0,0,0,0,0.00201207243460765,0,0,0,0,0,0,0,0,0,0.00402414486921529,0,5,10,4,0,12,7,0,0,1,2,6,0.0100603621730382,0.0201207243460765,0.00804828973843058,0,0.0241448692152917,0.0140845070422535,0,0,0.00201207243460765,0.00402414486921529,0.0120724346076459,497,340,0,7.32812813315483,0,0.00603621730382294,497,1,1,1,0,0
"2019-03-01","Liberia",8,3,4,0,16,2,1,7,44,9,0,0,23,5,9,13,0,2,0,0,0,0,0,0,0,0,0,0,0,0,1,0,0,0,0,0,0,0,0.0134453781512605,0.00504201680672269,0.00672268907563025,0,0.026890756302521,0.00336134453781513,0.00168067226890756,0.0117647058823529,0.0739495798319328,0.0151260504201681,0,0,0.038655462184874,0.00840336134453781,0.0151260504201681,0.0218487394957983,0,0.00336134453781513,0,0,0,0,0,0,0,0,0,0,0,0,0.00168067226890756,0,0,0,0,0,0,0,13,18,5,0,15,7,1,0,1,2,2,0.0218487394957983,0.0302521008403361,0.00840336134453781,0,0.0252100840336134,0.0117647058823529,0.00168067226890756,0,0.00168067226890756,0.00336134453781513,0.00336134453781513,595,413,0,8.13006629089366,0,0.00168067226890756,595,1,1,1,0,0
"2019-04-01","Liberia",1,3,11,2,27,2,3,10,17,16,2,1,9,9,14,14,3,10,0,2,0,0,0,0,0,1,0,1,1,0,0,0,0,0,0,0,0,0,0.00124378109452736,0.00373134328358209,0.013681592039801,0.00248756218905473,0.0335820895522388,0.00248756218905473,0.00373134328358209,0.0124378109452736,0.0211442786069652,0.0199004975124378,0.00248756218905473,0.00124378109452736,0.0111940298507463,0.0111940298507463,0.0174129353233831,0.0174129353233831,0.00373134328358209,0.0124378109452736,0,0.00248756218905473,0,0,0,0,0,0.00124378109452736,0,0.00124378109452736,0.00124378109452736,0,0,0,0,0,0,0,0,0,8,20,5,2,27,6,0,2,1,3,3,0.00995024875621891,0.0248756218905473,0.00621890547263682,0.00248756218905473,0.0335820895522388,0.00746268656716418,0,0.00248756218905473,0.00124378109452736,0.00373134328358209,0.00373134328358209,804,590,0,4.41432564103455,0,0.00373134328358209,804,1,1,1,0,0
"2019-05-01","Liberia",2,2,26,4,40,0,1,6,27,18,2,1,17,8,43,12,0,9,0,2,0,1,0,0,0,0,0,0,1,1,3,2,0,0,0,0,0,0,0.00236127508854782,0.00236127508854782,0.0306965761511216,0.00472255017709563,0.0472255017709563,0,0.00118063754427391,0.00708382526564345,0.0318772136953955,0.0212514757969303,0.00236127508854782,0.00118063754427391,0.0200708382526564,0.00944510035419126,0.050767414403778,0.0141676505312869,0,0.0106257378984652,0,0.00236127508854782,0,0.00118063754427391,0,0,0,0,0,0,0.00118063754427391,0.00118063754427391,0.00354191263282172,0.00236127508854782,0,0,0,0,0,0,6,32,7,0,11,7,3,0,1,3,0,0.00708382526564345,0.0377804014167651,0.00826446280991736,0,0.012987012987013,0.00826446280991736,0.00354191263282172,0,0.00118063754427391,0.00354191263282172,0,847,579,0,5.15110118251235,0,0.00944510035419126,847,1,1,1,0,0
"2019-06-01","Liberia",6,2,24,6,38,1,2,4,36,9,0,2,25,19,58,13,1,5,1,6,0,0,0,0,1,1,0,0,0,0,1,0,0,0,0,1,1,0,0.00681818181818182,0.00227272727272727,0.0272727272727273,0.00681818181818182,0.0431818181818182,0.00113636363636364,0.00227272727272727,0.00454545454545455,0.0409090909090909,0.0102272727272727,0,0.00227272727272727,0.0284090909090909,0.0215909090909091,0.0659090909090909,0.0147727272727273,0.00113636363636364,0.00568181818181818,0.00113636363636364,0.00681818181818182,0,0,0,0,0.00113636363636364,0.00113636363636364,0,0,0,0,0.00113636363636364,0,0,0,0,0.00113636363636364,0.00113636363636364,0,2,29,8,2,25,7,3,1,2,4,1,0.00227272727272727,0.0329545454545455,0.00909090909090909,0.00227272727272727,0.0284090909090909,0.00795454545454545,0.00340909090909091,0.00113636363636364,0.00227272727272727,0.00454545454545455,0.00113636363636364,880,574,0,6.75746163811549,0.00113636363636364,0.00454545454545455,880,1,1,1,0,0
"2019-07-01","Liberia",4,1,44,18,28,1,2,3,47,16,0,1,37,3,27,13,0,0,1,1,0,0,1,1,2,2,4,2,3,0,3,4,2,0,0,0,1,0,0.00428724544480171,0.00107181136120043,0.0471596998928189,0.0192926045016077,0.030010718113612,0.00107181136120043,0.00214362272240086,0.00321543408360129,0.0503751339764201,0.0171489817792069,0,0.00107181136120043,0.0396570203644159,0.00321543408360129,0.0289389067524116,0.0139335476956056,0,0,0.00107181136120043,0.00107181136120043,0,0,0.00107181136120043,0.00107181136120043,0.00214362272240086,0.00214362272240086,0.00428724544480171,0.00214362272240086,0.00321543408360129,0,0.00321543408360129,0.00428724544480171,0.00214362272240086,0,0,0,0.00107181136120043,0,9,27,11,0,19,18,3,1,2,4,0,0.00964630225080386,0.0289389067524116,0.0117899249732047,0,0.0203644158628081,0.0192926045016077,0.00321543408360129,0.00107181136120043,0.00214362272240086,0.00428724544480171,0,933,642,0,6.0697553724174,0.00107181136120043,0.0257234726688103,933,1,1,1,1,0
"2019-08-01","Liberia",6,0,37,9,19,0,2,9,62,27,1,4,49,4,11,19,0,10,1,9,0,0,0,0,0,0,0,2,1,1,4,0,0,0,2,0,0,0,0.00595238095238095,0,0.0367063492063492,0.00892857142857143,0.0188492063492063,0,0.00198412698412698,0.00892857142857143,0.0615079365079365,0.0267857142857143,0.000992063492063492,0.00396825396825397,0.0486111111111111,0.00396825396825397,0.0109126984126984,0.0188492063492063,0,0.00992063492063492,0.000992063492063492,0.00892857142857143,0,0,0,0,0,0,0,0.00198412698412698,0.000992063492063492,0.000992063492063492,0.00396825396825397,0,0,0,0.00198412698412698,0,0,0,7,29,8,0,19,13,0,0,1,2,5,0.00694444444444444,0.0287698412698413,0.00793650793650794,0,0.0188492063492063,0.0128968253968254,0,0,0.000992063492063492,0.00198412698412698,0.00496031746031746,1008,702,2,6.42547867281315,0,0.00992063492063492,1008,1,1,1,1,1
"2019-09-01","Liberia",2,0,15,0,31,0,0,39,17,17,0,0,19,3,17,12,0,1,3,2,0,0,0,0,0,0,1,0,2,1,1,2,0,0,0,0,1,0,0.00255102040816327,0,0.0191326530612245,0,0.0395408163265306,0,0,0.0497448979591837,0.0216836734693878,0.0216836734693878,0,0,0.024234693877551,0.0038265306122449,0.0216836734693878,0.0153061224489796,0,0.00127551020408163,0.0038265306122449,0.00255102040816327,0,0,0,0,0,0,0.00127551020408163,0,0.00255102040816327,0.00127551020408163,0.00127551020408163,0.00255102040816327,0,0,0,0,0.00127551020408163,0,8,35,8,0,13,11,5,1,2,2,1,0.0102040816326531,0.0446428571428571,0.0102040816326531,0,0.0165816326530612,0.014030612244898,0.00637755102040816,0.00127551020408163,0.00255102040816327,0.00255102040816327,0.00127551020408163,784,546,1,4.17927096574205,0,0.0102040816326531,784,1,1,1,1,0
"2019-10-01","Liberia",4,2,17,4,16,0,0,8,22,26,0,1,23,9,24,17,0,12,1,2,0,0,0,0,0,0,3,0,0,0,1,0,0,0,0,0,0,1,0.00467836257309942,0.00233918128654971,0.0198830409356725,0.00467836257309942,0.0187134502923977,0,0,0.00935672514619883,0.0257309941520468,0.0304093567251462,0,0.00116959064327485,0.0269005847953216,0.0105263157894737,0.0280701754385965,0.0198830409356725,0,0.0140350877192982,0.00116959064327485,0.00233918128654971,0,0,0,0,0,0,0.00350877192982456,0,0,0,0.00116959064327485,0,0,0,0,0,0,0.00116959064327485,7,17,4,0,16,7,1,0,0,3,6,0.00818713450292398,0.0198830409356725,0.00467836257309942,0,0.0187134502923977,0.00818713450292398,0.00116959064327485,0,0,0.00350877192982456,0.00701754385964912,855,632,0,5.3790152411466,0.00233918128654971,0.00350877192982456,855,1,1,1,1,0
"2019-11-01","Liberia",4,2,13,9,19,0,1,3,25,2,0,0,32,5,7,20,0,5,1,5,0,0,0,1,0,2,0,0,1,0,1,1,0,0,0,0,0,0,0.00573065902578797,0.00286532951289398,0.0186246418338109,0.0128939828080229,0.0272206303724928,0,0.00143266475644699,0.00429799426934097,0.0358166189111748,0.00286532951289398,0,0,0.0458452722063037,0.00716332378223496,0.0100286532951289,0.0286532951289398,0,0.00716332378223496,0.00143266475644699,0.00716332378223496,0,0,0,0.00143266475644699,0,0.00286532951289398,0,0,0.00143266475644699,0,0.00143266475644699,0.00143266475644699,0,0,0,0,0,0,3,29,7,1,13,8,1,1,2,1,2,0.00429799426934097,0.0415472779369628,0.0100286532951289,0.00143266475644699,0.0186246418338109,0.0114613180515759,0.00143266475644699,0.00143266475644699,0.00286532951289398,0.00143266475644699,0.00286532951289398,698,518,2,6.05886194420217,0,0.00859598853868195,698,1,0,1,1,0
"2019-12-01","Liberia",1,0,8,1,22,0,0,6,24,11,0,0,14,8,31,5,0,5,2,2,0,0,0,0,0,0,0,1,0,0,0,0,0,0,1,0,0,0,0.00137931034482759,0,0.0110344827586207,0.00137931034482759,0.0303448275862069,0,0,0.00827586206896552,0.0331034482758621,0.0151724137931034,0,0,0.0193103448275862,0.0110344827586207,0.0427586206896552,0.00689655172413793,0,0.00689655172413793,0.00275862068965517,0.00275862068965517,0,0,0,0,0,0,0,0.00137931034482759,0,0,0,0,0,0,0.00137931034482759,0,0,0,0,15,5,1,8,3,4,0,2,0,0,0,0.0206896551724138,0.00689655172413793,0.00137931034482759,0.0110344827586207,0.00413793103448276,0.00551724137931034,0,0.00275862068965517,0,0,725,567,0,4.45235683308592,0,0.00275862068965517,725,1,0,1,1,0
"2020-01-01","Liberia",4,1,14,4,11,0,3,13,29,6,0,0,26,6,38,18,1,6,0,1,0,0,0,0,0,0,0,0,0,0,2,0,0,0,3,0,0,0,0.00524246395806029,0.00131061598951507,0.018348623853211,0.00524246395806029,0.0144167758846658,0,0.00393184796854522,0.0170380078636959,0.0380078636959371,0.00786369593709043,0,0,0.0340760157273919,0.00786369593709043,0.0498034076015727,0.0235910878112713,0.00131061598951507,0.00786369593709043,0,0.00131061598951507,0,0,0,0,0,0,0,0,0,0,0.00262123197903014,0,0,0,0.00393184796854522,0,0,0,6,19,6,0,15,5,0,0,3,6,3,0.00786369593709043,0.0249017038007864,0.00786369593709043,0,0.0196592398427261,0.00655307994757536,0,0,0.00393184796854522,0.00786369593709043,0.00393184796854522,763,553,2,6.48882924815411,0,0.00655307994757536,763,1,1,1,1,0
"2020-02-01","Liberia",0,0,14,2,14,0,6,11,47,13,1,3,34,7,4,11,0,5,0,2,1,0,1,1,3,2,0,0,1,0,2,0,0,1,4,0,0,2,0,0,0.0167064439140811,0.00238663484486874,0.0167064439140811,0,0.00715990453460621,0.013126491646778,0.0560859188544153,0.0155131264916468,0.00119331742243437,0.0035799522673031,0.0405727923627685,0.00835322195704057,0.00477326968973747,0.013126491646778,0,0.00596658711217184,0,0.00238663484486874,0.00119331742243437,0,0.00119331742243437,0.00119331742243437,0.0035799522673031,0.00238663484486874,0,0,0.00119331742243437,0,0.00238663484486874,0,0,0.00119331742243437,0.00477326968973747,0,0,0.00238663484486874,6,30,6,1,7,9,2,0,1,0,3,0.00715990453460621,0.035799522673031,0.00715990453460621,0.00119331742243437,0.00835322195704057,0.0107398568019093,0.00238663484486874,0,0.00119331742243437,0,0.0035799522673031,838,643,2,6.04473222445758,0,0.022673031026253,838,1,1,1,1,0
"2020-03-01","Liberia",7,0,16,5,15,1,2,57,30,21,10,5,27,10,7,19,0,1,1,3,1,0,1,0,0,1,0,1,0,0,2,3,0,0,1,0,0,0,0.00710659898477157,0,0.016243654822335,0.0050761421319797,0.0152284263959391,0.00101522842639594,0.00203045685279188,0.0578680203045685,0.0304568527918782,0.0213197969543147,0.0101522842639594,0.0050761421319797,0.0274111675126904,0.0101522842639594,0.00710659898477157,0.0192893401015228,0,0.00101522842639594,0.00101522842639594,0.00304568527918782,0.00101522842639594,0,0.00101522842639594,0,0,0.00101522842639594,0,0.00101522842639594,0,0,0.00203045685279188,0.00304568527918782,0,0,0.00101522842639594,0,0,0,8,18,9,0,15,16,4,5,3,1,2,0.00812182741116751,0.0182741116751269,0.00913705583756345,0,0.0152284263959391,0.016243654822335,0.00406091370558376,0.0050761421319797,0.00304568527918782,0.00101522842639594,0.00203045685279188,985,701,2,4.644262821768,0,0.0101522842639594,985,1,1,1,1,0
"2020-04-01","Liberia",1,3,1,1,12,0,1,54,33,8,29,4,19,8,3,9,2,3,1,2,0,0,0,0,2,0,0,2,0,0,0,0,0,0,0,0,0,0,0.00117096018735363,0.00351288056206089,0.00117096018735363,0.00117096018735363,0.0140515222482436,0,0.00117096018735363,0.063231850117096,0.0386416861826698,0.00936768149882904,0.0339578454332553,0.00468384074941452,0.022248243559719,0.00936768149882904,0.00351288056206089,0.0105386416861827,0.00234192037470726,0.00351288056206089,0.00117096018735363,0.00234192037470726,0,0,0,0,0.00234192037470726,0,0,0.00234192037470726,0,0,0,0,0,0,0,0,0,0,5,16,5,0,17,4,1,1,2,1,3,0.00585480093676815,0.0187353629976581,0.00585480093676815,0,0.0199063231850117,0.00468384074941452,0.00117096018735363,0.00117096018735363,0.00234192037470726,0.00117096018735363,0.00351288056206089,854,630,0,2.41654485675505,0,0.00468384074941452,854,1,1,1,1,0
"2020-05-01","Liberia",5,1,7,11,19,1,4,24,24,9,6,2,11,9,4,5,1,3,1,3,0,0,1,1,1,1,0,0,0,0,0,0,0,0,1,0,0,0,0.00573394495412844,0.00114678899082569,0.00802752293577982,0.0126146788990826,0.0217889908256881,0.00114678899082569,0.00458715596330275,0.0275229357798165,0.0275229357798165,0.0103211009174312,0.00688073394495413,0.00229357798165138,0.0126146788990826,0.0103211009174312,0.00458715596330275,0.00573394495412844,0.00114678899082569,0.00344036697247706,0.00114678899082569,0.00344036697247706,0,0,0.00114678899082569,0.00114678899082569,0.00114678899082569,0.00114678899082569,0,0,0,0,0,0,0,0,0.00114678899082569,0,0,0,13,20,10,2,12,1,2,0,0,2,1,0.0149082568807339,0.0229357798165138,0.0114678899082569,0.00229357798165138,0.0137614678899083,0.00114678899082569,0.00229357798165138,0,0,0.00229357798165138,0.00114678899082569,872,684,3,3.69999169890777,0,0.00688073394495413,872,1,1,1,1,0
"2020-06-01","Liberia",10,0,36,7,11,1,4,24,42,5,14,2,31,6,8,14,0,4,1,2,1,0,0,0,0,1,0,0,0,0,1,3,0,0,0,0,1,0,0.0108813928182807,0,0.0391730141458107,0.00761697497279652,0.0119695321001088,0.00108813928182807,0.0043525571273123,0.0261153427638738,0.0457018498367791,0.00544069640914037,0.015233949945593,0.00217627856365615,0.0337323177366703,0.00652883569096844,0.00870511425462459,0.015233949945593,0,0.0043525571273123,0.00108813928182807,0.00217627856365615,0.00108813928182807,0,0,0,0,0.00108813928182807,0,0,0,0,0.00108813928182807,0.00326441784548422,0,0,0,0,0.00108813928182807,0,8,12,4,1,19,4,4,1,1,6,4,0.00870511425462459,0.0130576713819369,0.0043525571273123,0.00108813928182807,0.0206746463547334,0.0043525571273123,0.0043525571273123,0.00108813928182807,0.00108813928182807,0.00652883569096844,0.0043525571273123,919,671,0,5.23588575130008,0.00217627856365615,0.00544069640914037,919,1,1,1,1,0
"2020-07-01","Liberia",5,1,33,9,11,1,2,12,38,7,3,1,31,9,7,23,0,7,3,9,3,0,0,0,0,0,0,1,2,0,1,2,0,0,0,0,0,1,0.00579374275782155,0.00115874855156431,0.0382387022016222,0.0104287369640788,0.0127462340672074,0.00115874855156431,0.00231749710312862,0.0139049826187717,0.0440324449594438,0.00811123986095017,0.00347624565469293,0.00115874855156431,0.0359212050984936,0.0104287369640788,0.00811123986095017,0.0266512166859791,0,0.00811123986095017,0.00347624565469293,0.0104287369640788,0.00347624565469293,0,0,0,0,0,0,0.00115874855156431,0.00231749710312862,0,0.00115874855156431,0.00231749710312862,0,0,0,0,0,0.00115874855156431,4,20,9,0,14,4,3,1,2,4,5,0.00463499420625724,0.0231749710312862,0.0104287369640788,0,0.0162224797219003,0.00463499420625724,0.00347624565469293,0.00115874855156431,0.00231749710312862,0.00463499420625724,0.00579374275782155,863,626,1,5.99238508983125,0.00115874855156431,0.0115874855156431,863,1,1,1,1,0
"2020-08-01","Liberia",4,0,43,8,10,2,2,11,31,16,0,3,23,16,25,14,0,4,5,8,0,0,0,0,4,0,0,0,1,0,0,3,0,0,0,0,1,2,0.00452488687782805,0,0.0486425339366516,0.00904977375565611,0.0113122171945701,0.00226244343891403,0.00226244343891403,0.0124434389140271,0.0350678733031674,0.0180995475113122,0,0.00339366515837104,0.0260180995475113,0.0180995475113122,0.0282805429864253,0.0158371040723982,0,0.00452488687782805,0.00565610859728507,0.00904977375565611,0,0,0,0,0.00452488687782805,0,0,0,0.00113122171945701,0,0,0.00339366515837104,0,0,0,0,0.00113122171945701,0.00226244343891403,12,17,9,0,16,3,3,1,4,0,2,0.0135746606334842,0.0192307692307692,0.0101809954751131,0,0.0180995475113122,0.00339366515837104,0.00339366515837104,0.00113122171945701,0.00452488687782805,0,0.00226244343891403,884,626,0,5.71480721980414,0,0.0147058823529412,884,1,1,1,1,0
"2020-09-01","Liberia",1,2,51,21,20,0,6,4,45,17,0,3,31,17,22,24,0,13,3,8,1,0,0,0,1,0,0,0,3,0,4,1,0,0,1,0,0,1,0.00113765642775882,0.00227531285551763,0.0580204778156997,0.0238907849829352,0.0227531285551763,0,0.0068259385665529,0.00455062571103527,0.0511945392491468,0.0193401592718999,0,0.00341296928327645,0.0352673492605233,0.0193401592718999,0.025028441410694,0.0273037542662116,0,0.0147895335608646,0.00341296928327645,0.00910125142207053,0.00113765642775882,0,0,0,0.00113765642775882,0,0,0,0.00341296928327645,0,0.00455062571103527,0.00113765642775882,0,0,0.00113765642775882,0,0,0.00113765642775882,9,20,7,0,12,5,2,0,0,0,4,0.0102389078498294,0.0227531285551763,0.00796359499431172,0,0.0136518771331058,0.00568828213879408,0.00227531285551763,0,0,0,0.00455062571103527,879,575,0,7.4376394696758,0.00455062571103527,0.00910125142207053,879,1,1,1,1,0
"2020-10-01","Liberia",4,0,44,15,12,0,0,2,29,7,1,1,21,6,17,8,0,9,4,2,1,0,0,0,0,1,0,0,0,0,0,0,0,1,0,0,1,0,0.0045766590389016,0,0.0503432494279176,0.017162471395881,0.0137299771167048,0,0,0.0022883295194508,0.0331807780320366,0.0080091533180778,0.0011441647597254,0.0011441647597254,0.0240274599542334,0.0068649885583524,0.0194508009153318,0.0091533180778032,0,0.0102974828375286,0.0045766590389016,0.0022883295194508,0.0011441647597254,0,0,0,0,0.0011441647597254,0,0,0,0,0,0,0,0.0011441647597254,0,0,0.0011441647597254,0,6,22,11,2,13,2,4,1,0,2,7,0.0068649885583524,0.0251716247139588,0.0125858123569794,0.0022883295194508,0.0148741418764302,0.0022883295194508,0.0045766590389016,0.0011441647597254,0,0.0022883295194508,0.0080091533180778,874,655,0,3.96580958612591,0.0011441647597254,0.0034324942791762,874,1,1,1,1,0
"2020-11-01","Liberia",3,1,35,14,16,0,2,2,16,4,0,1,7,4,14,6,0,6,3,4,0,0,0,0,1,2,0,0,0,0,0,0,0,1,0,0,0,0,0.0038961038961039,0.0012987012987013,0.0454545454545455,0.0181818181818182,0.0207792207792208,0,0.0025974025974026,0.0025974025974026,0.0207792207792208,0.00519480519480519,0,0.0012987012987013,0.00909090909090909,0.00519480519480519,0.0181818181818182,0.00779220779220779,0,0.00779220779220779,0.0038961038961039,0.00519480519480519,0,0,0,0,0.0012987012987013,0.0025974025974026,0,0,0,0,0,0,0,0.0012987012987013,0,0,0,0,3,24,3,0,8,4,0,0,1,0,1,0.0038961038961039,0.0311688311688312,0.0038961038961039,0,0.0103896103896104,0.00519480519480519,0,0,0.0012987012987013,0,0.0012987012987013,770,597,1,3.22988173113845,0.0025974025974026,0.0025974025974026,770,1,1,1,1,0
"2020-12-01","Liberia",8,0,111,19,15,0,2,8,34,7,1,1,17,7,3,2,0,10,2,17,0,0,0,0,0,0,0,0,0,0,0,0,0,0,0,0,0,0,0.00987654320987654,0,0.137037037037037,0.0234567901234568,0.0185185185185185,0,0.00246913580246914,0.00987654320987654,0.0419753086419753,0.00864197530864197,0.00123456790123457,0.00123456790123457,0.0209876543209877,0.00864197530864197,0.0037037037037037,0.00246913580246914,0,0.0123456790123457,0.00246913580246914,0.0209876543209877,0,0,0,0,0,0,0,0,0,0,0,0,0,0,0,0,0,0,5,22,3,1,10,5,1,0,1,3,2,0.00617283950617284,0.0271604938271605,0.0037037037037037,0.00123456790123457,0.0123456790123457,0.00617283950617284,0.00123456790123457,0,0.00123456790123457,0.0037037037037037,0.00246913580246914,810,514,2,4.13983178107368,0,0,810,1,1,1,1,0
"2021-01-01","Liberia",0,4,25,15,8,0,0,3,14,7,0,4,16,6,2,9,2,1,1,5,0,0,0,0,0,0,0,1,0,0,1,1,0,0,0,0,0,0,0,0.0064,0.04,0.024,0.0128,0,0,0.0048,0.0224,0.0112,0,0.0064,0.0256,0.0096,0.0032,0.0144,0.0032,0.0016,0.0016,0.008,0,0,0,0,0,0,0,0.0016,0,0,0.0016,0.0016,0,0,0,0,0,0,5,19,6,1,16,7,0,0,2,1,0,0.008,0.0304,0.0096,0.0016,0.0256,0.0112,0,0,0.0032,0.0016,0,625,469,0,3.2346811072038,0,0.0048,625,1,1,1,1,0
"2021-02-01","Liberia",1,1,16,7,10,0,1,28,34,4,1,3,18,7,7,11,0,2,0,3,0,0,0,0,0,0,0,0,1,0,0,0,0,0,0,0,0,0,0.00169779286926995,0.00169779286926995,0.0271646859083192,0.0118845500848896,0.0169779286926995,0,0.00169779286926995,0.0475382003395586,0.0577249575551783,0.0067911714770798,0.00169779286926995,0.00509337860780985,0.0305602716468591,0.0118845500848896,0.0118845500848896,0.0186757215619694,0,0.0033955857385399,0,0.00509337860780985,0,0,0,0,0,0,0,0,0.00169779286926995,0,0,0,0,0,0,0,0,0,2,15,2,0,11,4,0,0,0,2,0,0.0033955857385399,0.0254668930390492,0.0033955857385399,0,0.0186757215619694,0.0067911714770798,0,0,0,0.0033955857385399,0,589,419,1,5.35747080316376,0,0.00169779286926995,589,0,1,1,1,1
"2021-03-01","Liberia",0,3,19,3,27,0,2,6,35,6,3,0,21,3,3,6,0,5,4,7,1,1,0,0,0,0,0,1,0,0,0,0,0,0,1,0,0,0,0,0.0040650406504065,0.0257452574525745,0.0040650406504065,0.0365853658536585,0,0.002710027100271,0.00813008130081301,0.0474254742547425,0.00813008130081301,0.0040650406504065,0,0.0284552845528455,0.0040650406504065,0.0040650406504065,0.00813008130081301,0,0.00677506775067751,0.00542005420054201,0.00948509485094851,0.0013550135501355,0.0013550135501355,0,0,0,0,0,0.0013550135501355,0,0,0,0,0,0,0.0013550135501355,0,0,0,5,13,2,0,11,2,3,1,1,3,4,0.00677506775067751,0.0176151761517615,0.002710027100271,0,0.0149051490514905,0.002710027100271,0.0040650406504065,0.0013550135501355,0.0013550135501355,0.0040650406504065,0.00542005420054201,738,564,2,4.37487855142257,0,0.00542005420054201,738,1,1,1,1,0
"2021-04-01","Liberia",1,0,7,2,23,0,3,4,17,6,2,0,13,4,3,13,0,4,8,4,0,0,0,0,1,0,0,0,0,0,0,0,1,0,0,0,0,0,0.00172413793103448,0,0.0120689655172414,0.00344827586206897,0.0396551724137931,0,0.00517241379310345,0.00689655172413793,0.0293103448275862,0.0103448275862069,0.00344827586206897,0,0.0224137931034483,0.00689655172413793,0.00517241379310345,0.0224137931034483,0,0.00689655172413793,0.0137931034482759,0.00689655172413793,0,0,0,0,0.00172413793103448,0,0,0,0,0,0,0,0.00172413793103448,0,0,0,0,0,7,15,1,0,14,2,1,0,0,2,3,0.0120689655172414,0.0258620689655172,0.00172413793103448,0,0.0241379310344828,0.00344827586206897,0.00172413793103448,0,0,0.00344827586206897,0.00517241379310345,580,438,0,4.68667319478216,0,0.00344827586206897,580,1,1,1,1,1
"2021-05-01","Liberia",5,0,15,2,27,0,3,8,34,9,0,0,19,7,3,8,0,1,1,5,0,0,0,0,0,0,0,3,3,0,0,2,0,0,0,0,0,0,0.0087260034904014,0,0.0261780104712042,0.00349040139616056,0.0471204188481675,0,0.00523560209424084,0.0139616055846422,0.0593368237347295,0.0157068062827225,0,0,0.0331588132635253,0.012216404886562,0.00523560209424084,0.0139616055846422,0,0.00174520069808028,0.00174520069808028,0.0087260034904014,0,0,0,0,0,0,0,0.00523560209424084,0.00523560209424084,0,0,0.00349040139616056,0,0,0,0,0,0,3,23,2,0,10,5,2,1,0,2,2,0.00523560209424084,0.0401396160558464,0.00349040139616056,0,0.0174520069808028,0.0087260034904014,0.00349040139616056,0.00174520069808028,0,0.00349040139616056,0.00349040139616056,573,398,1,6.66112922456474,0.00174520069808028,0.0139616055846422,573,1,1,1,1,0
"2021-06-01","Liberia",0,1,10,1,30,1,0,22,41,11,3,3,24,8,2,9,0,4,0,0,0,0,0,0,0,4,0,0,3,0,0,1,0,0,0,0,0,0,0,0.00151515151515152,0.0151515151515152,0.00151515151515152,0.0454545454545455,0.00151515151515152,0,0.0333333333333333,0.0621212121212121,0.0166666666666667,0.00454545454545455,0.00454545454545455,0.0363636363636364,0.0121212121212121,0.00303030303030303,0.0136363636363636,0,0.00606060606060606,0,0,0,0,0,0,0,0.00606060606060606,0,0,0.00454545454545455,0,0,0.00151515151515152,0,0,0,0,0,0,1,32,2,0,4,6,2,0,0,2,0,0.00151515151515152,0.0484848484848485,0.00303030303030303,0,0.00606060606060606,0.00909090909090909,0.00303030303030303,0,0,0.00303030303030303,0,660,464,2,5.32855622587901,0.00151515151515152,0.0121212121212121,660,0,1,1,1,1
"2021-07-01","Liberia",6,0,13,6,16,0,2,18,25,14,3,3,25,8,5,12,0,3,0,3,0,0,0,0,0,0,0,0,0,0,2,1,1,0,0,0,0,0,0.0084985835694051,0,0.018413597733711,0.0084985835694051,0.0226628895184136,0,0.0028328611898017,0.0254957507082153,0.0354107648725212,0.0198300283286119,0.00424929178470255,0.00424929178470255,0.0354107648725212,0.0113314447592068,0.00708215297450425,0.0169971671388102,0,0.00424929178470255,0,0.00424929178470255,0,0,0,0,0,0,0,0,0,0,0.0028328611898017,0.00141643059490085,0.00141643059490085,0,0,0,0,0,5,14,3,0,13,2,4,2,1,0,0,0.00708215297450425,0.0198300283286119,0.00424929178470255,0,0.018413597733711,0.0028328611898017,0.0056657223796034,0.0028328611898017,0.00141643059490085,0,0,706,528,0,5.37217878106229,0,0.0056657223796034,706,1,1,1,1,1
"2021-08-01","Liberia",5,1,16,3,16,0,2,22,42,15,0,2,35,3,7,14,0,4,0,2,0,0,0,0,0,0,1,0,0,0,0,0,0,0,0,0,0,0,0.00612745098039216,0.00122549019607843,0.0196078431372549,0.00367647058823529,0.0196078431372549,0,0.00245098039215686,0.0269607843137255,0.0514705882352941,0.0183823529411765,0,0.00245098039215686,0.0428921568627451,0.00367647058823529,0.00857843137254902,0.017156862745098,0,0.00490196078431373,0,0.00245098039215686,0,0,0,0,0,0,0.00122549019607843,0,0,0,0,0,0,0,0,0,0,0,7,22,9,2,19,11,3,1,2,2,5,0.00857843137254902,0.0269607843137255,0.0110294117647059,0.00245098039215686,0.0232843137254902,0.0134803921568627,0.00367647058823529,0.00122549019607843,0.00245098039215686,0.00245098039215686,0.00612745098039216,816,590,0,5.97346709329965,0,0.00122549019607843,816,1,1,1,1,1
"2021-09-01","Liberia",8,0,31,1,33,4,3,12,51,14,3,4,41,4,10,16,0,4,3,2,0,0,0,0,0,0,1,1,0,0,0,0,0,0,0,0,0,0,0.00711111111111111,0,0.0275555555555556,0.000888888888888889,0.0293333333333333,0.00355555555555556,0.00266666666666667,0.0106666666666667,0.0453333333333333,0.0124444444444444,0.00266666666666667,0.00355555555555556,0.0364444444444444,0.00355555555555556,0.00888888888888889,0.0142222222222222,0,0.00355555555555556,0.00266666666666667,0.00177777777777778,0,0,0,0,0,0,0.000888888888888889,0.000888888888888889,0,0,0,0,0,0,0,0,0,0,10,53,7,2,42,8,0,0,1,5,1,0.00888888888888889,0.0471111111111111,0.00622222222222222,0.00177777777777778,0.0373333333333333,0.00711111111111111,0,0,0.000888888888888889,0.00444444444444444,0.000888888888888889,1125,798,0,5.46278523532087,0,0.00177777777777778,1125,1,1,1,1,1
"2021-10-01","Liberia",10,0,27,1,33,0,2,3,34,11,1,0,20,3,6,9,0,9,0,2,1,0,0,0,0,1,0,4,0,0,2,0,0,0,0,0,0,0,0.0107066381156317,0,0.0289079229122056,0.00107066381156317,0.0353319057815846,0,0.00214132762312634,0.00321199143468951,0.0364025695931477,0.0117773019271949,0.00107066381156317,0,0.0214132762312634,0.00321199143468951,0.00642398286937901,0.00963597430406852,0,0.00963597430406852,0,0.00214132762312634,0.00107066381156317,0,0,0,0,0.00107066381156317,0,0.00428265524625268,0,0,0.00214132762312634,0,0,0,0,0,0,0,7,40,6,1,15,10,4,0,3,4,5,0.00749464668094218,0.0428265524625268,0.00642398286937901,0.00107066381156317,0.0160599571734475,0.0107066381156317,0.00428265524625268,0,0.00321199143468951,0.00428265524625268,0.00535331905781585,934,695,0,4.48250713824267,0.00214132762312634,0.00642398286937901,934,1,1,1,1,1
"2021-11-01","Liberia",0,0,28,2,23,0,2,7,36,16,0,2,24,11,5,11,1,7,5,2,0,0,0,0,0,1,1,0,0,0,0,1,0,0,0,0,0,0,0,0,0.0341047503045067,0.00243605359317905,0.0280146163215591,0,0.00243605359317905,0.00852618757612668,0.0438489646772229,0.0194884287454324,0,0.00243605359317905,0.0292326431181486,0.0133982947624848,0.00609013398294762,0.0133982947624848,0.00121802679658952,0.00852618757612668,0.00609013398294762,0.00243605359317905,0,0,0,0,0,0.00121802679658952,0.00121802679658952,0,0,0,0,0.00121802679658952,0,0,0,0,0,0,7,28,8,0,14,13,4,0,1,4,1,0.00852618757612668,0.0341047503045067,0.0097442143727162,0,0.0170523751522534,0.0158343483556638,0.0048721071863581,0,0.00121802679658952,0.0048721071863581,0.00121802679658952,821,591,1,4.93550545576074,0,0.00365408038976857,821,1,1,1,1,1
"2021-12-01","Liberia",2,0,28,2,25,2,1,5,37,16,0,2,34,13,6,9,0,5,1,2,1,0,0,1,1,2,1,1,1,0,2,1,0,0,0,0,0,0,0.00218102508178844,0,0.0305343511450382,0.00218102508178844,0.0272628135223555,0.00218102508178844,0.00109051254089422,0.0054525627044711,0.0403489640130862,0.0174482006543075,0,0.00218102508178844,0.0370774263904035,0.0141766630316249,0.00654307524536532,0.00981461286804798,0,0.0054525627044711,0.00109051254089422,0.00218102508178844,0.00109051254089422,0,0,0.00109051254089422,0.00109051254089422,0.00218102508178844,0.00109051254089422,0.00109051254089422,0.00109051254089422,0,0.00218102508178844,0.00109051254089422,0,0,0,0,0,0,6,22,11,2,31,10,3,1,1,4,8,0.00654307524536532,0.0239912758996728,0.0119956379498364,0.00218102508178844,0.0338058887677208,0.0109051254089422,0.00327153762268266,0.00109051254089422,0.00109051254089422,0.00436205016357688,0.00872410032715376,917,673,0,5.29986704198846,0,0.0119956379498364,917,1,1,1,1,1
"2022-01-01","Liberia",3,1,15,3,11,2,6,11,57,12,0,2,34,5,7,2,1,3,12,6,0,0,0,0,0,0,1,0,1,0,0,0,0,0,0,1,0,0,0.00366300366300366,0.00122100122100122,0.0183150183150183,0.00366300366300366,0.0134310134310134,0.00244200244200244,0.00732600732600733,0.0134310134310134,0.0695970695970696,0.0146520146520147,0,0.00244200244200244,0.0415140415140415,0.00610500610500611,0.00854700854700855,0.00244200244200244,0.00122100122100122,0.00366300366300366,0.0146520146520147,0.00732600732600733,0,0,0,0,0,0,0.00122100122100122,0,0.00122100122100122,0,0,0,0,0,0,0.00122100122100122,0,0,11,14,7,3,19,7,1,1,2,3,1,0.0134310134310134,0.0170940170940171,0.00854700854700855,0.00366300366300366,0.0231990231990232,0.00854700854700855,0.00122100122100122,0.00122100122100122,0.00244200244200244,0.00366300366300366,0.00122100122100122,819,605,0,6.32237363104662,0,0.00366300366300366,819,1,1,1,1,1
"2022-02-01","Liberia",2,0,27,1,19,0,1,6,35,9,0,1,17,5,1,11,0,3,0,2,0,0,1,0,0,2,0,1,3,0,1,0,0,0,0,0,1,0,0.00276625172890733,0,0.037344398340249,0.00138312586445367,0.0262793914246196,0,0.00138312586445367,0.00829875518672199,0.0484094052558783,0.012448132780083,0,0.00138312586445367,0.0235131396957123,0.00691562932226833,0.00138312586445367,0.0152143845089903,0,0.004149377593361,0,0.00276625172890733,0,0,0.00138312586445367,0,0,0.00276625172890733,0,0.00138312586445367,0.004149377593361,0,0.00138312586445367,0,0,0,0,0,0.00138312586445367,0,7,27,8,1,21,2,1,2,0,5,4,0.00968188105117566,0.037344398340249,0.0110650069156293,0.00138312586445367,0.029045643153527,0.00276625172890733,0.00138312586445367,0.00276625172890733,0,0.00691562932226833,0.00553250345781466,723,529,1,4.6928417872174,0.004149377593361,0.00968188105117566,723,1,1,1,1,1
"2022-03-01","Liberia",5,0,30,4,26,0,3,10,45,8,0,0,25,2,11,12,0,2,0,2,0,0,0,0,1,0,0,0,1,0,1,0,0,0,0,0,0,0,0.00602409638554217,0,0.036144578313253,0.00481927710843374,0.0313253012048193,0,0.0036144578313253,0.0120481927710843,0.0542168674698795,0.00963855421686747,0,0,0.0301204819277108,0.00240963855421687,0.0132530120481928,0.0144578313253012,0,0.00240963855421687,0,0.00240963855421687,0,0,0,0,0.00120481927710843,0,0,0,0.00120481927710843,0,0.00120481927710843,0,0,0,0,0,0,0,11,22,3,0,16,13,1,0,0,3,2,0.0132530120481928,0.0265060240963855,0.0036144578313253,0,0.0192771084337349,0.0156626506024096,0.00120481927710843,0,0,0.0036144578313253,0.00240963855421687,830,605,0,5.61926742307948,0.00240963855421687,0.00120481927710843,830,1,1,1,1,1
"2022-04-01","Liberia",4,0,26,7,22,1,4,3,56,2,0,0,38,5,10,19,0,5,0,5,2,0,1,1,0,1,2,2,0,0,2,2,0,0,1,0,0,0,0.00481927710843374,0,0.0313253012048193,0.00843373493975904,0.0265060240963855,0.00120481927710843,0.00481927710843374,0.0036144578313253,0.0674698795180723,0.00240963855421687,0,0,0.0457831325301205,0.00602409638554217,0.0120481927710843,0.0228915662650602,0,0.00602409638554217,0,0.00602409638554217,0.00240963855421687,0,0.00120481927710843,0.00120481927710843,0,0.00120481927710843,0.00240963855421687,0.00240963855421687,0,0,0.00240963855421687,0.00240963855421687,0,0,0.00120481927710843,0,0,0,13,30,6,2,23,3,4,0,1,5,3,0.0156626506024096,0.036144578313253,0.0072289156626506,0.00240963855421687,0.027710843373494,0.0036144578313253,0.00481927710843374,0,0.00120481927710843,0.00602409638554217,0.0036144578313253,830,578,2,7.17765484962923,0.00602409638554217,0.0120481927710843,830,1,1,1,1,1
"2022-05-01","Liberia",2,0,29,10,35,1,2,12,57,9,0,2,34,7,11,7,0,4,0,3,0,1,0,0,0,0,0,0,0,0,1,0,0,0,0,0,0,0,0.00210084033613445,0,0.0304621848739496,0.0105042016806723,0.0367647058823529,0.00105042016806723,0.00210084033613445,0.0126050420168067,0.0598739495798319,0.00945378151260504,0,0.00210084033613445,0.0357142857142857,0.00735294117647059,0.0115546218487395,0.00735294117647059,0,0.00420168067226891,0,0.00315126050420168,0,0.00105042016806723,0,0,0,0,0,0,0,0,0.00105042016806723,0,0,0,0,0,0,0,7,28,11,2,19,7,3,0,0,5,7,0.00735294117647059,0.0294117647058824,0.0115546218487395,0.00210084033613445,0.0199579831932773,0.00735294117647059,0.00315126050420168,0,0,0.00525210084033613,0.00735294117647059,952,685,13,5.34272009962856,0.00105042016806723,0.00105042016806723,952,1,1,1,1,1
"2022-06-01","Liberia",4,0,54,10,34,0,7,8,44,18,0,3,30,13,7,13,0,2,3,1,0,0,0,0,0,0,0,0,1,0,0,0,0,0,0,0,0,0,0.00413223140495868,0,0.0557851239669422,0.0103305785123967,0.0351239669421488,0,0.00723140495867769,0.00826446280991736,0.0454545454545455,0.0185950413223141,0,0.00309917355371901,0.0309917355371901,0.0134297520661157,0.00723140495867769,0.0134297520661157,0,0.00206611570247934,0.00309917355371901,0.00103305785123967,0,0,0,0,0,0,0,0,0.00103305785123967,0,0,0,0,0,0,0,0,0,6,35,4,0,22,9,1,0,1,4,1,0.00619834710743802,0.0361570247933884,0.00413223140495868,0,0.0227272727272727,0.00929752066115703,0.00103305785123967,0,0.00103305785123967,0.00413223140495868,0.00103305785123967,968,672,6,6.07655170018913,0,0.00103305785123967,968,1,1,1,1,1
"2022-07-01","Liberia",4,0,42,8,21,0,0,16,26,44,0,0,25,5,10,11,0,5,2,12,1,0,0,0,0,0,0,0,1,0,0,0,0,0,0,0,0,0,0.0044296788482835,0,0.0465116279069767,0.008859357696567,0.0232558139534884,0,0,0.017718715393134,0.0287929125138427,0.0487264673311185,0,0,0.0276854928017719,0.00553709856035437,0.0110741971207087,0.0121816168327796,0,0.00553709856035437,0.00221483942414175,0.0132890365448505,0.00110741971207087,0,0,0,0,0,0,0,0.00110741971207087,0,0,0,0,0,0,0,0,0,5,19,4,4,29,15,1,1,0,5,1,0.00553709856035437,0.0210409745293466,0.0044296788482835,0.0044296788482835,0.0321151716500554,0.0166112956810631,0.00110741971207087,0.00110741971207087,0,0.00553709856035437,0.00110741971207087,903,619,10,4.90977979971023,0.00110741971207087,0.00110741971207087,903,1,1,1,1,1
"2022-08-01","Liberia",7,1,25,0,30,1,3,7,42,10,2,0,45,4,6,26,0,7,1,10,2,0,0,0,0,1,0,0,0,0,0,0,0,0,0,0,0,0,0.0075839653304442,0.00108342361863489,0.0270855904658722,0,0.0325027085590466,0.00108342361863489,0.00325027085590466,0.0075839653304442,0.0455037919826652,0.0108342361863489,0.00216684723726977,0,0.0487540628385699,0.00433369447453954,0.00650054171180932,0.028169014084507,0,0.0075839653304442,0.00108342361863489,0.0108342361863489,0.00216684723726977,0,0,0,0,0.00108342361863489,0,0,0,0,0,0,0,0,0,0,0,0,7,28,4,0,15,5,0,0,2,1,4,0.0075839653304442,0.0303358613217768,0.00433369447453954,0,0.0162513542795233,0.00541711809317443,0,0,0.00216684723726977,0.00108342361863489,0.00433369447453954,923,677,10,6.69674449690977,0.00216684723726977,0.00108342361863489,923,1,1,1,1,1
"2022-09-01","Liberia",9,0,53,8,20,0,0,5,15,28,0,1,16,7,11,17,0,2,0,1,0,0,0,0,0,0,0,0,0,0,2,0,0,0,0,0,0,0,0.00884955752212389,0,0.0521140609636185,0.00786627335299902,0.0196656833824975,0,0,0.00491642084562439,0.0147492625368732,0.0275319567354966,0,0.000983284169124877,0.015732546705998,0.00688298918387414,0.0108161258603736,0.0167158308751229,0,0.00196656833824975,0,0.000983284169124877,0,0,0,0,0,0,0,0,0,0,0.00196656833824975,0,0,0,0,0,0,0,2,28,5,1,16,9,1,0,0,1,1,0.00196656833824975,0.0275319567354966,0.00491642084562439,0.000983284169124877,0.015732546705998,0.00884955752212389,0.000983284169124877,0,0,0.000983284169124877,0.000983284169124877,1017,781,17,4.14723592689596,0,0.00196656833824975,1017,1,1,1,1,1
"2022-10-01","Liberia",4,0,29,2,25,0,0,7,45,6,0,1,22,11,10,12,0,6,0,0,0,0,0,0,0,0,0,0,1,0,2,0,0,0,0,0,0,0,0.00443458980044346,0,0.0321507760532151,0.00221729490022173,0.0277161862527716,0,0,0.00776053215077605,0.0498891352549889,0.00665188470066519,0,0.00110864745011086,0.024390243902439,0.0121951219512195,0.0110864745011086,0.0133037694013304,0,0.00665188470066519,0,0,0,0,0,0,0,0,0,0,0.00110864745011086,0,0.00221729490022173,0,0,0,0,0,0,0,14,23,6,1,18,2,2,0,2,2,0,0.0155210643015521,0.0254988913525499,0.00665188470066519,0.00110864745011086,0.0199556541019956,0.00221729490022173,0.00221729490022173,0,0.00221729490022173,0.00221729490022173,0,902,679,6,4.91310556997087,0.00110864745011086,0.00221729490022173,902,1,1,1,1,1
"2022-11-01","Liberia",3,0,36,14,37,0,2,7,35,4,1,0,22,5,6,10,2,9,3,0,0,0,0,0,0,0,0,0,1,0,0,0,0,1,0,0,0,0,0.00323624595469256,0,0.0388349514563107,0.0151024811218986,0.0399137001078749,0,0.00215749730312837,0.0075512405609493,0.0377562028047465,0.00431499460625674,0.00107874865156419,0,0.0237324703344121,0.00539374325782093,0.00647249190938511,0.0107874865156419,0.00215749730312837,0.00970873786407767,0.00323624595469256,0,0,0,0,0,0,0,0,0,0.00107874865156419,0,0,0,0,0.00107874865156419,0,0,0,0,5,36,9,0,11,10,1,0,3,2,0,0.00539374325782093,0.0388349514563107,0.00970873786407767,0,0.011866235167206,0.0107874865156419,0.00107874865156419,0,0.00323624595469256,0.00215749730312837,0,927,683,8,3.96832452117436,0,0.00215749730312837,927,1,1,1,1,1
"2022-12-01","Liberia",2,0,40,7,32,0,3,2,32,4,0,2,24,8,20,8,0,7,2,3,0,1,0,0,0,0,0,0,1,0,0,1,0,0,0,0,3,1,0.00222222222222222,0,0.0444444444444444,0.00777777777777778,0.0355555555555556,0,0.00333333333333333,0.00222222222222222,0.0355555555555556,0.00444444444444444,0,0.00222222222222222,0.0266666666666667,0.00888888888888889,0.0222222222222222,0.00888888888888889,0,0.00777777777777778,0.00222222222222222,0.00333333333333333,0,0.00111111111111111,0,0,0,0,0,0,0.00111111111111111,0,0,0.00111111111111111,0,0,0,0,0.00333333333333333,0.00111111111111111,7,32,16,1,22,7,3,0,3,5,5,0.00777777777777778,0.0355555555555556,0.0177777777777778,0.00111111111111111,0.0244444444444444,0.00777777777777778,0.00333333333333333,0,0.00333333333333333,0.00555555555555556,0.00555555555555556,900,642,7,4.49821082780562,0.00555555555555556,0.00222222222222222,900,1,1,1,1,1
"2023-01-01","Liberia",4,2,48,7,17,0,3,2,43,8,0,0,19,8,10,3,2,7,1,8,0,0,0,0,0,1,0,0,0,0,0,1,0,0,0,0,0,0,0.00433839479392625,0.00216919739696312,0.052060737527115,0.00759219088937093,0.0184381778741865,0,0.00325379609544469,0.00216919739696312,0.0466377440347072,0.00867678958785249,0,0,0.0206073752711497,0.00867678958785249,0.0108459869848156,0.00325379609544469,0.00216919739696312,0.00759219088937093,0.00108459869848156,0.00867678958785249,0,0,0,0,0,0.00108459869848156,0,0,0,0,0,0.00108459869848156,0,0,0,0,0,0,7,18,8,4,28,6,2,0,0,3,0,0.00759219088937093,0.0195227765726681,0.00867678958785249,0.00433839479392625,0.0303687635574837,0.00650759219088937,0.00216919739696312,0,0,0.00325379609544469,0,922,688,8,4.43619419603994,0.00108459869848156,0.00108459869848156,922,1,1,1,1,1
"2023-02-01","Liberia",1,0,36,5,25,2,2,4,40,12,0,1,23,6,8,10,1,10,6,9,0,0,0,0,0,0,0,0,0,0,0,0,0,0,0,0,0,0,0.00102564102564103,0,0.0369230769230769,0.00512820512820513,0.0256410256410256,0.00205128205128205,0.00205128205128205,0.0041025641025641,0.041025641025641,0.0123076923076923,0,0.00102564102564103,0.0235897435897436,0.00615384615384615,0.00820512820512821,0.0102564102564103,0.00102564102564103,0.0102564102564103,0.00615384615384615,0.00923076923076923,0,0,0,0,0,0,0,0,0,0,0,0,0,0,0,0,0,0,5,25,13,1,17,8,2,0,0,4,9,0.00512820512820513,0.0256410256410256,0.0133333333333333,0.00102564102564103,0.0174358974358974,0.00820512820512821,0.00205128205128205,0,0,0.0041025641025641,0.00923076923076923,975,725,4,4.3151220105585,0,0,975,1,1,1,1,1
"2023-03-01","Liberia",3,3,56,21,29,0,6,8,33,18,1,1,29,9,12,17,0,6,7,10,0,0,0,0,0,1,0,0,1,0,1,0,0,0,0,0,0,0,0.00272479564032698,0.00272479564032698,0.0508628519527702,0.0190735694822888,0.0263396911898274,0,0.00544959128065395,0.0072661217075386,0.0299727520435967,0.0163487738419619,0.000908265213442325,0.000908265213442325,0.0263396911898274,0.00817438692098093,0.0108991825613079,0.0154405086285195,0,0.00544959128065395,0.00635785649409628,0.00908265213442325,0,0,0,0,0,0.000908265213442325,0,0,0.000908265213442325,0,0.000908265213442325,0,0,0,0,0,0,0,2,40,8,5,28,7,1,2,0,0,0,0.00181653042688465,0.036330608537693,0.0072661217075386,0.00454132606721163,0.0254314259763851,0.00635785649409628,0.000908265213442325,0.00181653042688465,0,0,0,1101,783,19,5.12741349029884,0,0.00272479564032698,1101,1,1,1,1,1
"2023-04-01","Liberia",0,0,51,16,22,2,4,2,40,11,0,1,15,9,5,10,0,7,0,3,0,0,0,0,0,0,0,0,0,0,0,0,0,0,0,0,0,0,0,0,0.053014553014553,0.0166320166320166,0.0228690228690229,0.00207900207900208,0.00415800415800416,0.00207900207900208,0.0415800415800416,0.0114345114345114,0,0.00103950103950104,0.0155925155925156,0.00935550935550936,0.0051975051975052,0.0103950103950104,0,0.00727650727650728,0,0.00311850311850312,0,0,0,0,0,0,0,0,0,0,0,0,0,0,0,0,0,0,7,24,13,0,23,3,2,0,0,10,2,0.00727650727650728,0.0249480249480249,0.0135135135135135,0,0.0239085239085239,0.00311850311850312,0.00207900207900208,0,0,0.0103950103950104,0.00207900207900208,962,712,7,4.60246183495298,0,0,962,1,1,1,1,1
"2023-05-01","Liberia",4,0,55,16,31,1,2,6,32,6,1,1,18,8,15,9,1,12,0,12,0,0,0,0,0,0,0,0,0,0,2,1,0,0,0,0,0,0,0.0036697247706422,0,0.0504587155963303,0.0146788990825688,0.0284403669724771,0.000917431192660551,0.0018348623853211,0.0055045871559633,0.0293577981651376,0.0055045871559633,0.000917431192660551,0.000917431192660551,0.0165137614678899,0.0073394495412844,0.0137614678899083,0.00825688073394495,0.000917431192660551,0.0110091743119266,0,0.0110091743119266,0,0,0,0,0,0,0,0,0,0,0.0018348623853211,0.000917431192660551,0,0,0,0,0,0,14,23,18,6,37,4,2,1,2,7,5,0.0128440366972477,0.0211009174311927,0.0165137614678899,0.0055045871559633,0.0339449541284404,0.0036697247706422,0.0018348623853211,0.000917431192660551,0.0018348623853211,0.00642201834862385,0.00458715596330275,1090,783,6,3.63227738599189,0.000917431192660551,0.0018348623853211,1090,1,1,1,1,1
"2023-06-01","Liberia",8,1,57,5,35,2,6,10,52,8,1,4,34,6,10,20,0,6,3,5,0,0,0,0,1,2,0,0,0,0,0,0,0,0,0,0,0,0,0.00723327305605787,0.000904159132007233,0.0515370705244123,0.00452079566003617,0.0316455696202532,0.00180831826401447,0.0054249547920434,0.00904159132007233,0.0470162748643761,0.00723327305605787,0.000904159132007233,0.00361663652802893,0.0307414104882459,0.0054249547920434,0.00904159132007233,0.0180831826401447,0,0.0054249547920434,0.0027124773960217,0.00452079566003617,0,0,0,0,0.000904159132007233,0.00180831826401447,0,0,0,0,0,0,0,0,0,0,0,0,12,45,11,1,21,9,4,0,2,1,3,0.0108499095840868,0.0406871609403255,0.00994575045207957,0.000904159132007233,0.0189873417721519,0.0081374321880651,0.00361663652802893,0,0.00180831826401447,0.000904159132007233,0.0027124773960217,1106,774,3,5.76221765500278,0.00180831826401447,0.000904159132007233,1106,1,1,1,1,1
"2023-07-01","Liberia",3,1,75,5,37,4,5,18,43,17,2,2,27,11,7,7,0,7,0,4,0,0,0,0,1,0,0,0,0,0,0,0,0,0,0,0,0,0,0.00284900284900285,0.000949667616334283,0.0712250712250712,0.00474833808167141,0.0351377018043685,0.00379867046533713,0.00474833808167141,0.0170940170940171,0.0408357075023742,0.0161443494776828,0.00189933523266857,0.00189933523266857,0.0256410256410256,0.0104463437796771,0.00664767331433998,0.00664767331433998,0,0.00664767331433998,0,0.00379867046533713,0,0,0,0,0.000949667616334283,0,0,0,0,0,0,0,0,0,0,0,0,0,5,34,1,3,17,6,0,0,2,1,2,0.00474833808167141,0.0322886989553656,0.000949667616334283,0.00284900284900285,0.0161443494776828,0.0056980056980057,0,0,0.00189933523266857,0.000949667616334283,0.00189933523266857,1053,740,5,5.26288510202091,0.000949667616334283,0,1053,1,1,1,1,1
"2023-08-01","Liberia",3,0,103,5,23,3,0,2,43,9,0,7,21,5,8,12,0,8,4,5,0,0,0,0,0,1,1,0,0,0,2,1,0,0,0,0,0,0,0.00251256281407035,0,0.0862646566164154,0.00418760469011725,0.0192629815745394,0.00251256281407035,0,0.0016750418760469,0.0360134003350084,0.00753768844221105,0,0.00586264656616415,0.0175879396984925,0.00418760469011725,0.0067001675041876,0.0100502512562814,0,0.0067001675041876,0.0033500837520938,0.00418760469011725,0,0,0,0,0,0.000837520938023451,0.000837520938023451,0,0,0,0.0016750418760469,0.000837520938023451,0,0,0,0,0,0,13,45,3,2,23,10,1,0,2,3,5,0.0108877721943049,0.0376884422110553,0.00251256281407035,0.0016750418760469,0.0192629815745394,0.00837520938023451,0.000837520938023451,0,0.0016750418760469,0.00251256281407035,0.00418760469011725,1194,851,7,3.29918195052714,0.00251256281407035,0.0016750418760469,1194,1,1,1,1,1
"2023-09-01","Liberia",6,0,123,27,14,1,1,9,38,12,4,8,15,4,11,5,0,7,7,1,0,0,0,0,0,0,0,0,0,0,1,0,0,0,0,0,0,0,0.00563380281690141,0,0.115492957746479,0.0253521126760563,0.0131455399061033,0.000938967136150235,0.000938967136150235,0.00845070422535211,0.0356807511737089,0.0112676056338028,0.00375586854460094,0.00751173708920188,0.0140845070422535,0.00375586854460094,0.0103286384976526,0.00469483568075117,0,0.00657276995305164,0.00657276995305164,0.000938967136150235,0,0,0,0,0,0,0,0,0,0,0.000938967136150235,0,0,0,0,0,0,0,17,26,4,2,26,2,3,1,1,3,3,0.015962441314554,0.0244131455399061,0.00375586854460094,0.00187793427230047,0.0244131455399061,0.00187793427230047,0.0028169014084507,0.000938967136150235,0.000938967136150235,0.0028169014084507,0.0028169014084507,1065,703,8,2.8700106977262,0,0.000938967136150235,1065,1,1,1,1,1
"2023-10-01","Liberia",7,1,277,66,18,0,1,18,32,5,1,5,16,7,7,7,0,7,3,14,0,0,0,0,0,0,0,0,0,0,2,0,0,0,0,0,1,0,0.00732217573221757,0.00104602510460251,0.289748953974895,0.0690376569037657,0.0188284518828452,0,0.00104602510460251,0.0188284518828452,0.0334728033472803,0.00523012552301255,0.00104602510460251,0.00523012552301255,0.0167364016736402,0.00732217573221757,0.00732217573221757,0.00732217573221757,0,0.00732217573221757,0.00313807531380753,0.0146443514644351,0,0,0,0,0,0,0,0,0,0,0.00209205020920502,0,0,0,0,0,0.00104602510460251,0,7,13,2,0,6,2,2,0,1,1,1,0.00732217573221757,0.0135983263598326,0.00209205020920502,0,0.00627615062761506,0.00209205020920502,0.00209205020920502,0,0.00104602510460251,0.00104602510460251,0.00104602510460251,956,446,3,3.30175156691015,0,0.00313807531380753,956,1,1,1,1,1
"2023-11-01","Liberia",4,0,200,30,17,1,1,2,23,9,1,5,14,2,12,11,0,15,7,10,0,0,0,0,0,0,0,0,0,0,2,0,1,0,0,0,0,0,0.00379506641366224,0,0.189753320683112,0.0284629981024668,0.0161290322580645,0.00094876660341556,0.00094876660341556,0.00189753320683112,0.0218216318785579,0.00853889943074004,0.00094876660341556,0.0047438330170778,0.0132827324478178,0.00189753320683112,0.0113851992409867,0.0104364326375712,0,0.0142314990512334,0.00664136622390892,0.0094876660341556,0,0,0,0,0,0,0,0,0,0,0.00189753320683112,0,0.00094876660341556,0,0,0,0,0,12,18,2,0,12,2,1,0,1,5,1,0.0113851992409867,0.0170777988614801,0.00189753320683112,0,0.0113851992409867,0.00189753320683112,0.00094876660341556,0,0.00094876660341556,0.0047438330170778,0.00094876660341556,1054,650,7,2.70334245334597,0.00094876660341556,0.00284629981024668,1054,1,1,1,1,1
"2023-12-01","Liberia",3,1,30,6,17,0,3,34,63,8,4,2,46,3,12,8,0,4,2,13,0,0,0,0,1,0,0,0,0,0,0,0,0,0,0,0,1,0,0.0031023784901758,0.00103412616339193,0.031023784901758,0.0062047569803516,0.0175801447776629,0,0.0031023784901758,0.0351602895553257,0.0651499482936918,0.00827300930713547,0.00413650465356774,0.00206825232678387,0.047569803516029,0.0031023784901758,0.0124095139607032,0.00827300930713547,0,0.00413650465356774,0.00206825232678387,0.0134436401240951,0,0,0,0,0.00103412616339193,0,0,0,0,0,0,0,0,0,0,0,0.00103412616339193,0,5,24,6,0,18,12,0,0,1,1,2,0.00517063081695967,0.0248190279214064,0.0062047569803516,0,0.0186142709410548,0.0124095139607032,0,0,0.00103412616339193,0.00103412616339193,0.00206825232678387,967,689,4,5.61959845240101,0.00103412616339193,0.00103412616339193,967,1,1,1,1,1
"2024-01-01","Liberia",2,0,36,6,14,0,4,18,49,14,0,0,32,9,10,15,1,2,0,1,0,0,0,1,0,1,0,0,0,0,0,1,0,0,0,0,0,0,0.00189035916824197,0,0.0340264650283554,0.0056710775047259,0.0132325141776938,0,0.00378071833648393,0.0170132325141777,0.0463137996219282,0.0132325141776938,0,0,0.0302457466918715,0.00850661625708885,0.00945179584120983,0.0141776937618147,0.000945179584120983,0.00189035916824197,0,0.000945179584120983,0,0,0,0.000945179584120983,0,0.000945179584120983,0,0,0,0,0,0.000945179584120983,0,0,0,0,0,0,4,16,8,2,18,3,6,0,3,2,0,0.00378071833648393,0.0151228733459357,0.00756143667296786,0.00189035916824197,0.0170132325141777,0.00283553875236295,0.0056710775047259,0,0.00283553875236295,0.00189035916824197,0,1058,825,5,5.39827216306594,0.000945179584120983,0.00189035916824197,1058,1,1,1,1,1
"2024-02-01","Liberia",1,0,12,5,36,2,2,13,55,18,1,3,47,9,29,29,0,8,2,9,0,0,0,0,0,1,0,1,4,0,1,0,0,0,0,0,0,0,0.000897666068222621,0,0.0107719928186715,0.00448833034111311,0.0323159784560144,0.00179533213644524,0.00179533213644524,0.0116696588868941,0.0493716337522442,0.0161579892280072,0.000897666068222621,0.00269299820466786,0.0421903052064632,0.00807899461400359,0.026032315978456,0.026032315978456,0,0.00718132854578097,0.00179533213644524,0.00807899461400359,0,0,0,0,0,0.000897666068222621,0,0.000897666068222621,0.00359066427289048,0,0.000897666068222621,0,0,0,0,0,0,0,9,32,14,4,24,11,4,2,1,3,7,0.00807899461400359,0.0287253141831239,0.0125673249551167,0.00359066427289048,0.0215439856373429,0.00987432675044883,0.00359066427289048,0.00179533213644524,0.000897666068222621,0.00269299820466786,0.00628366247755835,1114,785,23,6.39337759998864,0,0.00628366247755835,1114,1,1,1,1,1
"2024-03-01","Liberia",4,0,14,5,52,5,1,7,64,5,0,1,40,6,14,10,0,8,15,4,0,0,0,0,0,0,0,0,0,0,3,0,0,0,0,0,0,0,0.00523560209424084,0,0.0183246073298429,0.00654450261780105,0.0680628272251309,0.00654450261780105,0.00130890052356021,0.00916230366492147,0.0837696335078534,0.00654450261780105,0,0.00130890052356021,0.0523560209424084,0.00785340314136126,0.0183246073298429,0.0130890052356021,0,0.0104712041884817,0.0196335078534031,0.00523560209424084,0,0,0,0,0,0,0,0,0,0,0.00392670157068063,0,0,0,0,0,0,0,13,43,9,2,21,13,4,1,1,4,2,0.0170157068062827,0.056282722513089,0.0117801047120419,0.00261780104712042,0.0274869109947644,0.0170157068062827,0.00523560209424084,0.00130890052356021,0.00130890052356021,0.00523560209424084,0.00261780104712042,764,444,5,7.50900340670936,0,0.00392670157068063,764,0,1,1,1,0
"2024-04-01","Liberia",3,1,29,4,47,4,2,15,29,17,1,3,33,13,10,22,1,12,5,4,0,0,0,0,0,0,0,0,1,0,1,0,0,0,0,0,0,0,0.00352941176470588,0.00117647058823529,0.0341176470588235,0.00470588235294118,0.0552941176470588,0.00470588235294118,0.00235294117647059,0.0176470588235294,0.0341176470588235,0.02,0.00117647058823529,0.00352941176470588,0.0388235294117647,0.0152941176470588,0.0117647058823529,0.0258823529411765,0.00117647058823529,0.0141176470588235,0.00588235294117647,0.00470588235294118,0,0,0,0,0,0,0,0,0.00117647058823529,0,0.00117647058823529,0,0,0,0,0,0,0,10,54,27,1,32,14,3,0,7,2,8,0.0117647058823529,0.0635294117647059,0.0317647058823529,0.00117647058823529,0.0376470588235294,0.0164705882352941,0.00352941176470588,0,0.00823529411764706,0.00235294117647059,0.00941176470588235,850,497,10,6.35392484132397,0,0.00235294117647059,850,1,1,1,1,0
"2024-05-01","Liberia",2,2,10,1,44,2,2,3,25,11,3,0,30,9,22,22,0,7,1,8,0,0,0,0,0,0,0,0,1,0,2,0,0,0,0,0,0,0,0.00197433366238894,0.00197433366238894,0.00987166831194472,0.000987166831194472,0.0434353405725568,0.00197433366238894,0.00197433366238894,0.00296150049358342,0.0246791707798618,0.0108588351431392,0.00296150049358342,0,0.0296150049358342,0.00888450148075025,0.0217176702862784,0.0217176702862784,0,0.0069101678183613,0.000987166831194472,0.00789733464955577,0,0,0,0,0,0,0,0,0.000987166831194472,0,0.00197433366238894,0,0,0,0,0,0,0,9,87,12,2,17,10,3,2,7,3,6,0.00888450148075025,0.0858835143139191,0.0118460019743337,0.00197433366238894,0.016781836130306,0.00987166831194472,0.00296150049358342,0.00197433366238894,0.0069101678183613,0.00296150049358342,0.00592300098716683,1013,689,12,5.1842495291291,0,0.00296150049358342,1013,1,1,1,1,0
"2024-06-01","Liberia",3,5,13,3,40,3,3,9,38,11,0,0,49,8,15,41,0,11,1,4,0,0,0,0,0,0,0,0,0,0,1,0,0,0,0,0,0,0,0.00317460317460317,0.00529100529100529,0.0137566137566138,0.00317460317460317,0.0423280423280423,0.00317460317460317,0.00317460317460317,0.00952380952380952,0.0402116402116402,0.0116402116402116,0,0,0.0518518518518519,0.00846560846560847,0.0158730158730159,0.0433862433862434,0,0.0116402116402116,0.00105820105820106,0.00423280423280423,0,0,0,0,0,0,0,0,0,0,0.00105820105820106,0,0,0,0,0,0,0,18,94,13,0,22,12,9,1,1,7,8,0.019047619047619,0.0994708994708995,0.0137566137566138,0,0.0232804232804233,0.0126984126984127,0.00952380952380952,0.00105820105820106,0.00105820105820106,0.00740740740740741,0.00846560846560847,945,555,6,8.05977814410314,0,0.00105820105820106,945,1,1,1,1,0
"2024-07-01","Liberia",8,1,15,0,64,8,4,9,49,13,0,1,52,13,20,25,0,10,0,8,0,0,0,0,0,0,0,0,0,0,3,0,0,1,0,0,0,0,0.00788954635108481,0.000986193293885602,0.014792899408284,0,0.0631163708086785,0.00788954635108481,0.00394477317554241,0.00887573964497041,0.0483234714003945,0.0128205128205128,0,0.000986193293885602,0.0512820512820513,0.0128205128205128,0.019723865877712,0.02465483234714,0,0.00986193293885602,0,0.00788954635108481,0,0,0,0,0,0,0,0,0,0,0.0029585798816568,0,0,0.000986193293885602,0,0,0,0,9,84,13,0,19,12,2,0,3,6,3,0.00887573964497041,0.0828402366863905,0.0128205128205128,0,0.0187376725838264,0.0118343195266272,0.0019723865877712,0,0.0029585798816568,0.00591715976331361,0.0029585798816568,1014,629,8,8.26686867695883,0,0.00394477317554241,1014,1,1,1,1,0
