"date","country","arrest","censor","electionactivity","electionirregularities","cooperate","coup","defamationcase","disaster","legalaction","legalchange","martiallaw","mobilizesecurity","corruption","activism","protest","purge","raid","threaten","violencelethal","violencenonlethal","arms_transfer_security_aid_assistance","bribery_economic_corruption","diaspora_activation","diplomatic_recognition","diplomatic_sanction","diplomatic_statement","diplomatic_visit","economic_aid_assistance","intelligence_counterintelligence","investment","joint_security_force_exercise","media_campaign_intervention","professional_cultural_exchange","security_cooperation","security_force_facility_presence","surveillance","tech_transfer_investment","trade_agreement_exchange","trade_financial_sanction","transnational_organization_crime","arrestNorm","censorNorm","electionactivityNorm","electionirregularitiesNorm","cooperateNorm","coupNorm","defamationcaseNorm","disasterNorm","legalactionNorm","legalchangeNorm","martiallawNorm","mobilizesecurityNorm","corruptionNorm","activismNorm","protestNorm","purgeNorm","raidNorm","threatenNorm","violencelethalNorm","violencenonlethalNorm","arms_transfer_security_aid_assistanceNorm","bribery_economic_corruptionNorm","diaspora_activationNorm","diplomatic_recognitionNorm","diplomatic_sanctionNorm","diplomatic_statementNorm","diplomatic_visitNorm","economic_aid_assistanceNorm","intelligence_counterintelligenceNorm","investmentNorm","joint_security_force_exerciseNorm","media_campaign_interventionNorm","professional_cultural_exchangeNorm","security_cooperationNorm","security_force_facility_presenceNorm","surveillanceNorm","tech_transfer_investmentNorm","trade_agreement_exchangeNorm","trade_financial_sanctionNorm","transnational_organization_crimeNorm","ncr_arrest","ncr_cooperate","ncr_corruption","ncr_defamationcase","ncr_legalaction","ncr_legalchange","ncr_purge","ncr_raid","ncr_threaten","ncr_violencelethal","ncr_violencenonlethal","ncr_arrestNorm","ncr_cooperateNorm","ncr_corruptionNorm","ncr_defamationcaseNorm","ncr_legalactionNorm","ncr_legalchangeNorm","ncr_purgeNorm","ncr_raidNorm","ncr_threatenNorm","ncr_violencelethalNorm","ncr_violencenonlethalNorm","article_total","cs_999","rai_999","f1","rus_influence","chn_influence","total_articles","confidentenamibia.com","thevillager.com.na","observer24.com.na","informante.web.na"
"2017-01-01","Namibia",0,0,0,0,0,0,0,8,4,2,0,0,1,0,1,1,0,0,0,0,0,0,0,0,0,1,0,1,0,0,0,1,1,1,0,0,0,0,1,2,0,0,0,0,0,0,0,0.0213903743315508,0.0106951871657754,0.0053475935828877,0,0,0.00267379679144385,0,0.00267379679144385,0.00267379679144385,0,0,0,0,0,0,0,0,0,0.00267379679144385,0,0.00267379679144385,0,0,0,0.00267379679144385,0.00267379679144385,0.00267379679144385,0,0,0,0,0.00267379679144385,0.0053475935828877,4,1,11,1,24,1,0,0,0,1,3,0.0106951871657754,0.00267379679144385,0.0294117647058824,0.00267379679144385,0.0641711229946524,0.00267379679144385,0,0,0,0.00267379679144385,0.00802139037433155,374,323,0,1.8852754708372,0.00802139037433155,0.0133689839572193,374,0,0,0,0
"2017-02-01","Namibia",5,0,0,0,3,0,0,11,6,1,0,0,4,3,0,0,0,2,0,2,0,0,0,0,1,0,0,0,0,2,0,1,0,1,1,0,0,0,0,0,0.0110864745011086,0,0,0,0.00665188470066519,0,0,0.024390243902439,0.0133037694013304,0.00221729490022173,0,0,0.00886917960088692,0.00665188470066519,0,0,0,0.00443458980044346,0,0.00443458980044346,0,0,0,0,0.00221729490022173,0,0,0,0,0.00443458980044346,0,0.00221729490022173,0,0.00221729490022173,0.00221729490022173,0,0,0,0,0,4,1,13,1,24,3,0,0,0,3,3,0.00886917960088692,0.00221729490022173,0.0288248337028825,0.00221729490022173,0.0532150776053215,0.00665188470066519,0,0,0,0.00665188470066519,0.00665188470066519,451,379,0,3.46388712365316,0.00221729490022173,0.0133037694013304,451,0,1,0,0
"2017-03-01","Namibia",0,0,1,0,6,0,0,18,6,1,1,1,2,1,2,1,0,0,0,0,0,0,0,0,1,0,0,0,0,1,0,0,0,0,0,1,0,0,0,0,0,0,0.0017825311942959,0,0.0106951871657754,0,0,0.0320855614973262,0.0106951871657754,0.0017825311942959,0.0017825311942959,0.0017825311942959,0.0035650623885918,0.0017825311942959,0.0035650623885918,0.0017825311942959,0,0,0,0,0,0,0,0,0.0017825311942959,0,0,0,0,0.0017825311942959,0,0,0,0,0,0.0017825311942959,0,0,0,0,3,4,2,0,15,6,0,1,1,2,1,0.0053475935828877,0.0071301247771836,0.0035650623885918,0,0.0267379679144385,0.0106951871657754,0,0.0017825311942959,0.0017825311942959,0.0035650623885918,0.0017825311942959,561,490,0,1.87486441927377,0.0017825311942959,0.0035650623885918,561,0,0,0,0
"2017-04-01","Namibia",1,0,1,0,0,0,0,7,3,1,0,0,1,0,0,0,0,0,1,2,0,0,0,0,1,1,1,0,0,2,0,0,1,0,0,0,0,0,0,1,0.00226757369614512,0,0.00226757369614512,0,0,0,0,0.0158730158730159,0.00680272108843537,0.00226757369614512,0,0,0.00226757369614512,0,0,0,0,0,0.00226757369614512,0.00453514739229025,0,0,0,0,0.00226757369614512,0.00226757369614512,0.00226757369614512,0,0,0.00453514739229025,0,0,0.00226757369614512,0,0,0,0,0,0,0.00226757369614512,0,3,0,0,11,5,1,0,0,1,4,0,0.00680272108843537,0,0,0.0249433106575964,0.0113378684807256,0.00226757369614512,0,0,0.00226757369614512,0.0090702947845805,441,400,0,1.47352875140587,0.00680272108843537,0.0113378684807256,441,0,0,0,0
"2017-05-01","Namibia",2,0,0,0,2,0,1,4,6,3,0,0,2,1,2,2,0,0,0,1,0,0,0,0,0,0,0,0,0,1,0,0,0,0,0,0,0,0,0,0,0.00451467268623025,0,0,0,0.00451467268623025,0,0.00225733634311512,0.0090293453724605,0.0135440180586907,0.00677200902934537,0,0,0.00451467268623025,0.00225733634311512,0.00451467268623025,0.00451467268623025,0,0,0,0.00225733634311512,0,0,0,0,0,0,0,0,0,0.00225733634311512,0,0,0,0,0,0,0,0,0,0,4,4,3,1,7,1,2,1,1,1,2,0.0090293453724605,0.0090293453724605,0.00677200902934537,0.00225733634311512,0.0158013544018059,0.00225733634311512,0.00451467268623025,0.00225733634311512,0.00225733634311512,0.00225733634311512,0.00451467268623025,443,397,0,3.66428181436247,0,0.00225733634311512,443,0,0,0,0
"2017-06-01","Namibia",0,1,0,0,0,0,0,4,3,1,0,0,5,4,1,4,1,2,0,0,0,0,2,0,1,0,0,0,0,0,0,0,3,0,0,0,1,0,0,0,0,0.00191938579654511,0,0,0,0,0,0.00767754318618042,0.00575815738963532,0.00191938579654511,0,0,0.00959692898272553,0.00767754318618042,0.00191938579654511,0.00767754318618042,0.00191938579654511,0.00383877159309021,0,0,0,0,0.00383877159309021,0,0.00191938579654511,0,0,0,0,0,0,0,0.00575815738963532,0,0,0,0.00191938579654511,0,0,0,8,3,7,2,10,1,3,1,2,0,0,0.0153550863723608,0.00575815738963532,0.0134357005758157,0.00383877159309021,0.0191938579654511,0.00191938579654511,0.00575815738963532,0.00191938579654511,0.00383877159309021,0,0,521,472,0,3.98935182416502,0.00767754318618042,0.00575815738963532,521,0,0,0,0
"2017-07-01","Namibia",2,0,2,0,0,0,0,4,2,1,0,0,5,1,0,1,0,0,0,1,0,0,0,0,0,1,1,0,0,1,0,0,0,0,0,1,1,0,1,0,0.00809716599190283,0,0.00809716599190283,0,0,0,0,0.0161943319838057,0.00809716599190283,0.00404858299595142,0,0,0.0202429149797571,0.00404858299595142,0,0.00404858299595142,0,0,0,0.00404858299595142,0,0,0,0,0,0.00404858299595142,0.00404858299595142,0,0,0.00404858299595142,0,0,0,0,0,0.00404858299595142,0.00404858299595142,0,0.00404858299595142,0,0,3,1,1,6,5,0,0,1,1,0,0,0.0121457489878543,0.00404858299595142,0.00404858299595142,0.0242914979757085,0.0202429149797571,0,0,0.00404858299595142,0.00404858299595142,0,247,216,0,3.67041049167128,0,0.0242914979757085,247,0,0,0,0
"2017-08-01","Namibia",1,0,3,0,0,0,0,3,3,2,0,0,4,0,0,2,0,2,0,1,0,0,0,0,1,1,0,0,0,0,1,0,0,0,0,0,0,0,3,2,0.0033003300330033,0,0.0099009900990099,0,0,0,0,0.0099009900990099,0.0099009900990099,0.0066006600660066,0,0,0.0132013201320132,0,0,0.0066006600660066,0,0.0066006600660066,0,0.0033003300330033,0,0,0,0,0.0033003300330033,0.0033003300330033,0,0,0,0,0.0033003300330033,0,0,0,0,0,0,0,0.0099009900990099,0.0066006600660066,5,3,3,0,12,1,0,0,0,1,0,0.0165016501650165,0.0099009900990099,0.0099009900990099,0,0.0396039603960396,0.0033003300330033,0,0,0,0.0033003300330033,0,303,264,3,3.56243185791502,0.0099009900990099,0.0165016501650165,303,0,0,0,0
"2017-09-01","Namibia",0,0,2,1,0,0,0,5,2,1,0,0,3,3,1,3,1,1,0,0,0,0,1,0,0,0,0,0,0,0,0,0,1,0,1,0,1,0,0,1,0,0,0.00394477317554241,0.0019723865877712,0,0,0,0.00986193293885602,0.00394477317554241,0.0019723865877712,0,0,0.00591715976331361,0.00591715976331361,0.0019723865877712,0.00591715976331361,0.0019723865877712,0.0019723865877712,0,0,0,0,0.0019723865877712,0,0,0,0,0,0,0,0,0,0.0019723865877712,0,0.0019723865877712,0,0.0019723865877712,0,0,0.0019723865877712,5,6,8,1,15,6,4,0,0,0,2,0.00986193293885602,0.0118343195266272,0.0157790927021696,0.0019723865877712,0.029585798816568,0.0118343195266272,0.00788954635108481,0,0,0,0.00394477317554241,507,449,0,2.44117621962569,0,0.00986193293885602,507,0,0,0,0
"2017-10-01","Namibia",0,0,4,1,1,1,0,8,3,2,1,1,2,1,0,0,0,1,0,0,0,0,0,0,0,0,0,0,0,0,1,0,2,1,0,0,1,0,0,0,0,0,0.0075046904315197,0.00187617260787992,0.00187617260787992,0.00187617260787992,0,0.0150093808630394,0.00562851782363977,0.00375234521575985,0.00187617260787992,0.00187617260787992,0.00375234521575985,0.00187617260787992,0,0,0,0.00187617260787992,0,0,0,0,0,0,0,0,0,0,0,0,0.00187617260787992,0,0.00375234521575985,0.00187617260787992,0,0,0.00187617260787992,0,0,0,1,3,5,0,14,2,1,0,2,2,2,0.00187617260787992,0.00562851782363977,0.00938086303939963,0,0.026266416510319,0.00375234521575985,0.00187617260787992,0,0.00375234521575985,0.00375234521575985,0.00375234521575985,533,481,1,1.75854222345589,0.00375234521575985,0.0075046904315197,533,0,0,0,0
"2017-11-01","Namibia",0,0,7,1,1,0,0,3,6,3,0,0,7,3,3,3,0,0,0,2,0,0,0,0,0,0,0,0,0,0,0,0,0,0,0,0,0,0,1,0,0,0,0.0126353790613718,0.00180505415162455,0.00180505415162455,0,0,0.00541516245487365,0.0108303249097473,0.00541516245487365,0,0,0.0126353790613718,0.00541516245487365,0.00541516245487365,0.00541516245487365,0,0,0,0.0036101083032491,0,0,0,0,0,0,0,0,0,0,0,0,0,0,0,0,0,0,0.00180505415162455,0,4,6,3,2,17,6,0,0,0,1,3,0.0072202166064982,0.0108303249097473,0.00541516245487365,0.0036101083032491,0.0306859205776173,0.0108303249097473,0,0,0,0.00180505415162455,0.00541516245487365,554,485,1,3.57145911543861,0,0.00180505415162455,554,0,0,0,0
"2017-12-01","Namibia",0,0,4,0,1,0,0,7,1,1,0,2,3,0,2,5,0,0,0,0,0,0,0,0,0,0,0,0,1,1,0,0,2,0,0,0,0,0,3,0,0,0,0.00985221674876847,0,0.00246305418719212,0,0,0.0172413793103448,0.00246305418719212,0.00246305418719212,0,0.00492610837438424,0.00738916256157635,0,0.00492610837438424,0.0123152709359606,0,0,0,0,0,0,0,0,0,0,0,0,0.00246305418719212,0.00246305418719212,0,0,0.00492610837438424,0,0,0,0,0,0.00738916256157635,0,2,1,2,0,9,2,2,1,0,0,0,0.00492610837438424,0.00246305418719212,0.00492610837438424,0,0.0221674876847291,0.00492610837438424,0.00492610837438424,0.00246305418719212,0,0,0,406,365,1,2.16791971521525,0.00492610837438424,0.0123152709359606,406,0,0,0,0
"2018-01-01","Namibia",1,0,2,0,0,0,0,17,7,2,0,1,6,1,1,0,0,1,1,0,0,0,0,0,0,0,1,0,0,1,1,0,0,0,0,0,0,0,0,0,0.00198412698412698,0,0.00396825396825397,0,0,0,0,0.0337301587301587,0.0138888888888889,0.00396825396825397,0,0.00198412698412698,0.0119047619047619,0.00198412698412698,0.00198412698412698,0,0,0.00198412698412698,0.00198412698412698,0,0,0,0,0,0,0,0.00198412698412698,0,0,0.00198412698412698,0.00198412698412698,0,0,0,0,0,0,0,0,0,5,3,7,0,22,2,1,0,0,4,4,0.00992063492063492,0.00595238095238095,0.0138888888888889,0,0.0436507936507936,0.00396825396825397,0.00198412698412698,0,0,0.00793650793650794,0.00793650793650794,504,429,1,3.15770033245738,0.00198412698412698,0.00396825396825397,504,0,0,0,0
"2018-02-01","Namibia",1,0,2,1,0,0,0,9,3,5,0,0,3,1,1,3,0,3,0,0,0,0,0,0,1,0,0,0,0,0,0,0,1,0,0,0,0,0,0,1,0.00198412698412698,0,0.00396825396825397,0.00198412698412698,0,0,0,0.0178571428571429,0.00595238095238095,0.00992063492063492,0,0,0.00595238095238095,0.00198412698412698,0.00198412698412698,0.00595238095238095,0,0.00595238095238095,0,0,0,0,0,0,0.00198412698412698,0,0,0,0,0,0,0,0.00198412698412698,0,0,0,0,0,0,0.00198412698412698,5,4,6,1,23,4,2,0,1,4,4,0.00992063492063492,0.00793650793650794,0.0119047619047619,0.00198412698412698,0.0456349206349206,0.00793650793650794,0.00396825396825397,0,0.00198412698412698,0.00793650793650794,0.00793650793650794,504,428,0,2.88670162227363,0.00198412698412698,0.00396825396825397,504,0,0,0,0
"2018-03-01","Namibia",0,0,1,1,2,0,2,16,10,1,0,0,4,0,2,2,0,1,0,1,0,0,0,0,0,0,1,1,0,0,0,0,1,0,0,0,0,1,0,0,0,0,0.00186219739292365,0.00186219739292365,0.0037243947858473,0,0.0037243947858473,0.0297951582867784,0.0186219739292365,0.00186219739292365,0,0,0.0074487895716946,0,0.0037243947858473,0.0037243947858473,0,0.00186219739292365,0,0.00186219739292365,0,0,0,0,0,0,0.00186219739292365,0.00186219739292365,0,0,0,0,0.00186219739292365,0,0,0,0,0.00186219739292365,0,0,5,4,5,0,19,1,2,1,1,5,4,0.00931098696461825,0.0074487895716946,0.00931098696461825,0,0.0353817504655493,0.00186219739292365,0.0037243947858473,0.00186219739292365,0.00186219739292365,0.00931098696461825,0.0074487895716946,537,458,1,4.31572432371493,0.00186219739292365,0.0074487895716946,537,0,0,0,0
"2018-04-01","Namibia",1,0,2,0,3,0,1,11,12,3,0,0,7,1,3,1,1,2,0,2,2,1,0,0,0,2,2,1,0,1,0,0,2,1,0,0,0,0,0,0,0.0019047619047619,0,0.00380952380952381,0,0.00571428571428571,0,0.0019047619047619,0.020952380952381,0.0228571428571429,0.00571428571428571,0,0,0.0133333333333333,0.0019047619047619,0.00571428571428571,0.0019047619047619,0.0019047619047619,0.00380952380952381,0,0.00380952380952381,0.00380952380952381,0.0019047619047619,0,0,0,0.00380952380952381,0.00380952380952381,0.0019047619047619,0,0.0019047619047619,0,0,0.00380952380952381,0.0019047619047619,0,0,0,0,0,0,5,1,6,0,17,4,3,1,1,2,4,0.00952380952380952,0.0019047619047619,0.0114285714285714,0,0.0323809523809524,0.00761904761904762,0.00571428571428571,0.0019047619047619,0.0019047619047619,0.00380952380952381,0.00761904761904762,525,445,9,5.02618041342266,0,0.0247619047619048,525,0,0,0,0
"2018-05-01","Namibia",0,0,1,0,3,0,0,6,12,2,0,1,8,4,2,1,0,1,0,1,0,0,0,1,0,2,1,2,0,0,1,0,0,0,0,0,1,0,1,0,0,0,0.00201612903225806,0,0.00604838709677419,0,0,0.0120967741935484,0.0241935483870968,0.00403225806451613,0,0.00201612903225806,0.0161290322580645,0.00806451612903226,0.00403225806451613,0.00201612903225806,0,0.00201612903225806,0,0.00201612903225806,0,0,0,0.00201612903225806,0,0.00403225806451613,0.00201612903225806,0.00403225806451613,0,0,0.00201612903225806,0,0,0,0,0,0.00201612903225806,0,0.00201612903225806,0,1,7,9,0,25,2,1,0,1,1,1,0.00201612903225806,0.0141129032258065,0.0181451612903226,0,0.0504032258064516,0.00403225806451613,0.00201612903225806,0,0.00201612903225806,0.00201612903225806,0.00201612903225806,496,422,1,4.89459359880917,0.00201612903225806,0.0181451612903226,496,0,0,0,0
"2018-06-01","Namibia",0,1,2,0,3,1,1,5,8,1,0,0,7,1,3,2,0,0,0,0,0,0,0,0,0,1,4,0,0,1,0,0,0,0,0,0,3,0,0,0,0,0.00194931773879142,0.00389863547758285,0,0.00584795321637427,0.00194931773879142,0.00194931773879142,0.00974658869395711,0.0155945419103314,0.00194931773879142,0,0,0.01364522417154,0.00194931773879142,0.00584795321637427,0.00389863547758285,0,0,0,0,0,0,0,0,0,0.00194931773879142,0.00779727095516569,0,0,0.00194931773879142,0,0,0,0,0,0,0.00584795321637427,0,0,0,8,5,8,1,20,4,2,0,0,0,1,0.0155945419103314,0.00974658869395711,0.0155945419103314,0.00194931773879142,0.0389863547758285,0.00779727095516569,0.00389863547758285,0,0,0,0.00194931773879142,513,445,0,5.10448647199273,0,0.0194931773879142,513,0,0,0,0
"2018-07-01","Namibia",1,1,1,0,2,0,0,3,15,3,0,0,13,2,0,1,0,1,0,1,0,0,0,0,0,1,0,1,0,0,0,0,0,0,0,0,0,0,1,1,0.00172413793103448,0.00172413793103448,0.00172413793103448,0,0.00344827586206897,0,0,0.00517241379310345,0.0258620689655172,0.00517241379310345,0,0,0.0224137931034483,0.00344827586206897,0,0.00172413793103448,0,0.00172413793103448,0,0.00172413793103448,0,0,0,0,0,0.00172413793103448,0,0.00172413793103448,0,0,0,0,0,0,0,0,0,0,0.00172413793103448,0.00172413793103448,4,5,7,1,28,8,0,0,2,1,1,0.00689655172413793,0.00862068965517241,0.0120689655172414,0.00172413793103448,0.0482758620689655,0.0137931034482759,0,0,0.00344827586206897,0.00172413793103448,0.00172413793103448,580,499,0,5.64267341050165,0,0.00689655172413793,580,0,0,0,0
"2018-08-01","Namibia",0,0,2,2,2,3,0,7,10,1,0,2,9,1,4,3,1,0,0,3,0,0,0,0,0,1,0,0,0,0,0,0,0,0,0,0,0,0,0,0,0,0,0.0036697247706422,0.0036697247706422,0.0036697247706422,0.0055045871559633,0,0.0128440366972477,0.018348623853211,0.0018348623853211,0,0.0036697247706422,0.0165137614678899,0.0018348623853211,0.0073394495412844,0.0055045871559633,0.0018348623853211,0,0,0.0055045871559633,0,0,0,0,0,0.0018348623853211,0,0,0,0,0,0,0,0,0,0,0,0,0,0,4,4,9,1,20,3,6,1,0,4,1,0.0073394495412844,0.0073394495412844,0.0165137614678899,0.0018348623853211,0.036697247706422,0.0055045871559633,0.0110091743119266,0.0018348623853211,0,0.0073394495412844,0.0018348623853211,545,461,1,5.01982461857517,0,0.0018348623853211,545,0,0,0,0
"2018-09-01","Namibia",1,1,1,0,2,0,1,5,6,3,0,1,5,4,6,0,0,0,0,1,0,0,0,0,0,4,0,1,2,3,0,0,0,0,0,1,1,0,0,0,0.00198807157057654,0.00198807157057654,0.00198807157057654,0,0.00397614314115308,0,0.00198807157057654,0.0099403578528827,0.0119284294234592,0.00596421471172962,0,0.00198807157057654,0.0099403578528827,0.00795228628230616,0.0119284294234592,0,0,0,0,0.00198807157057654,0,0,0,0,0,0.00795228628230616,0,0.00198807157057654,0.00397614314115308,0.00596421471172962,0,0,0,0,0,0.00198807157057654,0.00198807157057654,0,0,0,9,2,4,0,19,5,0,0,0,3,3,0.0178926441351889,0.00397614314115308,0.00795228628230616,0,0.0377733598409543,0.0099403578528827,0,0,0,0.00596421471172962,0.00596421471172962,503,431,0,4.78167830564382,0.00198807157057654,0.0218687872763419,503,0,0,0,0
"2018-10-01","Namibia",0,0,1,0,3,0,0,5,4,10,0,1,4,0,7,5,0,0,0,0,1,2,0,0,0,0,0,0,0,6,0,0,1,0,0,1,0,0,0,0,0,0,0.00169204737732657,0,0.0050761421319797,0,0,0.00846023688663283,0.00676818950930626,0.0169204737732657,0,0.00169204737732657,0.00676818950930626,0,0.011844331641286,0.00846023688663283,0,0,0,0,0.00169204737732657,0.00338409475465313,0,0,0,0,0,0,0,0.0101522842639594,0,0,0.00169204737732657,0,0,0.00169204737732657,0,0,0,0,6,5,7,0,33,8,5,0,0,4,7,0.0101522842639594,0.00846023688663283,0.011844331641286,0,0.0558375634517767,0.0135363790186125,0.00846023688663283,0,0,0.00676818950930626,0.011844331641286,591,487,2,3.10342655824746,0.0152284263959391,0.00338409475465313,591,0,0,0,1
"2018-11-01","Namibia",0,0,3,0,2,0,0,14,7,3,0,0,6,2,4,4,0,1,1,0,1,0,0,0,0,2,2,2,0,5,0,0,0,0,0,0,0,0,0,0,0,0,0.00555555555555556,0,0.0037037037037037,0,0,0.0259259259259259,0.012962962962963,0.00555555555555556,0,0,0.0111111111111111,0.0037037037037037,0.00740740740740741,0.00740740740740741,0,0.00185185185185185,0.00185185185185185,0,0.00185185185185185,0,0,0,0,0.0037037037037037,0.0037037037037037,0.0037037037037037,0,0.00925925925925926,0,0,0,0,0,0,0,0,0,0,4,2,10,0,16,6,6,1,0,5,0,0.00740740740740741,0.0037037037037037,0.0185185185185185,0,0.0296296296296296,0.0111111111111111,0.0111111111111111,0.00185185185185185,0,0.00925925925925926,0,540,459,0,4.07453473109756,0.00925925925925926,0.012962962962963,540,0,0,0,1
"2018-12-01","Namibia",1,0,1,0,5,0,0,6,2,1,0,1,3,0,2,1,0,1,1,1,0,0,0,0,0,0,1,0,0,4,0,0,0,0,0,0,0,0,1,2,0.00254452926208651,0,0.00254452926208651,0,0.0127226463104326,0,0,0.0152671755725191,0.00508905852417303,0.00254452926208651,0,0.00254452926208651,0.00763358778625954,0,0.00508905852417303,0.00254452926208651,0,0.00254452926208651,0.00254452926208651,0.00254452926208651,0,0,0,0,0,0,0.00254452926208651,0,0,0.0101781170483461,0,0,0,0,0,0,0,0,0.00254452926208651,0.00508905852417303,13,2,1,0,11,6,0,0,0,7,1,0.0330788804071247,0.00508905852417303,0.00254452926208651,0,0.0279898218829517,0.0152671755725191,0,0,0,0.0178117048346056,0.00254452926208651,393,329,1,2.29084965740468,0.00763358778625954,0.0127226463104326,393,0,0,0,1
"2019-01-01","Namibia",5,1,4,2,2,1,0,19,1,1,0,1,1,2,2,5,0,0,1,1,0,0,0,1,0,0,0,0,0,0,0,0,0,0,0,0,0,0,0,0,0.00838926174496644,0.00167785234899329,0.00671140939597315,0.00335570469798658,0.00335570469798658,0.00167785234899329,0,0.0318791946308725,0.00167785234899329,0.00167785234899329,0,0.00167785234899329,0.00167785234899329,0.00335570469798658,0.00335570469798658,0.00838926174496644,0,0,0.00167785234899329,0.00167785234899329,0,0,0,0.00167785234899329,0,0,0,0,0,0,0,0,0,0,0,0,0,0,0,0,10,7,7,0,23,3,3,1,1,5,9,0.0167785234899329,0.011744966442953,0.011744966442953,0,0.0385906040268456,0.00503355704697987,0.00503355704697987,0.00167785234899329,0.00167785234899329,0.00838926174496644,0.0151006711409396,596,486,0,3.01959084320698,0.00167785234899329,0,596,0,0,0,1
"2019-02-01","Namibia",4,0,7,0,8,1,0,15,13,2,1,0,11,1,6,2,0,1,0,0,0,1,0,0,0,0,1,2,0,0,0,0,0,0,0,0,0,0,2,0,0.00542005420054201,0,0.00948509485094851,0,0.010840108401084,0.0013550135501355,0,0.0203252032520325,0.0176151761517615,0.002710027100271,0.0013550135501355,0,0.0149051490514905,0.0013550135501355,0.00813008130081301,0.002710027100271,0,0.0013550135501355,0,0,0,0.0013550135501355,0,0,0,0,0.0013550135501355,0.002710027100271,0,0,0,0,0,0,0,0,0,0,0.002710027100271,0,25,11,19,2,44,8,5,0,1,9,5,0.0338753387533875,0.0149051490514905,0.0257452574525745,0.002710027100271,0.0596205962059621,0.010840108401084,0.00677506775067751,0,0.0013550135501355,0.0121951219512195,0.00677506775067751,738,569,0,4.16791278415463,0,0.00948509485094851,738,0,1,0,1
"2019-03-01","Namibia",0,0,7,0,2,0,1,20,24,4,1,2,14,1,5,7,1,0,0,0,0,0,0,1,2,1,0,1,0,0,0,0,1,0,0,0,0,1,1,1,0,0,0.00807381776239908,0,0.00230680507497117,0,0.00115340253748558,0.0230680507497117,0.027681660899654,0.00461361014994233,0.00115340253748558,0.00230680507497117,0.0161476355247982,0.00115340253748558,0.00576701268742791,0.00807381776239908,0.00115340253748558,0,0,0,0,0,0,0.00115340253748558,0.00230680507497117,0.00115340253748558,0,0.00115340253748558,0,0,0,0,0.00115340253748558,0,0,0,0,0.00115340253748558,0.00115340253748558,0.00115340253748558,17,8,18,1,38,8,1,2,2,7,13,0.0196078431372549,0.00922722029988466,0.0207612456747405,0.00115340253748558,0.0438292964244521,0.00922722029988466,0.00115340253748558,0.00230680507497117,0.00230680507497117,0.00807381776239908,0.0149942329873126,867,697,1,5.35140416446688,0.00115340253748558,0.00922722029988466,867,0,1,0,1
"2019-04-01","Namibia",4,0,11,0,5,1,0,13,6,2,0,0,8,3,3,1,0,1,1,1,0,2,0,0,1,4,1,0,1,2,0,0,1,1,0,0,1,0,0,2,0.00587371512481645,0,0.0161527165932452,0,0.00734214390602056,0.00146842878120411,0,0.0190895741556534,0.00881057268722467,0.00293685756240822,0,0,0.0117474302496329,0.00440528634361234,0.00440528634361234,0.00146842878120411,0,0.00146842878120411,0.00146842878120411,0.00146842878120411,0,0.00293685756240822,0,0,0.00146842878120411,0.00587371512481645,0.00146842878120411,0,0.00146842878120411,0.00293685756240822,0,0,0.00146842878120411,0.00146842878120411,0,0,0.00146842878120411,0,0,0.00293685756240822,17,2,12,1,26,8,2,0,0,7,6,0.0249632892804699,0.00293685756240822,0.0176211453744493,0.00146842878120411,0.0381791483113069,0.0117474302496329,0.00293685756240822,0,0,0.0102790014684288,0.00881057268722467,681,561,0,3.48530203536883,0.00146842878120411,0.0220264317180617,681,0,0,0,1
"2019-05-01","Namibia",0,0,11,0,5,1,1,34,8,2,3,3,4,5,8,7,0,1,0,7,0,0,0,0,0,1,0,2,1,3,0,0,1,1,0,0,0,0,0,0,0,0,0.0129564193168433,0,0.00588928150765607,0.00117785630153121,0.00117785630153121,0.0400471142520612,0.0094228504122497,0.00235571260306243,0.00353356890459364,0.00353356890459364,0.00471142520612485,0.00588928150765607,0.0094228504122497,0.00824499411071849,0,0.00117785630153121,0,0.00824499411071849,0,0,0,0,0,0.00117785630153121,0,0.00235571260306243,0.00117785630153121,0.00353356890459364,0,0,0.00117785630153121,0.00117785630153121,0,0,0,0,0,0,15,12,6,1,40,11,3,2,0,3,1,0.0176678445229682,0.0141342756183746,0.00706713780918728,0.00117785630153121,0.0471142520612485,0.0129564193168433,0.00353356890459364,0.00235571260306243,0,0.00353356890459364,0.00117785630153121,849,667,2,3.74413958826651,0.00588928150765607,0.00588928150765607,849,0,0,0,1
"2019-06-01","Namibia",2,0,19,4,8,0,0,21,4,5,0,1,5,5,2,1,0,1,0,0,0,0,0,0,0,2,2,2,0,3,0,0,1,0,0,0,0,0,4,0,0.00233644859813084,0,0.022196261682243,0.00467289719626168,0.00934579439252336,0,0,0.0245327102803738,0.00467289719626168,0.0058411214953271,0,0.00116822429906542,0.0058411214953271,0.0058411214953271,0.00233644859813084,0.00116822429906542,0,0.00116822429906542,0,0,0,0,0,0,0,0.00233644859813084,0.00233644859813084,0.00233644859813084,0,0.00350467289719626,0,0,0.00116822429906542,0,0,0,0,0,0.00467289719626168,0,14,12,7,0,24,12,1,2,2,6,5,0.0163551401869159,0.014018691588785,0.00817757009345794,0,0.0280373831775701,0.014018691588785,0.00116822429906542,0.00233644859813084,0.00233644859813084,0.00700934579439252,0.0058411214953271,856,705,0,2.17899093830551,0.00467289719626168,0.0116822429906542,856,0,0,0,1
"2019-07-01","Namibia",5,0,18,1,8,1,2,24,20,3,0,0,18,2,1,3,0,2,1,3,0,0,0,0,0,0,1,3,0,2,0,0,1,1,0,0,0,1,2,0,0.00531914893617021,0,0.0191489361702128,0.00106382978723404,0.00851063829787234,0.00106382978723404,0.00212765957446809,0.025531914893617,0.0212765957446809,0.00319148936170213,0,0,0.0191489361702128,0.00212765957446809,0.00106382978723404,0.00319148936170213,0,0.00212765957446809,0.00106382978723404,0.00319148936170213,0,0,0,0,0,0,0.00106382978723404,0.00319148936170213,0,0.00212765957446809,0,0,0.00106382978723404,0.00106382978723404,0,0,0,0.00106382978723404,0.00212765957446809,0,25,11,18,0,39,14,1,0,0,4,3,0.0265957446808511,0.0117021276595745,0.0191489361702128,0,0.0414893617021277,0.0148936170212766,0.00106382978723404,0,0,0.00425531914893617,0.00319148936170213,940,750,1,5.56607383701823,0.00212765957446809,0.00957446808510638,940,0,0,0,1
"2019-08-01","Namibia",2,0,18,3,2,0,0,21,2,1,0,3,5,3,1,3,0,4,0,1,0,0,0,0,0,1,2,0,1,3,0,0,1,1,0,0,1,0,1,0,0.00208116545265349,0,0.0187304890738814,0.00312174817898023,0.00208116545265349,0,0,0.0218522372528616,0.00208116545265349,0.00104058272632674,0,0.00312174817898023,0.00520291363163371,0.00312174817898023,0.00104058272632674,0.00312174817898023,0,0.00416233090530697,0,0.00104058272632674,0,0,0,0,0,0.00104058272632674,0.00208116545265349,0,0.00104058272632674,0.00312174817898023,0,0,0.00104058272632674,0.00104058272632674,0,0,0.00104058272632674,0,0.00104058272632674,0,16,10,13,0,49,17,4,0,0,6,15,0.0166493236212279,0.0104058272632674,0.0135275754422477,0,0.0509885535900104,0.0176899063475546,0.00416233090530697,0,0,0.00624349635796046,0.0156087408949011,961,778,6,1.72990161628949,0.00208116545265349,0.00936524453694069,961,0,1,0,1
"2019-09-01","Namibia",0,0,19,4,6,0,2,22,13,2,0,2,7,8,11,3,0,3,1,4,0,2,0,0,0,1,0,1,0,2,0,0,3,0,0,0,1,0,1,0,0,0,0.0166374781085814,0.00350262697022767,0.00525394045534151,0,0.00175131348511384,0.0192644483362522,0.0113835376532399,0.00175131348511384,0,0.00175131348511384,0.00612959719789842,0.00700525394045534,0.00963222416812609,0.00262697022767075,0,0.00262697022767075,0.000875656742556918,0.00350262697022767,0,0.00175131348511384,0,0,0,0.000875656742556918,0,0.000875656742556918,0,0.00175131348511384,0,0,0.00262697022767075,0,0,0,0.000875656742556918,0,0.000875656742556918,0,35,19,13,1,40,9,3,1,2,15,11,0.0306479859894921,0.0166374781085814,0.0113835376532399,0.000875656742556918,0.0350262697022767,0.00788091068301226,0.00262697022767075,0.000875656742556918,0.00175131348511384,0.0131348511383538,0.00963222416812609,1142,908,3,3.85352231747126,0.000875656742556918,0.00875656742556918,1142,0,1,0,1
"2019-10-01","Namibia",5,1,23,4,2,0,1,32,14,5,1,0,16,7,2,8,1,1,0,4,0,0,0,0,0,2,1,0,0,0,0,0,1,0,0,2,0,1,1,1,0.00446428571428571,0.000892857142857143,0.0205357142857143,0.00357142857142857,0.00178571428571429,0,0.000892857142857143,0.0285714285714286,0.0125,0.00446428571428571,0.000892857142857143,0,0.0142857142857143,0.00625,0.00178571428571429,0.00714285714285714,0.000892857142857143,0.000892857142857143,0,0.00357142857142857,0,0,0,0,0,0.00178571428571429,0.000892857142857143,0,0,0,0,0,0.000892857142857143,0,0,0.00178571428571429,0,0.000892857142857143,0.000892857142857143,0.000892857142857143,28,10,15,1,47,11,3,0,0,0,12,0.025,0.00892857142857143,0.0133928571428571,0.000892857142857143,0.0419642857142857,0.00982142857142857,0.00267857142857143,0,0,0,0.0107142857142857,1120,897,1,4.70644894604319,0.00178571428571429,0.00625,1120,0,1,0,1
"2019-11-01","Namibia",8,0,91,8,4,0,0,19,15,4,0,3,38,4,3,23,0,1,1,1,0,1,0,0,0,0,1,0,0,1,1,1,0,2,0,0,0,0,1,0,0.00883977900552486,0,0.100552486187845,0.00883977900552486,0.00441988950276243,0,0,0.0209944751381215,0.0165745856353591,0.00441988950276243,0,0.00331491712707182,0.0419889502762431,0.00441988950276243,0.00331491712707182,0.025414364640884,0,0.00110497237569061,0.00110497237569061,0.00110497237569061,0,0.00110497237569061,0,0,0,0,0.00110497237569061,0,0,0.00110497237569061,0.00110497237569061,0.00110497237569061,0,0.00220994475138122,0,0,0,0,0.00110497237569061,0,34,6,30,0,43,4,7,0,1,10,9,0.0375690607734807,0.00662983425414365,0.0331491712707182,0,0.0475138121546961,0.00441988950276243,0.00773480662983425,0,0.00110497237569061,0.0110497237569061,0.00994475138121547,905,605,0,8.21302350824523,0.00110497237569061,0.00883977900552486,905,0,1,1,1
"2019-12-01","Namibia",3,1,36,7,1,0,1,25,14,1,1,0,18,3,5,8,0,1,2,0,0,0,0,0,0,1,0,0,0,1,0,0,0,0,0,0,1,1,0,1,0.00488599348534202,0.00162866449511401,0.0586319218241042,0.011400651465798,0.00162866449511401,0,0.00162866449511401,0.0407166123778502,0.0228013029315961,0.00162866449511401,0.00162866449511401,0,0.0293159609120521,0.00488599348534202,0.00814332247557003,0.0130293159609121,0,0.00162866449511401,0.00325732899022801,0,0,0,0,0,0,0.00162866449511401,0,0,0,0.00162866449511401,0,0,0,0,0,0,0.00162866449511401,0.00162866449511401,0,0.00162866449511401,28,4,16,0,28,4,4,0,0,4,11,0.0456026058631922,0.00651465798045603,0.0260586319218241,0,0.0456026058631922,0.00651465798045603,0.00651465798045603,0,0,0.00651465798045603,0.0179153094462541,614,421,0,8.20780246749027,0,0.00814332247557003,614,0,1,1,1
"2020-01-01","Namibia",5,0,25,6,2,2,0,27,11,2,0,0,9,1,1,1,0,1,0,5,0,0,0,0,1,0,0,0,0,2,0,0,1,0,0,0,2,0,0,0,0.00670241286863271,0,0.0335120643431635,0.00804289544235925,0.00268096514745308,0.00268096514745308,0,0.0361930294906166,0.014745308310992,0.00268096514745308,0,0,0.0120643431635389,0.00134048257372654,0.00134048257372654,0.00134048257372654,0,0.00134048257372654,0,0.00670241286863271,0,0,0,0,0.00134048257372654,0,0,0,0,0.00268096514745308,0,0,0.00134048257372654,0,0,0,0.00268096514745308,0,0,0,26,4,16,2,28,5,1,0,1,9,18,0.0348525469168901,0.00536193029490617,0.0214477211796247,0.00268096514745308,0.0375335120643432,0.00670241286863271,0.00134048257372654,0,0.00134048257372654,0.0120643431635389,0.0241286863270777,746,563,0,3.66559183437189,0,0.00804289544235925,746,0,1,0,1
"2020-02-01","Namibia",2,0,9,5,1,0,0,44,12,3,1,1,13,2,3,5,3,4,0,1,0,0,1,0,2,0,0,1,0,0,0,0,4,0,0,0,1,1,0,0,0.00240673886883273,0,0.0108303249097473,0.00601684717208183,0.00120336943441637,0,0,0.0529482551143201,0.0144404332129964,0.0036101083032491,0.00120336943441637,0.00120336943441637,0.0156438026474128,0.00240673886883273,0.0036101083032491,0.00601684717208183,0.0036101083032491,0.00481347773766546,0,0.00120336943441637,0,0,0.00120336943441637,0,0.00240673886883273,0,0,0.00120336943441637,0,0,0,0,0.00481347773766546,0,0,0,0.00120336943441637,0.00120336943441637,0,0,21,8,17,2,33,7,2,1,2,13,9,0.0252707581227437,0.00962695547533093,0.0204572803850782,0.00240673886883273,0.0397111913357401,0.00842358604091456,0.00240673886883273,0.00120336943441637,0.00240673886883273,0.0156438026474128,0.0108303249097473,831,639,1,4.15797572300592,0.00120336943441637,0.0108303249097473,831,0,1,0,1
"2020-03-01","Namibia",1,0,13,0,4,2,0,98,18,3,26,1,14,3,6,8,0,0,0,0,1,0,0,0,0,2,0,2,1,1,1,0,0,0,0,0,3,0,1,0,0.001001001001001,0,0.013013013013013,0,0.004004004004004,0.002002002002002,0,0.0980980980980981,0.018018018018018,0.003003003003003,0.026026026026026,0.001001001001001,0.014014014014014,0.003003003003003,0.00600600600600601,0.00800800800800801,0,0,0,0,0.001001001001001,0,0,0,0,0.002002002002002,0,0.002002002002002,0.001001001001001,0.001001001001001,0.001001001001001,0,0,0,0,0,0.003003003003003,0,0.001001001001001,0,9,5,9,1,33,12,3,0,0,4,7,0.00900900900900901,0.005005005005005,0.00900900900900901,0.001001001001001,0.033033033033033,0.012012012012012,0.003003003003003,0,0,0.004004004004004,0.00700700700700701,999,743,0,4.59364316447339,0,0.012012012012012,999,0,1,1,1
"2020-04-01","Namibia",8,2,1,1,4,0,0,64,8,3,33,1,5,2,1,1,1,1,0,0,0,0,1,1,1,3,1,3,0,0,0,0,2,1,0,0,1,0,0,0,0.00868621064060804,0.00217155266015201,0.001085776330076,0.001085776330076,0.00434310532030402,0,0,0.0694896851248643,0.00868621064060804,0.00325732899022801,0.0358306188925081,0.001085776330076,0.00542888165038002,0.00217155266015201,0.001085776330076,0.001085776330076,0.001085776330076,0.001085776330076,0,0,0,0,0.001085776330076,0.001085776330076,0.001085776330076,0.00325732899022801,0.001085776330076,0.00325732899022801,0,0,0,0,0.00217155266015201,0.001085776330076,0,0,0.001085776330076,0,0,0,24,12,5,1,21,14,2,1,0,0,12,0.0260586319218241,0.0130293159609121,0.00542888165038002,0.001085776330076,0.0228013029315961,0.0152008686210641,0.00217155266015201,0.001085776330076,0,0,0.0130293159609121,921,704,4,2.97195705196354,0,0.0152008686210641,921,0,1,1,1
"2020-05-01","Namibia",0,0,0,2,3,0,1,82,12,4,13,1,8,11,1,3,0,0,0,0,0,0,0,1,0,1,0,0,0,0,0,0,1,2,0,0,2,0,0,0,0,0,0,0.00238095238095238,0.00357142857142857,0,0.00119047619047619,0.0976190476190476,0.0142857142857143,0.00476190476190476,0.0154761904761905,0.00119047619047619,0.00952380952380952,0.0130952380952381,0.00119047619047619,0.00357142857142857,0,0,0,0,0,0,0,0.00119047619047619,0,0.00119047619047619,0,0,0,0,0,0,0.00119047619047619,0.00238095238095238,0,0,0.00238095238095238,0,0,0,17,10,12,1,33,16,1,2,1,6,5,0.0202380952380952,0.0119047619047619,0.0142857142857143,0.00119047619047619,0.0392857142857143,0.019047619047619,0.00119047619047619,0.00238095238095238,0.00119047619047619,0.00714285714285714,0.00595238095238095,840,617,0,4.38000434669792,0.00119047619047619,0.00714285714285714,840,0,1,1,1
"2020-06-01","Namibia",1,1,5,1,0,1,1,61,21,8,15,0,13,8,2,4,0,0,0,1,0,1,0,0,0,1,1,5,1,1,0,0,0,1,0,0,0,0,0,0,0.000972762645914397,0.000972762645914397,0.00486381322957198,0.000972762645914397,0,0.000972762645914397,0.000972762645914397,0.0593385214007782,0.0204280155642023,0.00778210116731518,0.014591439688716,0,0.0126459143968872,0.00778210116731518,0.00194552529182879,0.00389105058365759,0,0,0,0.000972762645914397,0,0.000972762645914397,0,0,0,0.000972762645914397,0.000972762645914397,0.00486381322957198,0.000972762645914397,0.000972762645914397,0,0,0,0.000972762645914397,0,0,0,0,0,0,18,5,19,3,48,27,8,2,5,3,7,0.0175097276264591,0.00486381322957198,0.0184824902723735,0.00291828793774319,0.0466926070038911,0.0262645914396887,0.00778210116731518,0.00194552529182879,0.00486381322957198,0.00291828793774319,0.00680933852140078,1028,776,0,5.3205169611128,0.00194552529182879,0.00875486381322957,1028,0,1,1,1
"2020-07-01","Namibia",0,2,10,1,3,0,0,65,14,3,6,1,18,4,5,14,1,2,0,2,1,1,0,0,0,1,0,0,0,0,0,0,2,0,0,2,4,0,0,0,0,0.00168634064080944,0.00843170320404722,0.000843170320404722,0.00252951096121417,0,0,0.0548060708263069,0.0118043844856661,0.00252951096121417,0.00505902192242833,0.000843170320404722,0.015177065767285,0.00337268128161889,0.00421585160202361,0.0118043844856661,0.000843170320404722,0.00168634064080944,0,0.00168634064080944,0.000843170320404722,0.000843170320404722,0,0,0,0.000843170320404722,0,0,0,0,0,0,0.00168634064080944,0,0,0.00168634064080944,0.00337268128161889,0,0,0,11,4,25,1,37,14,4,0,3,10,12,0.00927487352445194,0.00337268128161889,0.021079258010118,0.000843170320404722,0.0311973018549747,0.0118043844856661,0.00337268128161889,0,0.00252951096121417,0.00843170320404722,0.0101180438448567,1186,957,2,4.71963441321622,0.00168634064080944,0.0075885328836425,1186,1,1,1,1
"2020-08-01","Namibia",2,2,6,0,3,1,0,64,11,3,15,2,19,7,2,17,1,1,0,3,0,3,0,0,2,0,2,0,0,4,0,0,2,0,1,0,0,0,0,0,0.00186741363211951,0.00186741363211951,0.00560224089635854,0,0.00280112044817927,0.000933706816059757,0,0.0597572362278245,0.0102707749766573,0.00280112044817927,0.0140056022408964,0.00186741363211951,0.0177404295051354,0.0065359477124183,0.00186741363211951,0.0158730158730159,0.000933706816059757,0.000933706816059757,0,0.00280112044817927,0,0.00280112044817927,0,0,0.00186741363211951,0,0.00186741363211951,0,0,0.00373482726423903,0,0,0.00186741363211951,0,0.000933706816059757,0,0,0,0,0,20,7,22,0,35,6,6,4,2,2,15,0.0186741363211951,0.0065359477124183,0.0205415499533147,0,0.0326797385620915,0.00560224089635854,0.00560224089635854,0.00373482726423903,0.00186741363211951,0.00186741363211951,0.0140056022408964,1071,833,0,5.59424761770358,0.00186741363211951,0.0112044817927171,1071,1,1,1,1
"2020-09-01","Namibia",3,0,21,8,4,1,0,32,19,14,15,1,20,7,2,9,0,1,0,1,0,0,0,0,0,1,0,0,0,0,0,0,0,0,1,0,1,0,0,0,0.0028116213683224,0,0.0196813495782568,0.00749765698219306,0.00374882849109653,0.000937207122774133,0,0.0299906279287723,0.0178069353327085,0.0131208997188379,0.014058106841612,0.000937207122774133,0.0187441424554827,0.00656044985941893,0.00187441424554827,0.0084348641049672,0,0.000937207122774133,0,0.000937207122774133,0,0,0,0,0,0.000937207122774133,0,0,0,0,0,0,0,0,0.000937207122774133,0,0.000937207122774133,0,0,0,34,13,20,3,37,10,6,0,0,15,23,0.0318650421743205,0.0121836925960637,0.0187441424554827,0.0028116213683224,0.0346766635426429,0.00937207122774133,0.0056232427366448,0,0,0.014058106841612,0.0215557638238051,1067,789,2,5.49282881113203,0.000937207122774133,0.00187441424554827,1067,1,1,1,1
"2020-10-01","Namibia",1,0,27,1,3,0,1,26,17,6,0,1,11,5,25,8,0,3,1,2,1,1,1,0,0,1,0,1,0,0,0,0,0,0,0,0,2,0,0,0,0.000958772770853308,0,0.0258868648130393,0.000958772770853308,0.00287631831255992,0,0.000958772770853308,0.024928092042186,0.0162991371045062,0.00575263662511985,0,0.000958772770853308,0.0105465004793864,0.00479386385426654,0.0239693192713327,0.00767018216682646,0,0.00287631831255992,0.000958772770853308,0.00191754554170662,0.000958772770853308,0.000958772770853308,0.000958772770853308,0,0,0.000958772770853308,0,0.000958772770853308,0,0,0,0,0,0,0,0,0.00191754554170662,0,0,0,20,17,18,2,41,16,5,0,4,19,18,0.0191754554170662,0.0162991371045062,0.0172579098753595,0.00191754554170662,0.0393096836049856,0.0153403643336529,0.00479386385426654,0,0.00383509108341323,0.0182166826462128,0.0172579098753595,1043,777,0,5.32433958746481,0.000958772770853308,0.00575263662511985,1043,1,1,1,1
"2020-11-01","Namibia",1,1,54,9,7,1,2,20,10,2,0,1,10,5,9,5,0,3,4,2,0,0,0,0,1,0,1,0,0,0,0,0,0,0,0,0,0,0,2,1,0.00103842159916926,0.00103842159916926,0.0560747663551402,0.00934579439252336,0.00726895119418484,0.00103842159916926,0.00207684319833853,0.0207684319833853,0.0103842159916926,0.00207684319833853,0,0.00103842159916926,0.0103842159916926,0.00519210799584631,0.00934579439252336,0.00519210799584631,0,0.00311526479750779,0.00415368639667705,0.00207684319833853,0,0,0,0,0.00103842159916926,0,0.00103842159916926,0,0,0,0,0,0,0,0,0,0,0,0.00207684319833853,0.00103842159916926,20,10,14,0,32,8,5,0,4,10,16,0.0207684319833853,0.0103842159916926,0.0145379023883697,0,0.0332294911734164,0.0083073727933541,0.00519210799584631,0,0.00415368639667705,0.0103842159916926,0.0166147455867082,963,723,0,5.32371069308058,0.00103842159916926,0.00519210799584631,963,1,1,1,1
"2020-12-01","Namibia",0,0,15,6,1,0,0,35,6,0,3,1,4,2,1,1,0,1,0,1,0,0,0,0,0,0,0,0,0,0,0,0,0,0,0,0,0,0,0,0,0,0,0.0303643724696356,0.0121457489878543,0.00202429149797571,0,0,0.0708502024291498,0.0121457489878543,0,0.00607287449392713,0.00202429149797571,0.00809716599190283,0.00404858299595142,0.00202429149797571,0.00202429149797571,0,0.00202429149797571,0,0.00202429149797571,0,0,0,0,0,0,0,0,0,0,0,0,0,0,0,0,0,0,0,0,16,2,10,0,18,2,2,0,2,3,9,0.0323886639676113,0.00404858299595142,0.0202429149797571,0,0.0364372469635627,0.00404858299595142,0.00404858299595142,0,0.00404858299595142,0.00607287449392713,0.0182186234817814,494,366,0,2.63811519103905,0,0.00202429149797571,494,1,1,1,1
"2021-01-01","Namibia",2,0,0,1,3,0,0,43,8,1,4,0,8,1,5,6,0,2,0,1,0,0,0,0,0,0,0,0,0,1,0,0,0,0,0,0,0,0,0,1,0.00340715502555366,0,0,0.00170357751277683,0.00511073253833049,0,0,0.0732538330494037,0.0136286201022147,0.00170357751277683,0.00681431005110733,0,0.0136286201022147,0.00170357751277683,0.00851788756388416,0.010221465076661,0,0.00340715502555366,0,0.00170357751277683,0,0,0,0,0,0,0,0,0,0.00170357751277683,0,0,0,0,0,0,0,0,0,0.00170357751277683,11,7,1,0,13,2,0,1,0,11,16,0.0187393526405451,0.0119250425894378,0.00170357751277683,0,0.0221465076660988,0.00340715502555366,0,0.00170357751277683,0,0.0187393526405451,0.0272572402044293,587,448,0,4.25909953262371,0,0.00340715502555366,587,1,1,1,1
"2021-02-01","Namibia",4,2,5,1,2,1,0,23,16,4,2,0,16,8,11,6,0,0,0,0,0,0,0,0,0,0,0,2,0,0,0,0,0,0,0,1,1,0,0,1,0.00429645542427497,0.00214822771213749,0.00537056928034372,0.00107411385606874,0.00214822771213749,0.00107411385606874,0,0.0247046186895811,0.0171858216970999,0.00429645542427497,0.00214822771213749,0,0.0171858216970999,0.00859291084854995,0.0118152524167562,0.00644468313641246,0,0,0,0,0,0,0,0,0,0,0,0.00214822771213749,0,0,0,0,0,0,0,0.00107411385606874,0.00107411385606874,0,0,0.00107411385606874,13,11,14,2,32,8,4,1,4,10,11,0.0139634801288937,0.0118152524167562,0.0150375939849624,0.00214822771213749,0.0343716433941998,0.00859291084854995,0.00429645542427497,0.00107411385606874,0.00429645542427497,0.0107411385606874,0.0118152524167562,931,748,1,6.06610937358116,0,0.00537056928034372,931,1,1,1,1
"2021-03-01","Namibia",3,0,5,0,2,1,1,43,8,2,2,0,9,7,4,5,0,2,2,0,1,3,0,0,1,1,0,0,0,0,0,0,0,0,0,0,1,0,0,0,0.00280898876404494,0,0.00468164794007491,0,0.00187265917602996,0.000936329588014981,0.000936329588014981,0.0402621722846442,0.00749063670411985,0.00187265917602996,0.00187265917602996,0,0.00842696629213483,0.00655430711610487,0.00374531835205993,0.00468164794007491,0,0.00187265917602996,0.00187265917602996,0,0.000936329588014981,0.00280898876404494,0,0,0.000936329588014981,0.000936329588014981,0,0,0,0,0,0,0,0,0,0,0.000936329588014981,0,0,0,15,6,20,6,47,23,2,1,2,14,15,0.0140449438202247,0.00561797752808989,0.0187265917602996,0.00561797752808989,0.0440074906367041,0.0215355805243446,0.00187265917602996,0.000936329588014981,0.00187265917602996,0.0131086142322097,0.0140449438202247,1068,857,2,3.7357231571763,0,0.00655430711610487,1068,1,1,1,1
"2021-04-01","Namibia",2,2,4,0,2,6,1,37,19,1,1,2,17,0,3,14,0,2,0,3,0,0,0,0,1,2,0,0,0,1,0,0,1,0,0,0,1,0,0,1,0.00202634245187437,0.00202634245187437,0.00405268490374873,0,0.00202634245187437,0.0060790273556231,0.00101317122593718,0.0374873353596758,0.0192502532928065,0.00101317122593718,0.00101317122593718,0.00202634245187437,0.0172239108409321,0,0.00303951367781155,0.0141843971631206,0,0.00202634245187437,0,0.00303951367781155,0,0,0,0,0.00101317122593718,0.00202634245187437,0,0,0,0.00101317122593718,0,0,0.00101317122593718,0,0,0,0.00101317122593718,0,0,0.00101317122593718,29,14,13,3,46,8,4,2,1,9,15,0.0293819655521783,0.0141843971631206,0.0131712259371834,0.00303951367781155,0.0466058763931104,0.00810536980749747,0.00405268490374873,0.00202634245187437,0.00101317122593718,0.00911854103343465,0.0151975683890578,987,760,0,6.89411473132531,0.00101317122593718,0.0060790273556231,987,1,1,1,1
"2021-05-01","Namibia",2,1,3,0,5,2,0,24,19,4,0,0,12,7,13,4,0,1,0,2,0,0,0,0,0,1,0,0,0,1,0,0,0,0,0,0,0,0,1,1,0.00208768267223382,0.00104384133611691,0.00313152400835073,0,0.00521920668058455,0.00208768267223382,0,0.0250521920668058,0.0198329853862213,0.00417536534446764,0,0,0.0125260960334029,0.00730688935281837,0.0135699373695198,0.00417536534446764,0,0.00104384133611691,0,0.00208768267223382,0,0,0,0,0,0.00104384133611691,0,0,0,0.00104384133611691,0,0,0,0,0,0,0,0,0.00104384133611691,0.00104384133611691,25,11,10,0,43,14,3,1,1,12,11,0.0260960334029228,0.011482254697286,0.0104384133611691,0,0.0448851774530271,0.0146137787056367,0.00313152400835073,0.00104384133611691,0.00104384133611691,0.0125260960334029,0.011482254697286,958,749,1,5.5063515546095,0.00104384133611691,0.00313152400835073,958,1,1,1,1
"2021-06-01","Namibia",0,1,4,1,2,1,0,37,10,4,4,0,8,5,2,6,0,0,1,0,0,0,0,0,2,0,0,0,0,0,1,0,0,2,0,0,0,0,0,0,0,0.00106157112526539,0.00424628450106157,0.00106157112526539,0.00212314225053079,0.00106157112526539,0,0.0392781316348195,0.0106157112526539,0.00424628450106157,0.00424628450106157,0,0.00849256900212314,0.00530785562632696,0.00212314225053079,0.00636942675159236,0,0,0.00106157112526539,0,0,0,0,0,0.00212314225053079,0,0,0,0,0,0.00106157112526539,0,0,0.00212314225053079,0,0,0,0,0,0,21,5,15,3,28,13,4,1,0,15,11,0.0222929936305732,0.00530785562632696,0.0159235668789809,0.00318471337579618,0.029723991507431,0.0138004246284501,0.00424628450106157,0.00106157112526539,0,0.0159235668789809,0.0116772823779193,942,766,1,3.81092957072803,0.00318471337579618,0.00212314225053079,942,1,1,1,1
"2021-07-01","Namibia",8,1,5,0,1,1,0,26,10,4,1,4,13,3,2,5,1,0,1,2,2,1,0,0,0,1,0,2,0,0,0,0,0,0,2,0,1,0,1,2,0.00831600831600832,0.00103950103950104,0.0051975051975052,0,0.00103950103950104,0.00103950103950104,0,0.027027027027027,0.0103950103950104,0.00415800415800416,0.00103950103950104,0.00415800415800416,0.0135135135135135,0.00311850311850312,0.00207900207900208,0.0051975051975052,0.00103950103950104,0,0.00103950103950104,0.00207900207900208,0.00207900207900208,0.00103950103950104,0,0,0,0.00103950103950104,0,0.00207900207900208,0,0,0,0,0,0,0.00207900207900208,0,0.00103950103950104,0,0.00103950103950104,0.00207900207900208,31,5,13,1,31,7,0,2,2,11,14,0.0322245322245322,0.0051975051975052,0.0135135135135135,0.00103950103950104,0.0322245322245322,0.00727650727650728,0,0.00207900207900208,0.00207900207900208,0.0114345114345114,0.0145530145530146,962,783,0,3.9469852276031,0.00103950103950104,0.0114345114345114,962,1,0,1,1
"2021-08-01","Namibia",4,0,10,0,5,0,0,26,16,2,2,3,14,5,3,3,0,1,0,1,0,0,0,0,0,1,1,0,0,1,0,0,3,1,0,0,0,0,0,0,0.00407331975560081,0,0.010183299389002,0,0.00509164969450102,0,0,0.0264765784114053,0.0162932790224033,0.00203665987780041,0.00203665987780041,0.00305498981670061,0.0142566191446029,0.00509164969450102,0.00305498981670061,0.00305498981670061,0,0.0010183299389002,0,0.0010183299389002,0,0,0,0,0,0.0010183299389002,0.0010183299389002,0,0,0.0010183299389002,0,0,0.00305498981670061,0.0010183299389002,0,0,0,0,0,0,22,4,12,3,34,9,0,0,0,13,15,0.0224032586558045,0.00407331975560081,0.0122199592668024,0.00305498981670061,0.0346232179226069,0.00916496945010183,0,0,0,0.0132382892057026,0.0152749490835031,982,804,1,3.76130988340479,0.0010183299389002,0.00610997963340122,982,1,1,1,1
"2021-09-01","Namibia",1,1,9,2,5,2,4,24,15,1,3,1,9,3,4,6,0,0,8,1,0,0,0,0,1,1,0,0,1,1,0,0,0,3,0,0,1,0,1,0,0.000944287063267233,0.000944287063267233,0.0084985835694051,0.00188857412653447,0.00472143531633617,0.00188857412653447,0.00377714825306893,0.0226628895184136,0.0141643059490085,0.000944287063267233,0.0028328611898017,0.000944287063267233,0.0084985835694051,0.0028328611898017,0.00377714825306893,0.0056657223796034,0,0,0.00755429650613787,0.000944287063267233,0,0,0,0,0.000944287063267233,0.000944287063267233,0,0,0.000944287063267233,0.000944287063267233,0,0,0,0.0028328611898017,0,0,0.000944287063267233,0,0.000944287063267233,0,22,9,7,3,43,18,0,2,1,12,15,0.0207743153918791,0.0084985835694051,0.00661000944287063,0.0028328611898017,0.040604343720491,0.0169971671388102,0,0.00188857412653447,0.000944287063267233,0.0113314447592068,0.0141643059490085,1059,849,0,5.9665865168868,0.00472143531633617,0.00377714825306893,1059,1,1,1,1
"2021-10-01","Namibia",2,1,4,0,7,0,0,26,12,3,1,2,9,6,6,6,0,1,1,3,1,0,0,0,0,1,0,0,0,1,0,0,0,0,0,0,1,0,0,1,0.00180831826401447,0.000904159132007233,0.00361663652802893,0,0.00632911392405063,0,0,0.0235081374321881,0.0108499095840868,0.0027124773960217,0.000904159132007233,0.00180831826401447,0.0081374321880651,0.0054249547920434,0.0054249547920434,0.0054249547920434,0,0.000904159132007233,0.000904159132007233,0.0027124773960217,0.000904159132007233,0,0,0,0,0.000904159132007233,0,0,0,0.000904159132007233,0,0,0,0,0,0,0.000904159132007233,0,0,0.000904159132007233,24,11,18,2,50,12,1,1,3,14,20,0.0216998191681736,0.00994575045207957,0.0162748643761302,0.00180831826401447,0.0452079566003617,0.0108499095840868,0.000904159132007233,0.000904159132007233,0.0027124773960217,0.0126582278481013,0.0180831826401447,1106,889,2,3.57939047483348,0.00180831826401447,0.0027124773960217,1106,1,1,1,1
"2021-11-01","Namibia",4,0,5,0,3,0,1,22,15,8,7,1,14,5,1,8,0,2,2,2,0,1,0,0,2,0,0,0,1,1,1,0,0,2,0,0,0,0,0,1,0.00390625,0,0.0048828125,0,0.0029296875,0,0.0009765625,0.021484375,0.0146484375,0.0078125,0.0068359375,0.0009765625,0.013671875,0.0048828125,0.0009765625,0.0078125,0,0.001953125,0.001953125,0.001953125,0,0.0009765625,0,0,0.001953125,0,0,0,0.0009765625,0.0009765625,0.0009765625,0,0,0.001953125,0,0,0,0,0,0.0009765625,25,11,18,0,31,23,7,0,3,10,23,0.0244140625,0.0107421875,0.017578125,0,0.0302734375,0.0224609375,0.0068359375,0,0.0029296875,0.009765625,0.0224609375,1024,802,6,4.87332225909506,0.0009765625,0.0078125,1024,1,1,1,1
"2021-12-01","Namibia",1,1,11,3,2,0,1,47,13,8,1,0,8,4,2,5,0,3,0,0,0,0,0,0,0,0,0,0,0,1,0,0,0,0,0,0,0,1,1,0,0.00116959064327485,0.00116959064327485,0.0128654970760234,0.00350877192982456,0.00233918128654971,0,0.00116959064327485,0.0549707602339181,0.0152046783625731,0.00935672514619883,0.00116959064327485,0,0.00935672514619883,0.00467836257309942,0.00233918128654971,0.00584795321637427,0,0.00350877192982456,0,0,0,0,0,0,0,0,0,0,0,0.00116959064327485,0,0,0,0,0,0,0,0.00116959064327485,0.00116959064327485,0,19,8,8,1,24,8,3,0,1,12,15,0.0222222222222222,0.00935672514619883,0.00935672514619883,0.00116959064327485,0.0280701754385965,0.00935672514619883,0.00350877192982456,0,0.00116959064327485,0.0140350877192982,0.0175438596491228,855,663,1,4.75287512836262,0.00233918128654971,0.00116959064327485,855,1,1,1,1
"2022-01-01","Namibia",3,0,2,1,3,2,3,56,17,5,0,0,8,3,2,3,0,0,0,2,0,0,0,0,0,1,0,0,0,1,1,0,0,0,0,0,0,0,0,2,0.00342857142857143,0,0.00228571428571429,0.00114285714285714,0.00342857142857143,0.00228571428571429,0.00342857142857143,0.064,0.0194285714285714,0.00571428571428571,0,0,0.00914285714285714,0.00342857142857143,0.00228571428571429,0.00342857142857143,0,0,0,0.00228571428571429,0,0,0,0,0,0.00114285714285714,0,0,0,0.00114285714285714,0.00114285714285714,0,0,0,0,0,0,0,0,0.00228571428571429,28,6,8,0,22,7,3,1,2,8,17,0.032,0.00685714285714286,0.00914285714285714,0,0.0251428571428571,0.008,0.00342857142857143,0.00114285714285714,0.00228571428571429,0.00914285714285714,0.0194285714285714,875,682,0,5.20899139603159,0,0.00571428571428571,875,1,1,1,1
"2022-02-01","Namibia",3,0,10,0,2,3,1,23,18,8,1,0,14,3,1,4,2,2,0,2,0,0,0,0,0,2,0,1,0,1,0,0,1,2,0,0,0,0,0,1,0.00316455696202532,0,0.0105485232067511,0,0.00210970464135021,0.00316455696202532,0.00105485232067511,0.0242616033755274,0.0189873417721519,0.00843881856540084,0.00105485232067511,0,0.0147679324894515,0.00316455696202532,0.00105485232067511,0.00421940928270042,0.00210970464135021,0.00210970464135021,0,0.00210970464135021,0,0,0,0,0,0.00210970464135021,0,0.00105485232067511,0,0.00105485232067511,0,0,0.00105485232067511,0.00210970464135021,0,0,0,0,0,0.00105485232067511,23,12,11,4,35,10,3,0,1,10,15,0.0242616033755274,0.0126582278481013,0.0116033755274262,0.00421940928270042,0.0369198312236287,0.0105485232067511,0.00316455696202532,0,0.00105485232067511,0.0105485232067511,0.0158227848101266,948,756,0,5.28023073243633,0.00527426160337553,0.00316455696202532,948,1,1,1,1
"2022-03-01","Namibia",2,1,4,1,5,1,0,33,8,6,1,1,10,3,3,10,0,2,0,2,0,0,0,0,2,3,1,0,0,1,0,0,0,0,0,0,1,0,4,1,0.00198412698412698,0.000992063492063492,0.00396825396825397,0.000992063492063492,0.00496031746031746,0.000992063492063492,0,0.0327380952380952,0.00793650793650794,0.00595238095238095,0.000992063492063492,0.000992063492063492,0.00992063492063492,0.00297619047619048,0.00297619047619048,0.00992063492063492,0,0.00198412698412698,0,0.00198412698412698,0,0,0,0,0.00198412698412698,0.00297619047619048,0.000992063492063492,0,0,0.000992063492063492,0,0,0,0,0,0,0.000992063492063492,0,0.00396825396825397,0.000992063492063492,17,8,7,2,32,16,2,0,3,19,14,0.0168650793650794,0.00793650793650794,0.00694444444444444,0.00198412698412698,0.0317460317460317,0.0158730158730159,0.00198412698412698,0,0.00297619047619048,0.0188492063492063,0.0138888888888889,1008,812,0,3.87533366278513,0.00793650793650794,0.00595238095238095,1008,1,1,1,1
"2022-04-01","Namibia",1,1,7,0,4,0,0,20,12,2,0,1,14,6,4,5,0,3,0,0,0,0,0,0,1,0,0,1,0,0,0,0,0,1,0,0,1,0,2,0,0.00111856823266219,0.00111856823266219,0.00782997762863535,0,0.00447427293064877,0,0,0.0223713646532438,0.0134228187919463,0.00223713646532438,0,0.00111856823266219,0.0156599552572707,0.00671140939597315,0.00447427293064877,0.00559284116331096,0,0.00335570469798658,0,0,0,0,0,0,0.00111856823266219,0,0,0.00111856823266219,0,0,0,0,0,0.00111856823266219,0,0,0.00111856823266219,0,0.00223713646532438,0,26,11,10,1,30,16,0,0,0,8,11,0.029082774049217,0.0123042505592841,0.0111856823266219,0.00111856823266219,0.0335570469798658,0.0178970917225951,0,0,0,0.00894854586129754,0.0123042505592841,894,724,2,4.60076261271215,0.00447427293064877,0.00223713646532438,894,1,1,1,1
"2022-05-01","Namibia",2,0,11,1,5,0,1,20,16,4,0,0,7,6,17,7,0,1,2,5,0,0,0,0,0,0,0,0,0,0,0,0,1,0,0,0,0,0,1,0,0.00227272727272727,0,0.0125,0.00113636363636364,0.00568181818181818,0,0.00113636363636364,0.0227272727272727,0.0181818181818182,0.00454545454545455,0,0,0.00795454545454545,0.00681818181818182,0.0193181818181818,0.00795454545454545,0,0.00113636363636364,0.00227272727272727,0.00568181818181818,0,0,0,0,0,0,0,0,0,0,0,0,0.00113636363636364,0,0,0,0,0,0.00113636363636364,0,31,11,14,0,33,9,3,0,3,7,17,0.0352272727272727,0.0125,0.0159090909090909,0,0.0375,0.0102272727272727,0.00340909090909091,0,0.00340909090909091,0.00795454545454545,0.0193181818181818,880,668,13,5.48553810466298,0.00113636363636364,0.00113636363636364,880,1,1,1,1
"2022-06-01","Namibia",5,0,8,1,6,1,1,24,12,12,1,1,9,1,7,1,0,3,0,1,0,0,0,0,1,0,0,0,0,0,0,0,0,0,0,0,0,0,1,0,0.00744047619047619,0,0.0119047619047619,0.00148809523809524,0.00892857142857143,0.00148809523809524,0.00148809523809524,0.0357142857142857,0.0178571428571429,0.0178571428571429,0.00148809523809524,0.00148809523809524,0.0133928571428571,0.00148809523809524,0.0104166666666667,0.00148809523809524,0,0.00446428571428571,0,0.00148809523809524,0,0,0,0,0.00148809523809524,0,0,0,0,0,0,0,0,0,0,0,0,0,0.00148809523809524,0,23,12,6,0,6,6,2,0,1,14,10,0.0342261904761905,0.0178571428571429,0.00892857142857143,0,0.00892857142857143,0.00892857142857143,0.00297619047619048,0,0.00148809523809524,0.0208333333333333,0.0148809523809524,672,514,4,5.43240317831686,0.00148809523809524,0.00148809523809524,672,1,1,1,1
"2022-07-01","Namibia",1,0,10,1,3,0,2,15,17,3,0,0,12,8,14,6,0,2,1,2,0,0,0,0,1,0,0,0,0,1,0,0,0,0,0,0,0,0,0,0,0.000956937799043062,0,0.00956937799043062,0.000956937799043062,0.00287081339712919,0,0.00191387559808612,0.0143540669856459,0.0162679425837321,0.00287081339712919,0,0,0.0114832535885167,0.0076555023923445,0.0133971291866029,0.00574162679425837,0,0.00191387559808612,0.000956937799043062,0.00191387559808612,0,0,0,0,0.000956937799043062,0,0,0,0,0.000956937799043062,0,0,0,0,0,0,0,0,0,0,29,15,12,3,38,10,2,0,4,9,16,0.0277511961722488,0.0143540669856459,0.0114832535885167,0.00287081339712919,0.0363636363636364,0.00956937799043062,0.00191387559808612,0,0.00382775119617225,0.00861244019138756,0.015311004784689,1045,837,9,5.29265111324041,0.000956937799043062,0.000956937799043062,1045,1,1,1,1
"2022-08-01","Namibia",2,0,30,3,7,2,1,23,13,3,0,2,11,2,12,6,0,2,0,1,0,0,0,0,0,0,0,0,0,0,0,0,0,0,0,0,0,0,0,0,0.00180505415162455,0,0.0270758122743682,0.00270758122743682,0.00631768953068592,0.00180505415162455,0.000902527075812274,0.0207581227436823,0.0117328519855596,0.00270758122743682,0,0.00180505415162455,0.00992779783393502,0.00180505415162455,0.0108303249097473,0.00541516245487365,0,0.00180505415162455,0,0.000902527075812274,0,0,0,0,0,0,0,0,0,0,0,0,0,0,0,0,0,0,0,0,32,11,12,5,34,15,3,0,3,14,28,0.0288808664259928,0.00992779783393502,0.0108303249097473,0.00451263537906137,0.0306859205776173,0.0135379061371841,0.00270758122743682,0,0.00270758122743682,0.0126353790613718,0.0252707581227437,1108,860,12,3.90471854640171,0,0,1108,1,1,1,1
"2022-09-01","Namibia",5,0,16,1,5,1,1,18,18,5,2,1,14,6,4,8,0,3,1,2,0,0,0,0,0,0,0,0,0,1,0,0,0,1,0,0,0,0,0,0,0.0048780487804878,0,0.015609756097561,0.000975609756097561,0.0048780487804878,0.000975609756097561,0.000975609756097561,0.0175609756097561,0.0175609756097561,0.0048780487804878,0.00195121951219512,0.000975609756097561,0.0136585365853659,0.00585365853658537,0.00390243902439024,0.00780487804878049,0,0.00292682926829268,0.000975609756097561,0.00195121951219512,0,0,0,0,0,0,0,0,0,0.000975609756097561,0,0,0,0.000975609756097561,0,0,0,0,0,0,18,18,13,1,40,12,5,0,3,13,15,0.0175609756097561,0.0175609756097561,0.0126829268292683,0.000975609756097561,0.0390243902439024,0.0117073170731707,0.0048780487804878,0,0.00292682926829268,0.0126829268292683,0.0146341463414634,1025,801,9,5.34013578943405,0,0.00195121951219512,1025,1,1,1,1
"2022-10-01","Namibia",3,0,12,1,6,2,1,24,18,3,0,2,22,2,4,8,0,2,1,2,0,0,0,0,0,0,0,0,0,0,0,0,0,0,0,0,0,0,0,0,0.00301507537688442,0,0.0120603015075377,0.00100502512562814,0.00603015075376884,0.00201005025125628,0.00100502512562814,0.0241206030150754,0.0180904522613065,0.00301507537688442,0,0.00201005025125628,0.0221105527638191,0.00201005025125628,0.00402010050251256,0.00804020100502513,0,0.00201005025125628,0.00100502512562814,0.00201005025125628,0,0,0,0,0,0,0,0,0,0,0,0,0,0,0,0,0,0,0,0,46,22,16,0,36,10,2,1,4,18,15,0.0462311557788945,0.0221105527638191,0.0160804020100503,0,0.0361809045226131,0.0100502512562814,0.00201005025125628,0.00100502512562814,0.00402010050251256,0.0180904522613065,0.0150753768844221,995,749,8,5.67159610076602,0,0,995,1,1,1,1
"2022-11-01","Namibia",2,0,10,2,2,0,0,13,13,0,0,0,14,5,5,8,2,2,0,1,0,1,0,0,0,3,0,0,0,1,0,0,0,0,0,0,0,0,0,0,0.00245098039215686,0,0.0122549019607843,0.00245098039215686,0.00245098039215686,0,0,0.0159313725490196,0.0159313725490196,0,0,0,0.017156862745098,0.00612745098039216,0.00612745098039216,0.00980392156862745,0.00245098039215686,0.00245098039215686,0,0.00122549019607843,0,0.00122549019607843,0,0,0,0.00367647058823529,0,0,0,0.00122549019607843,0,0,0,0,0,0,0,0,0,0,32,24,7,1,17,7,1,0,0,9,21,0.0392156862745098,0.0294117647058824,0.00857843137254902,0.00122549019607843,0.0208333333333333,0.00857843137254902,0.00122549019607843,0,0,0.0110294117647059,0.0257352941176471,816,638,6,4.88425268473208,0.00367647058823529,0.00245098039215686,816,1,1,0,1
"2022-12-01","Namibia",1,0,5,0,0,0,0,17,5,2,0,1,7,2,0,3,0,1,0,1,0,1,0,0,0,0,0,0,0,1,0,0,0,0,0,0,0,0,1,0,0.00236406619385343,0,0.0118203309692671,0,0,0,0,0.0401891252955083,0.0118203309692671,0.00472813238770686,0,0.00236406619385343,0.016548463356974,0.00472813238770686,0,0.00709219858156028,0,0.00236406619385343,0,0.00236406619385343,0,0.00236406619385343,0,0,0,0,0,0,0,0.00236406619385343,0,0,0,0,0,0,0,0,0.00236406619385343,0,19,3,4,0,12,3,1,0,2,16,13,0.0449172576832151,0.00709219858156028,0.00945626477541371,0,0.0283687943262411,0.00709219858156028,0.00236406619385343,0,0.00472813238770686,0.0378250591016548,0.0307328605200946,423,316,2,3.96419651194443,0.00472813238770686,0.00236406619385343,423,1,1,1,1
"2023-01-01","Namibia",2,0,8,1,5,1,0,27,8,0,0,0,6,1,2,1,0,0,1,3,0,0,0,0,0,0,0,0,0,1,0,0,0,0,0,0,0,0,1,0,0.0040650406504065,0,0.016260162601626,0.00203252032520325,0.0101626016260163,0.00203252032520325,0,0.0548780487804878,0.016260162601626,0,0,0,0.0121951219512195,0.00203252032520325,0.0040650406504065,0.00203252032520325,0,0,0.00203252032520325,0.00609756097560976,0,0,0,0,0,0,0,0,0,0.00203252032520325,0,0,0,0,0,0,0,0,0.00203252032520325,0,20,8,4,1,20,7,1,1,1,6,4,0.040650406504065,0.016260162601626,0.00813008130081301,0.00203252032520325,0.040650406504065,0.0142276422764228,0.00203252032520325,0.00203252032520325,0.00203252032520325,0.0121951219512195,0.00813008130081301,492,364,2,3.89006057066439,0.00203252032520325,0.00203252032520325,492,1,1,1,1
"2023-02-01","Namibia",2,0,4,1,4,0,0,18,5,3,1,0,5,3,7,2,0,0,0,1,0,0,0,0,0,0,0,0,0,0,0,0,1,0,0,0,0,0,0,0,0.0041407867494824,0,0.0082815734989648,0.0020703933747412,0.0082815734989648,0,0,0.0372670807453416,0.010351966873706,0.0062111801242236,0.0020703933747412,0,0.010351966873706,0.0062111801242236,0.0144927536231884,0.0041407867494824,0,0,0,0.0020703933747412,0,0,0,0,0,0,0,0,0,0,0,0,0.0020703933747412,0,0,0,0,0,0,0,15,7,5,0,10,6,1,1,0,5,6,0.031055900621118,0.0144927536231884,0.010351966873706,0,0.020703933747412,0.0124223602484472,0.0020703933747412,0.0020703933747412,0,0.010351966873706,0.0124223602484472,483,379,2,3.78364147628751,0.0020703933747412,0,483,0,1,1,1
"2023-03-01","Namibia",2,0,8,0,4,1,0,19,9,2,4,2,11,5,5,6,0,0,1,1,0,0,0,0,0,0,0,0,0,0,0,0,0,0,0,0,0,0,0,0,0.00333889816360601,0,0.013355592654424,0,0.00667779632721202,0.00166944908180301,0,0.0317195325542571,0.015025041736227,0.00333889816360601,0.00667779632721202,0.00333889816360601,0.0183639398998331,0.00834724540901502,0.00834724540901502,0.010016694490818,0,0,0.00166944908180301,0.00166944908180301,0,0,0,0,0,0,0,0,0,0,0,0,0,0,0,0,0,0,0,0,23,6,5,0,18,7,1,0,1,11,21,0.0383973288814691,0.010016694490818,0.00834724540901502,0,0.0300500834724541,0.011686143572621,0.00166944908180301,0,0.00166944908180301,0.0183639398998331,0.0350584307178631,599,439,5,5.57459214266299,0,0,599,0,1,1,1
"2023-04-01","Namibia",2,0,6,1,11,1,0,17,10,2,1,0,9,3,3,4,0,2,0,2,0,0,0,0,0,0,1,0,0,1,0,0,1,0,0,0,0,0,0,0,0.00193050193050193,0,0.00579150579150579,0.000965250965250965,0.0106177606177606,0.000965250965250965,0,0.0164092664092664,0.00965250965250965,0.00193050193050193,0.000965250965250965,0,0.00868725868725869,0.0028957528957529,0.0028957528957529,0.00386100386100386,0,0.00193050193050193,0,0.00193050193050193,0,0,0,0,0,0,0.000965250965250965,0,0,0.000965250965250965,0,0,0.000965250965250965,0,0,0,0,0,0,0,29,33,19,2,40,12,3,0,2,14,14,0.027992277992278,0.0318532818532819,0.0183397683397683,0.00193050193050193,0.0386100386100386,0.0115830115830116,0.0028957528957529,0,0.00193050193050193,0.0135135135135135,0.0135135135135135,1036,823,8,2.92302589008509,0.000965250965250965,0.00193050193050193,1036,0,1,1,1
"2023-05-01","Namibia",4,1,16,2,7,0,1,27,15,10,2,1,12,8,5,4,0,2,0,0,0,0,0,0,0,0,0,0,0,1,0,0,0,0,0,0,0,0,1,0,0.00371057513914657,0.000927643784786642,0.0148423005565863,0.00185528756957328,0.00649350649350649,0,0.000927643784786642,0.0250463821892393,0.0139146567717996,0.00927643784786642,0.00185528756957328,0.000927643784786642,0.0111317254174397,0.00742115027829314,0.00463821892393321,0.00371057513914657,0,0.00185528756957328,0,0,0,0,0,0,0,0,0,0,0,0.000927643784786642,0,0,0,0,0,0,0,0,0.000927643784786642,0,30,22,17,0,32,11,3,1,2,18,16,0.0278293135435993,0.0204081632653061,0.0157699443413729,0,0.0296846011131725,0.0102040816326531,0.00278293135435993,0.000927643784786642,0.00185528756957328,0.0166975881261596,0.0148423005565863,1078,837,6,4.69227800545632,0,0.00185528756957328,1078,0,1,1,1
"2023-06-01","Namibia",1,1,1,0,13,0,0,15,10,22,0,3,7,5,5,6,0,0,0,0,0,0,0,0,3,0,0,0,0,2,0,0,0,1,0,0,1,0,1,0,0.000807102502017756,0.000807102502017756,0.000807102502017756,0,0.0104923325262308,0,0,0.0121065375302663,0.00807102502017756,0.0177562550443906,0,0.00242130750605327,0.00564971751412429,0.00403551251008878,0.00403551251008878,0.00484261501210654,0,0,0,0,0,0,0,0,0.00242130750605327,0,0,0,0,0.00161420500403551,0,0,0,0.000807102502017756,0,0,0.000807102502017756,0,0.000807102502017756,0,32,32,17,4,46,25,0,0,3,11,17,0.0258272800645682,0.0258272800645682,0.0137207425343019,0.00322841000807102,0.0371267150928168,0.0201775625504439,0,0,0.00242130750605327,0.00887812752219532,0.0137207425343019,1239,990,8,3.22121375482642,0.00161420500403551,0.00484261501210654,1239,1,1,1,1
"2023-07-01","Namibia",9,0,2,1,6,2,2,23,16,19,0,0,16,6,2,6,0,3,0,2,0,1,0,0,0,0,3,0,0,2,0,0,0,0,0,0,0,0,0,0,0.00748752079866889,0,0.00166389351081531,0.000831946755407654,0.00499168053244592,0.00166389351081531,0.00166389351081531,0.019134775374376,0.0133111480865225,0.0158069883527454,0,0,0.0133111480865225,0.00499168053244592,0.00166389351081531,0.00499168053244592,0,0.00249584026622296,0,0.00166389351081531,0,0.000831946755407654,0,0,0,0,0.00249584026622296,0,0,0.00166389351081531,0,0,0,0,0,0,0,0,0,0,30,26,22,1,50,23,0,0,4,13,25,0.0249584026622296,0.021630615640599,0.0183028286189684,0.000831946755407654,0.0415973377703827,0.019134775374376,0,0,0.00332778702163062,0.0108153078202995,0.0207986688851913,1202,934,12,5.28510378509688,0.00415973377703827,0.000831946755407654,1202,1,1,1,1
"2023-08-01","Namibia",0,1,6,0,9,1,0,15,21,6,0,1,14,3,6,8,0,3,0,2,0,0,0,0,0,1,2,0,0,2,0,0,0,1,0,0,1,0,0,0,0,0.00085397096498719,0.00512382578992314,0,0.00768573868488471,0.00085397096498719,0,0.0128095644748079,0.017933390264731,0.00512382578992314,0,0.00085397096498719,0.0119555935098207,0.00256191289496157,0.00512382578992314,0.00683176771989752,0,0.00256191289496157,0,0.00170794192997438,0,0,0,0,0,0.00085397096498719,0.00170794192997438,0,0,0.00170794192997438,0,0,0,0.00085397096498719,0,0,0.00085397096498719,0,0,0,27,22,6,3,47,22,3,1,1,10,12,0.0230572160546541,0.0187873612297182,0.00512382578992314,0.00256191289496157,0.040136635354398,0.0187873612297182,0.00256191289496157,0.00085397096498719,0.00085397096498719,0.0085397096498719,0.0102476515798463,1171,942,11,4.53429759942252,0.00170794192997438,0.00426985482493595,1171,1,1,1,1
"2023-09-01","Namibia",1,0,3,2,7,2,1,16,10,13,1,3,7,4,4,4,0,1,0,1,0,0,0,0,1,0,0,0,0,1,0,0,0,0,0,0,0,0,0,0,0.000846023688663283,0,0.00253807106598985,0.00169204737732657,0.00592216582064298,0.00169204737732657,0.000846023688663283,0.0135363790186125,0.00846023688663283,0.0109983079526227,0.000846023688663283,0.00253807106598985,0.00592216582064298,0.00338409475465313,0.00338409475465313,0.00338409475465313,0,0.000846023688663283,0,0.000846023688663283,0,0,0,0,0.000846023688663283,0,0,0,0,0.000846023688663283,0,0,0,0,0,0,0,0,0,0,21,18,19,2,47,13,4,1,1,11,13,0.0177664974619289,0.0152284263959391,0.0160744500846024,0.00169204737732657,0.0397631133671743,0.0109983079526227,0.00338409475465313,0.000846023688663283,0.000846023688663283,0.00930626057529611,0.0109983079526227,1182,980,8,3.18796275286002,0,0.00169204737732657,1182,1,1,1,1
"2023-10-01","Namibia",6,1,5,1,8,0,1,19,36,12,0,1,31,4,3,5,0,7,1,0,0,0,0,0,0,0,0,3,0,3,0,0,0,0,0,0,0,0,1,0,0.0045662100456621,0.00076103500761035,0.00380517503805175,0.00076103500761035,0.0060882800608828,0,0.00076103500761035,0.0144596651445967,0.0273972602739726,0.0091324200913242,0,0.00076103500761035,0.0235920852359209,0.0030441400304414,0.00228310502283105,0.00380517503805175,0,0.00532724505327245,0.00076103500761035,0,0,0,0,0,0,0,0,0.00228310502283105,0,0.00228310502283105,0,0,0,0,0,0,0,0,0.00076103500761035,0,32,32,14,1,46,23,2,0,1,16,14,0.0243531202435312,0.0243531202435312,0.0106544901065449,0.00076103500761035,0.0350076103500761,0.0175038051750381,0.0015220700152207,0,0.00076103500761035,0.0121765601217656,0.0106544901065449,1314,1034,6,6.58791866916379,0,0.00532724505327245,1314,1,1,1,1
"2023-11-01","Namibia",0,1,12,0,8,0,0,16,8,2,1,1,5,5,4,6,0,1,1,2,0,0,0,0,1,0,0,0,0,0,0,0,0,0,0,0,0,1,0,0,0,0.000890471950133571,0.0106856634016028,0,0.00712377560106857,0,0,0.0142475512021371,0.00712377560106857,0.00178094390026714,0.000890471950133571,0.000890471950133571,0.00445235975066785,0.00445235975066785,0.00356188780053428,0.00534283170080142,0,0.000890471950133571,0.000890471950133571,0.00178094390026714,0,0,0,0,0.000890471950133571,0,0,0,0,0,0,0,0,0,0,0,0,0.000890471950133571,0,0,25,24,15,0,26,14,3,0,0,10,12,0.0222617987533393,0.0213713268032057,0.0133570792520036,0,0.0231522707034728,0.01246660730187,0.00267141585040071,0,0,0.00890471950133571,0.0106856634016028,1123,938,6,2.74041499404921,0,0.00178094390026714,1123,1,1,1,1
"2023-12-01","Namibia",0,1,6,2,6,0,0,8,7,0,0,3,8,2,3,3,1,4,0,0,0,0,0,0,0,0,0,0,0,2,0,0,0,0,0,0,0,0,0,0,0,0.00148588410104012,0.00891530460624071,0.00297176820208024,0.00891530460624071,0,0,0.011887072808321,0.0104011887072808,0,0,0.00445765230312036,0.011887072808321,0.00297176820208024,0.00445765230312036,0.00445765230312036,0.00148588410104012,0.00594353640416048,0,0,0,0,0,0,0,0,0,0,0,0.00297176820208024,0,0,0,0,0,0,0,0,0,0,4,9,9,2,16,6,1,1,5,4,4,0.00594353640416048,0.0133729569093611,0.0133729569093611,0.00297176820208024,0.0237741456166419,0.00891530460624071,0.00148588410104012,0.00148588410104012,0.00742942050520059,0.00594353640416048,0.00594353640416048,673,575,7,3.67869504840268,0.00148588410104012,0.00148588410104012,673,1,1,1,1
"2024-01-01","Namibia",2,0,15,0,9,1,0,31,4,1,0,3,7,1,2,4,0,0,2,1,0,0,0,0,0,0,0,0,0,1,0,0,0,0,0,0,0,0,1,0,0.00197433366238894,0,0.0148075024679171,0,0.00888450148075025,0.000987166831194472,0,0.0306021717670286,0.00394866732477789,0.000987166831194472,0,0.00296150049358342,0.0069101678183613,0.000987166831194472,0.00197433366238894,0.00394866732477789,0,0,0.00197433366238894,0.000987166831194472,0,0,0,0,0,0,0,0,0,0.000987166831194472,0,0,0,0,0,0,0,0,0.000987166831194472,0,34,14,7,1,31,6,1,1,1,8,19,0.033563672260612,0.0138203356367226,0.0069101678183613,0.000987166831194472,0.0306021717670286,0.00592300098716683,0.000987166831194472,0.000987166831194472,0.000987166831194472,0.00789733464955577,0.018756169792695,1013,819,11,2.04980332518956,0,0.00197433366238894,1013,1,1,1,1
"2024-02-01","Namibia",0,1,19,2,8,2,1,34,20,11,1,2,13,6,1,6,0,3,1,0,0,0,0,0,0,0,0,0,0,3,0,0,0,0,0,0,0,0,0,0,0,0.000863557858376511,0.0164075993091537,0.00172711571675302,0.00690846286701209,0.00172711571675302,0.000863557858376511,0.0293609671848014,0.0172711571675302,0.00949913644214162,0.000863557858376511,0.00172711571675302,0.0112262521588946,0.00518134715025907,0.000863557858376511,0.00518134715025907,0,0.00259067357512953,0.000863557858376511,0,0,0,0,0,0,0,0,0,0,0.00259067357512953,0,0,0,0,0,0,0,0,0,0,7,26,12,0,24,8,1,0,1,8,11,0.00604490500863558,0.0224525043177893,0.0103626943005181,0,0.0207253886010363,0.00690846286701209,0.000863557858376511,0,0.000863557858376511,0.00690846286701209,0.00949913644214162,1158,950,13,5.07965247450319,0.000863557858376511,0.00172711571675302,1158,1,1,1,1
"2024-03-01","Namibia",2,0,32,4,14,3,3,31,32,6,0,3,28,8,12,12,0,4,4,3,0,0,0,0,0,0,0,0,0,3,0,0,0,0,0,0,3,0,0,0,0.00163132137030995,0,0.0261011419249592,0.0032626427406199,0.0114192495921697,0.00244698205546493,0.00244698205546493,0.0252854812398042,0.0261011419249592,0.00489396411092985,0,0.00244698205546493,0.0228384991843393,0.0065252854812398,0.00978792822185971,0.00978792822185971,0,0.0032626427406199,0.0032626427406199,0.00244698205546493,0,0,0,0,0,0,0,0,0,0.00244698205546493,0,0,0,0,0,0,0.00244698205546493,0,0,0,25,41,18,1,30,18,7,1,3,7,19,0.0203915171288744,0.033442088091354,0.0146818923327896,0.000815660685154976,0.0244698205546493,0.0146818923327896,0.00570962479608483,0.000815660685154976,0.00244698205546493,0.00570962479608483,0.0154975530179445,1226,900,8,8.1786353379791,0.000815660685154976,0.00407830342577488,1226,1,1,1,1
"2024-04-01","Namibia",1,2,23,4,22,4,1,28,22,10,3,1,17,11,5,12,0,5,0,4,0,0,0,0,0,0,0,0,0,1,0,0,1,1,0,0,0,0,2,0,0.000753012048192771,0.00150602409638554,0.0173192771084337,0.00301204819277108,0.016566265060241,0.00301204819277108,0.000753012048192771,0.0210843373493976,0.016566265060241,0.00753012048192771,0.00225903614457831,0.000753012048192771,0.0128012048192771,0.00828313253012048,0.00376506024096386,0.00903614457831325,0,0.00376506024096386,0,0.00301204819277108,0,0,0,0,0,0,0,0,0,0.000753012048192771,0,0,0.000753012048192771,0.000753012048192771,0,0,0,0,0.00150602409638554,0,37,55,13,1,40,14,8,0,3,24,24,0.0278614457831325,0.0414156626506024,0.00978915662650602,0.000753012048192771,0.0301204819277108,0.0105421686746988,0.00602409638554217,0,0.00225903614457831,0.0180722891566265,0.0180722891566265,1328,966,4,6.27978831831571,0.000753012048192771,0.00301204819277108,1328,0,1,1,1
"2024-05-01","Namibia",0,6,29,4,19,2,2,35,27,9,5,1,28,7,6,10,1,6,2,1,0,0,0,0,1,0,0,0,0,1,0,0,2,0,0,0,0,0,1,0,0,0.00467653936087295,0.0226032735775526,0.00311769290724864,0.014809041309431,0.00155884645362432,0.00155884645362432,0.0272798129384256,0.0210444271239283,0.00701480904130943,0.00389711613406079,0.000779423226812159,0.0218238503507405,0.00545596258768511,0.00467653936087295,0.00779423226812159,0.000779423226812159,0.00467653936087295,0.00155884645362432,0.000779423226812159,0,0,0,0,0.000779423226812159,0,0,0,0,0.000779423226812159,0,0,0.00155884645362432,0,0,0,0,0,0.000779423226812159,0,31,52,15,1,35,12,7,1,4,13,18,0.0241621200311769,0.0405300077942323,0.0116913484021824,0.000779423226812159,0.0272798129384256,0.00935307872174591,0.00545596258768511,0.000779423226812159,0.00311769290724864,0.0101325019485581,0.0140296180826189,1283,934,8,8.31782584214433,0.000779423226812159,0.00311769290724864,1283,0,1,1,1
"2024-06-01","Namibia",2,4,48,23,22,1,5,29,28,22,1,0,23,13,5,13,0,6,2,1,0,0,0,0,0,0,0,0,0,1,0,0,0,0,0,0,0,0,0,0,0.00149476831091181,0.00298953662182362,0.0358744394618834,0.0171898355754858,0.0164424514200299,0.000747384155455904,0.00373692077727952,0.0216741405082212,0.0209267563527653,0.0164424514200299,0.000747384155455904,0,0.0171898355754858,0.00971599402092676,0.00373692077727952,0.00971599402092676,0,0.00448430493273543,0.00149476831091181,0.000747384155455904,0,0,0,0,0,0,0,0,0,0.000747384155455904,0,0,0,0,0,0,0,0,0,0,22,52,17,0,30,36,3,0,2,8,19,0.0164424514200299,0.038863976083707,0.0127055306427504,0,0.0224215246636771,0.0269058295964126,0.00224215246636771,0,0.00149476831091181,0.00597907324364723,0.0142002989536622,1338,940,8,8.90082454746586,0,0.000747384155455904,1338,0,1,1,1
"2024-07-01","Namibia",5,2,49,24,23,8,1,31,28,15,1,5,23,16,8,15,0,2,1,2,0,0,0,0,0,0,0,0,0,0,0,0,0,0,0,0,0,0,0,0,0.00353606789250354,0.00141442715700141,0.0346534653465347,0.016973125884017,0.0162659123055163,0.00565770862800566,0.000707213578500707,0.0219236209335219,0.0198019801980198,0.0106082036775106,0.000707213578500707,0.00353606789250354,0.0162659123055163,0.0113154172560113,0.00565770862800566,0.0106082036775106,0,0.00141442715700141,0.000707213578500707,0.00141442715700141,0,0,0,0,0,0,0,0,0,0,0,0,0,0,0,0,0,0,0,0,34,64,14,2,43,28,5,2,6,8,20,0.024045261669024,0.0452616690240453,0.0099009900990099,0.00141442715700141,0.0304101838755304,0.0198019801980198,0.00353606789250354,0.00141442715700141,0.00424328147100424,0.00565770862800566,0.0141442715700141,1414,966,6,7.7599930186786,0,0,1414,0,1,1,1
