"date","country","arrest","censor","electionactivity","electionirregularities","cooperate","coup","defamationcase","disaster","legalaction","legalchange","martiallaw","mobilizesecurity","corruption","activism","protest","purge","raid","threaten","violencelethal","violencenonlethal","arms_transfer_security_aid_assistance","diplomatic_recognition","diplomatic_statement","diplomatic_visit","economic_aid_assistance","investment","media_campaign_intervention","professional_cultural_exchange","security_cooperation","security_force_facility_presence","tech_transfer_investment","trade_financial_sanction","arrestNorm","censorNorm","electionactivityNorm","electionirregularitiesNorm","cooperateNorm","coupNorm","defamationcaseNorm","disasterNorm","legalactionNorm","legalchangeNorm","martiallawNorm","mobilizesecurityNorm","corruptionNorm","activismNorm","protestNorm","purgeNorm","raidNorm","threatenNorm","violencelethalNorm","violencenonlethalNorm","arms_transfer_security_aid_assistanceNorm","diplomatic_recognitionNorm","diplomatic_statementNorm","diplomatic_visitNorm","economic_aid_assistanceNorm","investmentNorm","media_campaign_interventionNorm","professional_cultural_exchangeNorm","security_cooperationNorm","security_force_facility_presenceNorm","tech_transfer_investmentNorm","trade_financial_sanctionNorm","ncr_arrest","ncr_cooperate","ncr_corruption","ncr_defamationcase","ncr_legalaction","ncr_legalchange","ncr_purge","ncr_raid","ncr_threaten","ncr_violencelethal","ncr_violencenonlethal","ncr_arrestNorm","ncr_cooperateNorm","ncr_corruptionNorm","ncr_defamationcaseNorm","ncr_legalactionNorm","ncr_legalchangeNorm","ncr_purgeNorm","ncr_raidNorm","ncr_threatenNorm","ncr_violencelethalNorm","ncr_violencenonlethalNorm","article_total","cs_999","rai_999","f1","rus_influence","chn_influence","total_articles","actuniger.com","nigerinter.com","lesahel.org","tamtaminfo.com","airinfoagadez.com","nigerexpress.info","journalduniger.com"
"2012-01-01","Niger",0,0,0,0,2,0,0,1,0,0,0,0,0,0,1,0,0,2,3,2,0,1,0,0,0,0,0,0,0,0,0,0,0,0,0,0,0.0434782608695652,0,0,0.0217391304347826,0,0,0,0,0,0,0.0217391304347826,0,0,0.0434782608695652,0.0652173913043478,0.0434782608695652,0,0.0217391304347826,0,0,0,0,0,0,0,0,0,0,0,0,0,0,1,0,0,0,0,0,0,0,0,0,0,0.0217391304347826,0,0,0,0,0,0,46,34,0,7.13395136432414,0,0.0217391304347826,46,0,0,0,1,0,1,0
"2012-02-01","Niger",0,0,0,0,0,0,0,4,7,0,0,0,1,0,1,0,0,2,2,8,0,0,0,0,0,0,0,0,0,0,0,0,0,0,0,0,0,0,0,0.0677966101694915,0.11864406779661,0,0,0,0.0169491525423729,0,0.0169491525423729,0,0,0.0338983050847458,0.0338983050847458,0.135593220338983,0,0,0,0,0,0,0,0,0,0,0,0,0,0,0,0,0,0,0,0,0,0,1,0,0,0,0,0,0,0,0,0,0,0.0169491525423729,59,34,0,8.21039340622061,0,0,59,0,0,0,1,0,1,0
"2012-03-01","Niger",3,0,0,0,0,2,0,2,0,0,0,0,0,0,0,1,0,0,3,4,0,0,0,0,0,0,0,0,0,0,0,0,0.06,0,0,0,0,0.04,0,0.04,0,0,0,0,0,0,0,0.02,0,0,0.06,0.08,0,0,0,0,0,0,0,0,0,0,0,0,0,0,1,0,2,0,0,0,0,0,1,0,0,0.02,0,0.04,0,0,0,0,0,0.02,50,32,1,8.68984453232397,0,0,50,0,0,0,1,0,1,0
"2012-04-01","Niger",0,0,0,0,0,0,0,4,1,0,0,1,0,0,1,0,0,0,2,7,0,0,0,0,0,0,0,0,0,0,0,0,0,0,0,0,0,0,0,0.0869565217391304,0.0217391304347826,0,0,0.0217391304347826,0,0,0.0217391304347826,0,0,0,0.0434782608695652,0.152173913043478,0,0,0,0,0,0,0,0,0,0,0,0,0,0,0,0,0,0,0,0,1,0,0,0,0,0,0,0,0,0,0,0.0217391304347826,0,0,46,29,0,8.67642834408749,0,0,46,0,0,0,1,0,1,0
"2012-05-01","Niger",0,0,0,0,0,1,0,4,1,0,0,0,0,0,1,0,0,0,0,2,0,0,0,0,0,0,0,0,0,0,0,0,0,0,0,0,0,0.0285714285714286,0,0.114285714285714,0.0285714285714286,0,0,0,0,0,0.0285714285714286,0,0,0,0,0.0571428571428571,0,0,0,0,0,0,0,0,0,0,0,0,1,0,0,0,1,0,0,0,0,0,0,0.0285714285714286,0,0,0,0.0285714285714286,0,0,0,0,0,0,35,24,0,6.90151692571544,0,0,35,0,0,0,1,0,1,0
"2012-06-01","Niger",3,0,0,0,0,0,0,2,0,0,0,1,3,0,1,0,0,0,5,5,0,0,0,0,0,0,0,0,0,0,0,0,0.0638297872340425,0,0,0,0,0,0,0.0425531914893617,0,0,0,0.0212765957446809,0.0638297872340425,0,0.0212765957446809,0,0,0,0.106382978723404,0.106382978723404,0,0,0,0,0,0,0,0,0,0,0,0,0,0,0,0,1,0,0,0,0,0,0,0,0,0,0,0.0212765957446809,0,0,0,0,0,0,47,28,0,11.6755811228856,0,0,47,0,0,0,0,0,1,0
"2012-07-01","Niger",1,0,0,0,0,0,0,9,1,0,0,0,0,0,1,0,0,0,3,3,0,0,0,0,0,0,0,0,0,0,0,0,0.0185185185185185,0,0,0,0,0,0,0.166666666666667,0.0185185185185185,0,0,0,0,0,0.0185185185185185,0,0,0,0.0555555555555556,0.0555555555555556,0,0,0,0,0,0,0,0,0,0,0,0,0,0,0,0,0,0,0,0,0,0,0,0,0,0,0,0,0,0,0,0,0,0,54,36,0,7.93063619162071,0,0,54,0,0,0,0,0,1,0
"2012-08-01","Niger",0,0,0,0,0,0,0,3,0,2,0,0,0,0,1,0,0,0,2,3,0,0,0,0,0,0,0,0,0,0,0,0,0,0,0,0,0,0,0,0.0882352941176471,0,0.0588235294117647,0,0,0,0,0.0294117647058824,0,0,0,0.0588235294117647,0.0882352941176471,0,0,0,0,0,0,0,0,0,0,0,0,0,0,0,0,0,0,0,0,0,0,1,0,0,0,0,0,0,0,0,0,0,0.0294117647058824,34,22,1,6.74542255266649,0,0,34,0,0,0,1,0,1,0
"2012-09-01","Niger",1,0,0,0,0,0,0,5,0,2,0,0,0,0,0,0,0,5,0,2,0,0,0,0,0,0,0,0,0,0,0,0,0.0204081632653061,0,0,0,0,0,0,0.102040816326531,0,0.0408163265306122,0,0,0,0,0,0,0,0.102040816326531,0,0.0408163265306122,0,0,0,0,0,0,0,0,0,0,0,0,0,0,0,0,0,0,0,0,0,1,0,0,0,0,0,0,0,0,0,0,0.0204081632653061,0,49,33,1,5.62672162855963,0,0,49,0,0,0,1,0,0,0
"2012-10-01","Niger",0,0,0,0,0,0,0,3,7,0,0,1,2,0,1,0,0,0,0,4,0,0,0,0,0,0,0,0,0,0,0,0,0,0,0,0,0,0,0,0.0638297872340425,0.148936170212766,0,0,0.0212765957446809,0.0425531914893617,0,0.0212765957446809,0,0,0,0,0.0851063829787234,0,0,0,0,0,0,0,0,0,0,0,0,0,0,0,0,1,0,0,0,1,0,3,0,0,0,0,0.0212765957446809,0,0,0,0.0212765957446809,0,0.0638297872340425,47,26,1,8.41891620837005,0,0,47,0,0,0,0,0,1,0
"2012-11-01","Niger",0,0,0,0,1,0,0,3,0,0,0,2,0,0,0,0,0,0,4,3,0,0,0,0,0,0,0,0,0,0,0,0,0,0,0,0,0.032258064516129,0,0,0.0967741935483871,0,0,0,0.0645161290322581,0,0,0,0,0,0,0.129032258064516,0.0967741935483871,0,0,0,0,0,0,0,0,0,0,0,0,0,0,0,0,0,0,0,0,0,0,0,0,0,0,0,0,0,0,0,0,0,0,31,18,0,9.34322569751667,0,0,31,0,0,0,1,0,0,0
"2012-12-01","Niger",3,0,1,0,0,1,0,0,0,0,3,1,3,0,0,0,0,0,1,10,0,0,0,0,0,0,0,0,0,0,0,0,0.0681818181818182,0,0.0227272727272727,0,0,0.0227272727272727,0,0,0,0,0.0681818181818182,0.0227272727272727,0.0681818181818182,0,0,0,0,0,0.0227272727272727,0.227272727272727,0,0,0,0,0,0,0,0,0,0,0,0,0,0,0,0,0,0,0,0,0,0,3,0,0,0,0,0,0,0,0,0,0,0.0681818181818182,44,21,0,15.1453962505431,0,0,44,0,0,0,1,0,0,0
"2013-01-01","Niger",3,0,0,0,0,0,0,2,8,0,0,24,0,0,0,0,0,0,10,9,0,0,0,0,0,0,0,0,0,0,0,0,0.024,0,0,0,0,0,0,0.016,0.064,0,0,0.192,0,0,0,0,0,0,0.08,0.072,0,0,0,0,0,0,0,0,0,0,0,0,0,0,0,0,2,0,0,0,0,0,0,0,0,0,0,0.016,0,0,0,0,0,0,125,67,0,10.7398046131671,0,0,125,0,0,0,1,0,0,0
"2013-02-01","Niger",5,0,0,0,0,0,0,1,1,0,0,5,4,0,0,0,0,0,6,4,0,0,0,0,0,0,0,0,0,0,0,0,0.0769230769230769,0,0,0,0,0,0,0.0153846153846154,0.0153846153846154,0,0,0.0769230769230769,0.0615384615384615,0,0,0,0,0,0.0923076923076923,0.0615384615384615,0,0,0,0,0,0,0,0,0,0,0,0,0,2,0,0,0,0,0,0,0,0,3,0,0.0307692307692308,0,0,0,0,0,0,0,0,0.0461538461538462,65,38,1,11.9198542190883,0,0,65,0,0,0,1,0,1,0
"2013-03-01","Niger",2,0,0,0,1,0,0,0,1,0,0,1,0,0,0,0,0,0,2,4,0,0,0,0,0,0,0,0,0,0,0,0,0.0606060606060606,0,0,0,0.0303030303030303,0,0,0,0.0303030303030303,0,0,0.0303030303030303,0,0,0,0,0,0,0.0606060606060606,0.121212121212121,0,0,0,0,0,0,0,0,0,0,0,0,0,1,0,0,0,0,0,0,0,0,0,0,0.0303030303030303,0,0,0,0,0,0,0,0,0,33,21,0,9.98618082933304,0,0,33,0,0,0,1,0,0,0
"2013-04-01","Niger",1,0,0,0,2,0,0,0,0,0,0,0,0,0,3,0,0,0,9,8,0,0,0,0,0,1,0,0,0,0,0,0,0.0232558139534884,0,0,0,0.0465116279069767,0,0,0,0,0,0,0,0,0,0.0697674418604651,0,0,0,0.209302325581395,0.186046511627907,0,0,0,0,0,0.0232558139534884,0,0,0,0,0,0,0,0,0,0,0,0,0,0,0,0,0,0,0,0,0,0,0,0,0,0,0,0,43,20,0,11.130983224028,0,0.0232558139534884,43,0,0,0,1,0,0,0
"2013-05-01","Niger",3,0,1,0,1,0,0,3,1,0,0,3,1,0,0,0,0,2,25,37,0,0,0,0,0,0,0,0,0,0,0,0,0.0222222222222222,0,0.00740740740740741,0,0.00740740740740741,0,0,0.0222222222222222,0.00740740740740741,0,0,0.0222222222222222,0.00740740740740741,0,0,0,0,0.0148148148148148,0.185185185185185,0.274074074074074,0,0,0,0,0,0,0,0,0,0,0,0,1,0,1,0,0,0,0,0,0,0,6,0.00740740740740741,0,0.00740740740740741,0,0,0,0,0,0,0,0.0444444444444444,135,52,1,11.8340072279802,0,0,135,0,0,0,1,0,0,0
"2013-06-01","Niger",1,0,0,0,0,0,0,1,0,0,0,0,0,0,0,0,1,0,5,10,0,0,0,0,0,0,0,0,0,0,0,0,0.0166666666666667,0,0,0,0,0,0,0.0166666666666667,0,0,0,0,0,0,0,0,0.0166666666666667,0,0.0833333333333333,0.166666666666667,0,0,0,0,0,0,0,0,0,0,0,0,2,0,0,0,0,0,0,1,0,0,2,0.0333333333333333,0,0,0,0,0,0,0.0166666666666667,0,0,0.0333333333333333,60,37,1,10.5672819270661,0,0,60,0,0,0,0,0,0,0
"2013-07-01","Niger",0,0,3,1,0,0,0,1,2,0,0,0,1,0,0,0,0,0,6,2,0,0,0,0,0,0,0,0,0,0,0,0,0,0,0.0967741935483871,0.032258064516129,0,0,0,0.032258064516129,0.0645161290322581,0,0,0,0.032258064516129,0,0,0,0,0,0.193548387096774,0.0645161290322581,0,0,0,0,0,0,0,0,0,0,0,0,0,0,0,0,1,0,0,0,0,0,0,0,0,0,0,0.032258064516129,0,0,0,0,0,0,31,15,1,9.50292113930883,0,0,31,0,0,0,0,0,0,0
"2013-08-01","Niger",0,0,2,0,0,0,0,2,0,0,0,0,0,1,0,0,0,0,1,0,0,0,0,0,0,0,0,0,0,0,0,0,0,0,0.111111111111111,0,0,0,0,0.111111111111111,0,0,0,0,0,0.0555555555555556,0,0,0,0,0.0555555555555556,0,0,0,0,0,0,0,0,0,0,0,0,0,0,0,0,0,0,0,0,0,0,0,0,0,0,0,0,0,0,0,0,0,0,0,18,12,0,4.53540165036538,0,0,18,1,0,0,1,0,0,0
"2013-09-01","Niger",1,0,0,0,1,0,0,0,0,0,0,0,0,0,1,0,0,0,0,6,0,0,0,0,0,0,0,0,0,0,0,0,0.025,0,0,0,0.025,0,0,0,0,0,0,0,0,0,0.025,0,0,0,0,0.15,0,0,0,0,0,0,0,0,0,0,0,0,0,0,2,0,1,0,2,0,0,0,0,0,0,0.05,0,0.025,0,0.05,0,0,0,0,40,28,1,8.58894595392533,0,0,40,0,0,0,1,0,0,0
"2013-10-01","Niger",1,0,0,0,0,1,0,1,0,0,0,1,0,0,6,0,0,0,4,6,0,0,0,0,0,0,0,0,0,0,0,0,0.0078125,0,0,0,0,0.0078125,0,0.0078125,0,0,0,0.0078125,0,0,0.046875,0,0,0,0.03125,0.046875,0,0,0,0,0,0,0,0,0,0,0,0,0,1,0,0,0,0,0,0,0,3,1,0,0.0078125,0,0,0,0,0,0,0,0.0234375,0.0078125,128,103,3,7.53417419646322,0,0,128,1,0,0,1,0,0,0
"2013-11-01","Niger",9,1,1,0,0,0,0,3,1,3,1,0,0,0,2,1,1,0,8,2,0,0,0,0,0,0,0,0,0,0,0,0,0.109756097560976,0.0121951219512195,0.0121951219512195,0,0,0,0,0.0365853658536585,0.0121951219512195,0.0365853658536585,0.0121951219512195,0,0,0,0.024390243902439,0.0121951219512195,0.0121951219512195,0,0.0975609756097561,0.024390243902439,0,0,0,0,0,0,0,0,0,0,0,0,5,0,0,0,0,0,0,0,0,0,1,0.0609756097560976,0,0,0,0,0,0,0,0,0,0.0121951219512195,82,43,0,10.6485630182247,0,0,82,1,0,0,1,0,1,0
"2013-12-01","Niger",0,0,3,0,1,0,0,2,0,0,0,2,0,0,8,0,0,0,3,2,0,0,0,0,0,0,0,0,0,0,0,0,0,0,0.0405405405405405,0,0.0135135135135135,0,0,0.027027027027027,0,0,0,0.027027027027027,0,0,0.108108108108108,0,0,0,0.0405405405405405,0.027027027027027,0,0,0,0,0,0,0,0,0,0,0,0,0,2,0,0,0,0,0,0,0,1,1,0,0.027027027027027,0,0,0,0,0,0,0,0.0135135135135135,0.0135135135135135,74,49,2,7.7450765389535,0,0,74,0,0,0,0,0,1,0
"2014-01-01","Niger",3,0,1,0,1,2,0,1,0,0,0,1,0,0,2,1,0,0,1,1,0,0,0,0,0,0,0,0,0,0,0,0,0.0526315789473684,0,0.0175438596491228,0,0.0175438596491228,0.0350877192982456,0,0.0175438596491228,0,0,0,0.0175438596491228,0,0,0.0350877192982456,0.0175438596491228,0,0,0.0175438596491228,0.0175438596491228,0,0,0,0,0,0,0,0,0,0,0,0,0,3,0,0,1,1,0,0,0,0,1,0,0.0526315789473684,0,0,0.0175438596491228,0.0175438596491228,0,0,0,0,0.0175438596491228,57,37,1,7.85829758786936,0,0,57,0,0,0,1,0,1,0
"2014-02-01","Niger",2,0,1,0,3,1,2,3,5,2,0,1,2,0,4,5,0,1,0,2,0,0,0,0,0,0,0,0,0,0,0,0,0.0266666666666667,0,0.0133333333333333,0,0.04,0.0133333333333333,0.0266666666666667,0.04,0.0666666666666667,0.0266666666666667,0,0.0133333333333333,0.0266666666666667,0,0.0533333333333333,0.0666666666666667,0,0.0133333333333333,0,0.0266666666666667,0,0,0,0,0,0,0,0,0,0,0,0,0,1,0,0,0,1,0,0,0,0,0,0,0.0133333333333333,0,0,0,0.0133333333333333,0,0,0,0,0,75,43,1,5.03201105217964,0,0,75,0,0,0,1,0,1,0
"2014-03-01","Niger",2,0,2,0,1,0,0,1,9,1,0,1,0,0,0,0,0,0,2,0,0,0,0,0,0,0,0,0,0,0,0,0,0.0344827586206897,0,0.0344827586206897,0,0.0172413793103448,0,0,0.0172413793103448,0.155172413793103,0.0172413793103448,0,0.0172413793103448,0,0,0,0,0,0,0.0344827586206897,0,0,0,0,0,0,0,0,0,0,0,0,0,2,0,2,0,0,0,0,0,0,3,0,0.0344827586206897,0,0.0344827586206897,0,0,0,0,0,0,0.0517241379310345,0,58,34,0,7.29633115999478,0,0,58,0,0,0,1,0,1,0
"2014-04-01","Niger",0,1,0,0,1,0,0,1,1,1,0,0,1,0,0,1,0,1,2,2,0,0,0,0,0,0,0,0,0,1,0,0,0,0.0294117647058824,0,0,0.0294117647058824,0,0,0.0294117647058824,0.0294117647058824,0.0294117647058824,0,0,0.0294117647058824,0,0,0.0294117647058824,0,0.0294117647058824,0.0588235294117647,0.0588235294117647,0,0,0,0,0,0,0,0,0,0.0294117647058824,0,0,1,0,0,0,0,0,0,0,0,0,0,0.0294117647058824,0,0,0,0,0,0,0,0,0,0,34,22,1,6.46966954396275,0.0294117647058824,0,34,1,0,0,1,0,1,0
"2014-05-01","Niger",5,0,1,0,7,1,0,0,0,0,0,2,0,0,3,0,0,3,4,7,0,0,0,0,0,0,0,0,0,0,0,0,0.0574712643678161,0,0.0114942528735632,0,0.0804597701149425,0.0114942528735632,0,0,0,0,0,0.0229885057471264,0,0,0.0344827586206897,0,0,0.0344827586206897,0.0459770114942529,0.0804597701149425,0,0,0,0,0,0,0,0,0,0,0,0,3,5,0,0,2,0,0,0,0,0,1,0.0344827586206897,0.0574712643678161,0,0,0.0229885057471264,0,0,0,0,0,0.0114942528735632,87,43,0,9.09054848040337,0,0,87,1,0,0,0,0,1,0
"2014-06-01","Niger",2,0,0,0,3,0,0,1,2,0,0,0,1,0,2,0,0,0,1,1,0,0,0,0,0,0,0,0,0,0,0,0,0.0350877192982456,0,0,0,0.0526315789473684,0,0,0.0175438596491228,0.0350877192982456,0,0,0,0.0175438596491228,0,0.0350877192982456,0,0,0,0.0175438596491228,0.0175438596491228,0,0,0,0,0,0,0,0,0,0,0,0,3,0,1,0,0,0,0,1,0,0,1,0.0526315789473684,0,0.0175438596491228,0,0,0,0,0.0175438596491228,0,0,0.0175438596491228,57,40,0,7.99798638136926,0,0,57,1,0,0,1,0,1,0
"2014-07-01","Niger",0,0,0,0,1,0,0,5,0,0,0,1,0,0,0,0,0,0,4,3,0,0,0,0,0,0,0,0,0,0,0,0,0,0,0,0,0.0178571428571429,0,0,0.0892857142857143,0,0,0,0.0178571428571429,0,0,0,0,0,0,0.0714285714285714,0.0535714285714286,0,0,0,0,0,0,0,0,0,0,0,0,1,1,0,0,1,1,0,0,0,0,0,0.0178571428571429,0.0178571428571429,0,0,0.0178571428571429,0.0178571428571429,0,0,0,0,0,56,38,0,7.75807951169566,0,0,56,1,0,0,1,0,1,0
"2014-08-01","Niger",1,0,1,0,1,0,0,5,6,1,1,0,0,1,0,0,0,1,1,4,0,0,0,0,0,0,0,0,0,0,0,0,0.0172413793103448,0,0.0172413793103448,0,0.0172413793103448,0,0,0.0862068965517241,0.103448275862069,0.0172413793103448,0.0172413793103448,0,0,0.0172413793103448,0,0,0,0.0172413793103448,0.0172413793103448,0.0689655172413793,0,0,0,0,0,0,0,0,0,0,0,0,1,0,0,0,0,0,0,0,0,1,0,0.0172413793103448,0,0,0,0,0,0,0,0,0.0172413793103448,0,58,33,0,7.15076992744103,0,0.0172413793103448,58,0,0,0,0,0,1,0
"2014-09-01","Niger",0,0,2,0,1,0,0,1,0,0,0,2,0,0,1,0,0,0,0,2,0,0,0,0,0,0,0,0,0,0,0,0,0,0,0.0384615384615385,0,0.0192307692307692,0,0,0.0192307692307692,0,0,0,0.0384615384615385,0,0,0.0192307692307692,0,0,0,0,0.0384615384615385,0,0,0,0,0,0,0,0,0,0,0,0,0,0,1,0,1,0,0,0,0,0,0,0,0,0.0192307692307692,0,0.0192307692307692,0,0,0,0,0,0,52,41,1,7.2435419084092,0,0,52,1,0,0,1,0,1,0
"2014-10-01","Niger",3,0,0,0,2,0,0,5,1,2,0,6,0,0,0,1,2,0,14,7,0,0,0,0,0,0,0,0,0,0,0,0,0.0357142857142857,0,0,0,0.0238095238095238,0,0,0.0595238095238095,0.0119047619047619,0.0238095238095238,0,0.0714285714285714,0,0,0,0.0119047619047619,0.0238095238095238,0,0.166666666666667,0.0833333333333333,0,0,0,0,0,0,0,0,0,0,0,0,0,5,0,0,1,0,0,0,0,0,0,0,0.0595238095238095,0,0,0.0119047619047619,0,0,0,0,0,0,84,35,1,11.7095790207135,0,0,84,0,1,0,1,0,1,0
"2014-11-01","Niger",0,0,1,0,0,0,0,0,2,0,0,2,0,0,0,3,0,0,6,4,0,0,0,0,0,0,0,0,0,0,0,0,0,0,0.0144927536231884,0,0,0,0,0,0.0289855072463768,0,0,0.0289855072463768,0,0,0,0.0434782608695652,0,0,0.0869565217391304,0.0579710144927536,0,0,0,0,0,0,0,0,0,0,0,0,0,0,0,0,1,0,0,0,0,0,0,0,0,0,0,0.0144927536231884,0,0,0,0,0,0,69,50,0,7.38945125894416,0,0,69,0,1,0,0,0,1,0
"2014-12-01","Niger",1,0,7,0,2,0,0,3,3,0,0,1,4,1,0,1,0,0,1,0,0,0,0,0,0,0,0,0,0,0,0,0,0.00641025641025641,0,0.0448717948717949,0,0.0128205128205128,0,0,0.0192307692307692,0.0192307692307692,0,0,0.00641025641025641,0.0256410256410256,0.00641025641025641,0,0.00641025641025641,0,0,0.00641025641025641,0,0,0,0,0,0,0,0,0,0,0,0,0,2,2,0,0,3,1,0,0,0,0,0,0.0128205128205128,0.0128205128205128,0,0,0.0192307692307692,0.00641025641025641,0,0,0,0,0,156,125,0,6.74965967164051,0,0,156,1,1,0,0,0,1,0
"2015-01-01","Niger",4,1,5,0,9,0,0,2,2,1,0,4,0,1,28,2,0,0,33,30,0,0,0,0,0,0,0,0,0,0,0,0,0.0150375939849624,0.0037593984962406,0.018796992481203,0,0.0338345864661654,0,0,0.0075187969924812,0.0075187969924812,0.0037593984962406,0,0.0150375939849624,0,0.0037593984962406,0.105263157894737,0.0075187969924812,0,0,0.12406015037594,0.112781954887218,0,0,0,0,0,0,0,0,0,0,0,0,2,2,1,0,1,2,0,0,0,0,0,0.0075187969924812,0.0075187969924812,0.0037593984962406,0,0.0037593984962406,0.0075187969924812,0,0,0,0,0,266,136,2,9.27154628821721,0,0,266,1,1,0,1,0,1,0
"2015-02-01","Niger",9,0,4,1,6,2,0,0,0,0,5,18,0,0,7,1,0,1,44,58,0,0,0,0,0,0,0,0,0,0,0,0,0.0350194552529183,0,0.0155642023346304,0.00389105058365759,0.0233463035019455,0.00778210116731518,0,0,0,0,0.0194552529182879,0.0700389105058366,0,0,0.0272373540856031,0.00389105058365759,0,0.00389105058365759,0.171206225680934,0.22568093385214,0,0,0,0,0,0,0,0,0,0,0,0,0,0,0,0,1,0,0,0,0,1,1,0,0,0,0,0.00389105058365759,0,0,0,0,0.00389105058365759,0.00389105058365759,257,98,1,12.8689881743056,0,0,257,1,1,0,0,0,1,0
"2015-03-01","Niger",1,0,14,1,6,1,0,0,2,1,1,11,2,0,2,4,0,0,23,43,0,0,0,0,0,0,0,0,1,0,0,0,0.004,0,0.056,0.004,0.024,0.004,0,0,0.008,0.004,0.004,0.044,0.008,0,0.008,0.016,0,0,0.092,0.172,0,0,0,0,0,0,0,0,0.004,0,0,0,1,1,0,0,0,2,0,1,0,1,0,0.004,0.004,0,0,0,0.008,0,0.004,0,0.004,0,250,134,0,9.65775098519514,0,0.004,250,0,1,0,1,0,1,0
"2015-04-01","Niger",1,0,5,1,2,1,0,10,3,0,2,1,0,0,1,1,1,0,17,18,0,0,0,0,0,0,0,0,0,0,0,0,0.00632911392405063,0,0.0316455696202532,0.00632911392405063,0.0126582278481013,0.00632911392405063,0,0.0632911392405063,0.0189873417721519,0,0.0126582278481013,0.00632911392405063,0,0,0.00632911392405063,0.00632911392405063,0.00632911392405063,0,0.107594936708861,0.113924050632911,0,0,0,0,0,0,0,0,0,0,0,0,1,0,0,0,0,0,0,0,0,0,1,0.00632911392405063,0,0,0,0,0,0,0,0,0,0.00632911392405063,158,92,1,9.70243018268178,0,0,158,1,1,0,0,0,1,0
"2015-05-01","Niger",4,0,5,0,3,0,1,10,7,1,0,2,0,1,1,0,0,0,7,9,0,0,0,0,0,0,0,0,0,0,0,0,0.0216216216216216,0,0.027027027027027,0,0.0162162162162162,0,0.00540540540540541,0.0540540540540541,0.0378378378378378,0.00540540540540541,0,0.0108108108108108,0,0.00540540540540541,0.00540540540540541,0,0,0,0.0378378378378378,0.0486486486486487,0,0,0,0,0,0,0,0,0,0,0,0,0,0,0,0,3,2,0,0,0,0,1,0,0,0,0,0.0162162162162162,0.0108108108108108,0,0,0,0,0.00540540540540541,185,129,1,7.22948520162257,0,0,185,1,1,0,1,0,1,0
"2015-06-01","Niger",1,0,3,0,6,0,0,5,3,2,1,5,1,2,4,3,0,0,27,6,0,0,0,0,0,0,0,0,0,0,0,0,0.00465116279069767,0,0.013953488372093,0,0.027906976744186,0,0,0.0232558139534884,0.013953488372093,0.00930232558139535,0.00465116279069767,0.0232558139534884,0.00465116279069767,0.00930232558139535,0.0186046511627907,0.013953488372093,0,0,0.125581395348837,0.027906976744186,0,0,0,0,0,0,0,0,0,0,0,0,2,1,2,0,1,0,0,0,0,1,0,0.00930232558139535,0.00465116279069767,0.00930232558139535,0,0.00465116279069767,0,0,0,0,0.00465116279069767,0,215,140,2,7.76892032430767,0,0,215,1,1,0,0,0,1,0
"2015-07-01","Niger",3,0,9,2,7,1,0,9,4,4,0,2,1,0,0,6,0,0,23,16,0,0,0,0,0,0,0,0,0,0,0,0,0.011070110701107,0,0.033210332103321,0.00738007380073801,0.025830258302583,0.003690036900369,0,0.033210332103321,0.014760147601476,0.014760147601476,0,0.00738007380073801,0.003690036900369,0,0,0.022140221402214,0,0,0.0848708487084871,0.0590405904059041,0,0,0,0,0,0,0,0,0,0,0,0,2,0,0,0,2,1,0,0,0,1,0,0.00738007380073801,0,0,0,0.00738007380073801,0.003690036900369,0,0,0,0.003690036900369,0,271,179,1,7.49913356285821,0,0,271,1,1,0,0,0,1,0
"2015-08-01","Niger",0,0,9,4,4,0,0,10,1,0,0,4,0,1,1,0,0,1,12,6,0,0,0,0,1,0,0,0,0,0,0,0,0,0,0.0481283422459893,0.0213903743315508,0.0213903743315508,0,0,0.053475935828877,0.0053475935828877,0,0,0.0213903743315508,0,0.0053475935828877,0.0053475935828877,0,0,0.0053475935828877,0.0641711229946524,0.0320855614973262,0,0,0,0,0.0053475935828877,0,0,0,0,0,0,0,2,0,0,0,0,0,0,0,0,1,0,0.0106951871657754,0,0,0,0,0,0,0,0,0.0053475935828877,0,187,131,0,7.26436850151429,0,0.0053475935828877,187,1,1,0,1,0,1,0
"2015-09-01","Niger",1,0,15,0,5,5,0,0,5,0,0,3,0,1,0,2,0,0,9,3,0,0,0,0,0,1,0,1,0,0,0,0,0.00598802395209581,0,0.0898203592814371,0,0.029940119760479,0.029940119760479,0,0,0.029940119760479,0,0,0.0179640718562874,0,0.00598802395209581,0,0.0119760479041916,0,0,0.0538922155688623,0.0179640718562874,0,0,0,0,0,0.00598802395209581,0,0.00598802395209581,0,0,0,0,0,0,1,0,2,0,0,0,0,0,0,0,0,0.00598802395209581,0,0.0119760479041916,0,0,0,0,0,0,167,115,0,6.80310972310316,0,0.0119760479041916,167,1,1,0,0,0,1,0
"2015-10-01","Niger",0,0,14,0,2,2,0,1,5,0,5,5,1,0,5,0,1,0,26,4,0,0,0,0,0,0,0,1,0,0,0,0,0,0,0.0633484162895928,0,0.00904977375565611,0.00904977375565611,0,0.00452488687782805,0.0226244343891403,0,0.0226244343891403,0.0226244343891403,0.00452488687782805,0,0.0226244343891403,0,0.00452488687782805,0,0.117647058823529,0.0180995475113122,0,0,0,0,0,0,0,0.00452488687782805,0,0,0,0,1,1,0,0,0,0,0,0,0,0,1,0.00452488687782805,0.00452488687782805,0,0,0,0,0,0,0,0,0.00452488687782805,221,147,1,9.36872200260106,0.00452488687782805,0,221,1,1,0,1,0,1,0
"2015-11-01","Niger",8,0,31,3,3,1,0,4,9,0,4,5,2,0,3,0,0,1,20,11,0,0,0,0,0,0,0,1,0,0,0,0,0.0317460317460317,0,0.123015873015873,0.0119047619047619,0.0119047619047619,0.00396825396825397,0,0.0158730158730159,0.0357142857142857,0,0.0158730158730159,0.0198412698412698,0.00793650793650794,0,0.0119047619047619,0,0,0.00396825396825397,0.0793650793650794,0.0436507936507936,0,0,0,0,0,0,0,0.00396825396825397,0,0,0,0,2,1,1,0,4,2,0,1,0,0,0,0.00793650793650794,0.00396825396825397,0.00396825396825397,0,0.0158730158730159,0.00793650793650794,0,0.00396825396825397,0,0,0,252,138,2,9.37308969024009,0.00396825396825397,0,252,1,1,0,1,0,1,0
"2015-12-01","Niger",3,1,22,5,2,15,0,1,6,0,0,1,0,0,2,0,0,0,18,8,0,0,0,1,0,0,0,0,0,0,0,0,0.014218009478673,0.004739336492891,0.104265402843602,0.023696682464455,0.00947867298578199,0.0710900473933649,0,0.004739336492891,0.028436018957346,0,0,0.004739336492891,0,0,0.00947867298578199,0,0,0,0.0853080568720379,0.037914691943128,0,0,0,0.004739336492891,0,0,0,0,0,0,0,0,0,0,0,0,1,1,1,0,0,2,0,0,0,0,0,0.004739336492891,0.004739336492891,0.004739336492891,0,0,0.00947867298578199,0,211,122,0,7.62407352935727,0,0.004739336492891,211,1,1,0,1,0,1,0
"2016-01-01","Niger",2,0,33,4,2,5,0,0,7,1,1,0,2,0,3,1,1,0,13,2,0,0,0,0,0,0,0,0,0,0,0,0,0.00833333333333333,0,0.1375,0.0166666666666667,0.00833333333333333,0.0208333333333333,0,0,0.0291666666666667,0.00416666666666667,0.00416666666666667,0,0.00833333333333333,0,0.0125,0.00416666666666667,0.00416666666666667,0,0.0541666666666667,0.00833333333333333,0,0,0,0,0,0,0,0,0,0,0,0,0,2,0,0,2,0,0,0,0,0,2,0,0.00833333333333333,0,0,0.00833333333333333,0,0,0,0,0,0.00833333333333333,240,158,0,7.59716452737332,0,0,240,1,1,0,1,0,1,0
"2016-02-01","Niger",4,1,107,14,3,3,0,0,3,1,2,0,3,1,5,2,0,1,7,3,0,0,0,0,0,0,0,0,0,0,0,0,0.0116279069767442,0.00290697674418605,0.311046511627907,0.0406976744186047,0.00872093023255814,0.00872093023255814,0,0,0.00872093023255814,0.00290697674418605,0.00581395348837209,0,0.00872093023255814,0.00290697674418605,0.0145348837209302,0.00581395348837209,0,0.00290697674418605,0.0203488372093023,0.00872093023255814,0,0,0,0,0,0,0,0,0,0,0,0,0,0,0,0,3,0,0,0,0,0,2,0,0,0,0,0.00872093023255814,0,0,0,0,0,0.00581395348837209,344,181,0,6.98778223602978,0,0,344,1,1,0,0,0,1,0
"2016-03-01","Niger",1,1,59,20,6,0,0,3,14,0,0,1,2,1,4,0,0,1,11,4,0,0,0,0,0,0,0,0,0,0,0,0,0.00332225913621262,0.00332225913621262,0.196013289036545,0.0664451827242525,0.0199335548172757,0,0,0.00996677740863787,0.0465116279069767,0,0,0.00332225913621262,0.00664451827242525,0.00332225913621262,0.0132890365448505,0,0,0.00332225913621262,0.0365448504983389,0.0132890365448505,0,0,0,0,0,0,0,0,0,0,0,0,1,2,0,0,6,0,0,0,0,0,0,0.00332225913621262,0.00664451827242525,0,0,0.0199335548172757,0,0,0,0,0,0,301,165,0,6.88586278488796,0,0,301,1,1,0,1,0,1,0
"2016-04-01","Niger",4,0,7,1,3,1,0,4,3,1,0,0,3,1,3,1,0,1,4,7,0,0,0,0,0,0,0,0,0,0,0,0,0.0209424083769634,0,0.0366492146596859,0.00523560209424084,0.0157068062827225,0.00523560209424084,0,0.0209424083769634,0.0157068062827225,0.00523560209424084,0,0,0.0157068062827225,0.00523560209424084,0.0157068062827225,0.00523560209424084,0,0.00523560209424084,0.0209424083769634,0.0366492146596859,0,0,0,0,0,0,0,0,0,0,0,0,1,2,1,0,4,1,0,0,0,0,0,0.00523560209424084,0.0104712041884817,0.00523560209424084,0,0.0209424083769634,0.00523560209424084,0,0,0,0,0,191,140,0,7.31308611034158,0,0,191,1,1,0,1,0,1,0
"2016-05-01","Niger",4,0,8,0,7,3,0,3,4,2,1,5,2,0,5,0,1,1,15,26,0,0,0,0,0,0,0,0,0,0,0,0,0.0152671755725191,0,0.0305343511450382,0,0.0267175572519084,0.0114503816793893,0,0.0114503816793893,0.0152671755725191,0.00763358778625954,0.00381679389312977,0.0190839694656489,0.00763358778625954,0,0.0190839694656489,0,0.00381679389312977,0.00381679389312977,0.0572519083969466,0.099236641221374,0,0,0,0,0,0,0,0,0,0,0,0,1,1,2,0,1,2,0,0,0,1,1,0.00381679389312977,0.00381679389312977,0.00763358778625954,0,0.00381679389312977,0.00763358778625954,0,0,0,0.00381679389312977,0.00381679389312977,262,170,0,8.97251707448608,0,0,262,1,1,0,1,0,1,0
"2016-06-01","Niger",4,1,2,0,18,1,0,9,7,1,0,14,2,2,6,0,1,3,25,42,0,0,0,0,0,2,0,0,0,0,0,0,0.0103896103896104,0.0025974025974026,0.00519480519480519,0,0.0467532467532468,0.0025974025974026,0,0.0233766233766234,0.0181818181818182,0.0025974025974026,0,0.0363636363636364,0.00519480519480519,0.00519480519480519,0.0155844155844156,0,0.0025974025974026,0.00779220779220779,0.0649350649350649,0.109090909090909,0,0,0,0,0,0.00519480519480519,0,0,0,0,0,0,0,5,0,0,0,4,0,0,0,8,0,0,0.012987012987013,0,0,0,0.0103896103896104,0,0,0,0.0207792207792208,0,385,232,4,8.77716296426783,0,0.00519480519480519,385,1,1,0,1,0,1,0
"2016-07-01","Niger",2,3,1,0,6,0,0,4,3,0,3,3,1,0,5,0,0,1,2,21,0,0,0,0,1,0,0,0,0,0,0,0,0.0104166666666667,0.015625,0.00520833333333333,0,0.03125,0,0,0.0208333333333333,0.015625,0,0.015625,0.015625,0.00520833333333333,0,0.0260416666666667,0,0,0.00520833333333333,0.0104166666666667,0.109375,0,0,0,0,0.00520833333333333,0,0,0,0,0,0,0,0,2,0,0,0,1,0,0,0,0,0,0,0.0104166666666667,0,0,0,0.00520833333333333,0,0,0,0,0,192,134,0,8.66054753427481,0,0.00520833333333333,192,1,1,0,1,0,1,0
"2016-08-01","Niger",4,0,3,1,14,2,0,10,2,0,0,0,6,0,4,2,0,2,9,12,0,0,0,0,1,0,0,0,0,0,0,0,0.0161290322580645,0,0.0120967741935484,0.00403225806451613,0.0564516129032258,0.00806451612903226,0,0.0403225806451613,0.00806451612903226,0,0,0,0.0241935483870968,0,0.0161290322580645,0.00806451612903226,0,0.00806451612903226,0.0362903225806452,0.0483870967741935,0,0,0,0,0.00403225806451613,0,0,0,0,0,0,0,0,2,0,0,2,1,0,0,0,0,1,0,0.00806451612903226,0,0,0.00806451612903226,0.00403225806451613,0,0,0,0,0.00403225806451613,248,174,0,7.89267851096385,0,0.00403225806451613,248,1,1,0,1,0,1,0
"2016-09-01","Niger",2,0,2,1,0,0,0,10,4,1,0,2,5,1,3,4,1,1,25,12,0,0,0,0,0,0,0,0,0,0,0,0,0.00714285714285714,0,0.00714285714285714,0.00357142857142857,0,0,0,0.0357142857142857,0.0142857142857143,0.00357142857142857,0,0.00714285714285714,0.0178571428571429,0.00357142857142857,0.0107142857142857,0.0142857142857143,0.00357142857142857,0.00357142857142857,0.0892857142857143,0.0428571428571429,0,0,0,0,0,0,0,0,0,0,0,0,0,1,0,0,0,4,0,0,0,1,0,0,0.00357142857142857,0,0,0,0.0142857142857143,0,0,0,0.00357142857142857,0,280,203,1,8.08314500502384,0,0,280,1,1,0,1,1,1,0
"2016-10-01","Niger",2,0,4,4,12,0,0,3,2,6,0,0,2,0,2,1,0,2,21,43,0,0,0,0,0,0,0,0,0,0,0,0,0.00604229607250755,0,0.0120845921450151,0.0120845921450151,0.0362537764350453,0,0,0.00906344410876133,0.00604229607250755,0.0181268882175227,0,0,0.00604229607250755,0,0.00604229607250755,0.00302114803625378,0,0.00604229607250755,0.0634441087613293,0.129909365558912,0,0,0,0,0,0,0,0,0,0,0,0,0,5,0,0,1,3,0,0,0,1,4,0,0.0151057401812689,0,0,0.00302114803625378,0.00906344410876133,0,0,0,0.00302114803625378,0.0120845921450151,331,214,1,8.12065152869177,0,0,331,1,1,0,1,0,1,0
"2016-11-01","Niger",0,0,4,0,3,1,0,3,2,8,0,1,0,2,5,2,0,0,19,16,0,0,0,0,0,0,0,0,0,0,0,0,0,0,0.0177777777777778,0,0.0133333333333333,0.00444444444444444,0,0.0133333333333333,0.00888888888888889,0.0355555555555556,0,0.00444444444444444,0,0.00888888888888889,0.0222222222222222,0.00888888888888889,0,0,0.0844444444444444,0.0711111111111111,0,0,0,0,0,0,0,0,0,0,0,0,0,1,1,0,3,3,0,0,0,3,1,0,0.00444444444444444,0.00444444444444444,0,0.0133333333333333,0.0133333333333333,0,0,0,0.0133333333333333,0.00444444444444444,225,148,0,6.76949937974665,0,0,225,1,1,0,1,0,1,0
"2016-12-01","Niger",2,2,4,1,5,0,0,2,2,0,0,1,2,0,9,2,0,0,4,8,1,0,0,0,0,0,0,0,0,0,0,0,0.00829875518672199,0.00829875518672199,0.016597510373444,0.004149377593361,0.020746887966805,0,0,0.00829875518672199,0.00829875518672199,0,0,0.004149377593361,0.00829875518672199,0,0.037344398340249,0.00829875518672199,0,0,0.016597510373444,0.033195020746888,0.004149377593361,0,0,0,0,0,0,0,0,0,0,0,3,1,0,0,2,1,0,0,0,1,0,0.012448132780083,0.004149377593361,0,0,0.00829875518672199,0.004149377593361,0,0,0,0.004149377593361,0,241,191,1,7.1473754036262,0.004149377593361,0,241,1,1,0,1,0,1,0
"2017-01-01","Niger",1,0,4,0,7,0,0,1,8,3,0,2,6,1,12,2,0,0,11,3,0,0,0,0,0,1,0,0,0,0,0,0,0.00384615384615385,0,0.0153846153846154,0,0.0269230769230769,0,0,0.00384615384615385,0.0307692307692308,0.0115384615384615,0,0.00769230769230769,0.0230769230769231,0.00384615384615385,0.0461538461538462,0.00769230769230769,0,0,0.0423076923076923,0.0115384615384615,0,0,0,0,0,0.00384615384615385,0,0,0,0,0,0,3,2,1,0,2,1,0,0,0,0,1,0.0115384615384615,0.00769230769230769,0.00384615384615385,0,0.00769230769230769,0.00384615384615385,0,0,0,0,0.00384615384615385,260,193,0,7.16599830194114,0,0.00384615384615385,260,1,1,0,1,0,1,0
"2017-02-01","Niger",1,0,2,0,8,0,0,4,5,1,0,2,4,0,6,0,0,0,11,2,0,0,0,0,0,1,0,0,0,0,0,0,0.00427350427350427,0,0.00854700854700855,0,0.0341880341880342,0,0,0.0170940170940171,0.0213675213675214,0.00427350427350427,0,0.00854700854700855,0.0170940170940171,0,0.0256410256410256,0,0,0,0.047008547008547,0.00854700854700855,0,0,0,0,0,0.00427350427350427,0,0,0,0,0,0,0,2,0,0,4,0,0,0,0,0,0,0,0.00854700854700855,0,0,0.0170940170940171,0,0,0,0,0,0,234,183,2,7.41401078779641,0,0.00427350427350427,234,1,1,0,1,1,1,0
"2017-03-01","Niger",1,0,12,1,7,4,0,3,15,5,3,0,3,0,2,0,0,0,10,3,0,0,0,0,0,0,0,0,0,0,0,0,0.00344827586206897,0,0.0413793103448276,0.00344827586206897,0.0241379310344828,0.0137931034482759,0,0.0103448275862069,0.0517241379310345,0.0172413793103448,0.0103448275862069,0,0.0103448275862069,0,0.00689655172413793,0,0,0,0.0344827586206897,0.0103448275862069,0,0,0,0,0,0,0,0,0,0,0,0,5,6,1,0,10,0,0,0,0,0,0,0.0172413793103448,0.0206896551724138,0.00344827586206897,0,0.0344827586206897,0,0,0,0,0,0,290,201,1,7.1018829111838,0,0,290,1,1,0,1,0,1,0
"2017-04-01","Niger",5,0,3,0,3,1,0,10,9,1,2,2,2,3,4,2,0,0,9,10,0,0,0,0,0,0,0,0,0,0,0,0,0.0173010380622837,0,0.0103806228373702,0,0.0103806228373702,0.00346020761245675,0,0.0346020761245675,0.0311418685121107,0.00346020761245675,0.0069204152249135,0.0069204152249135,0.0069204152249135,0.0103806228373702,0.013840830449827,0.0069204152249135,0,0,0.0311418685121107,0.0346020761245675,0,0,0,0,0,0,0,0,0,0,0,0,3,2,0,0,3,4,0,0,0,1,0,0.0103806228373702,0.0069204152249135,0,0,0.0103806228373702,0.013840830449827,0,0,0,0.00346020761245675,0,289,211,0,7.3331713305093,0,0,289,1,1,0,1,0,1,0
"2017-05-01","Niger",5,0,5,0,7,0,0,3,5,11,0,0,4,1,11,0,0,0,6,2,0,0,0,0,0,0,0,0,0,0,0,0,0.0198412698412698,0,0.0198412698412698,0,0.0277777777777778,0,0,0.0119047619047619,0.0198412698412698,0.0436507936507936,0,0,0.0158730158730159,0.00396825396825397,0.0436507936507936,0,0,0,0.0238095238095238,0.00793650793650794,0,0,0,0,0,0,0,0,0,0,0,0,2,3,0,0,6,3,0,0,0,0,0,0.00793650793650794,0.0119047619047619,0,0,0.0238095238095238,0.0119047619047619,0,0,0,0,0,252,180,2,6.56233007776818,0.00396825396825397,0,252,1,1,0,1,0,1,0
"2017-06-01","Niger",2,0,2,3,3,2,0,12,8,11,0,7,4,0,2,5,0,2,16,1,0,0,0,0,0,0,0,0,0,0,0,0,0.00623052959501558,0,0.00623052959501558,0.00934579439252336,0.00934579439252336,0.00623052959501558,0,0.0373831775700935,0.0249221183800623,0.0342679127725857,0,0.0218068535825545,0.0124610591900312,0,0.00623052959501558,0.0155763239875389,0,0.00623052959501558,0.0498442367601246,0.00311526479750779,0,0,0,0,0,0,0,0,0,0,0,0,8,3,0,0,3,5,0,0,0,3,0,0.0249221183800623,0.00934579439252336,0,0,0.00934579439252336,0.0155763239875389,0,0,0,0.00934579439252336,0,321,219,3,6.49830250180198,0,0,321,1,1,0,1,1,1,0
"2017-07-01","Niger",7,1,7,1,8,0,0,7,11,6,0,1,1,1,1,2,0,1,20,8,0,0,0,0,0,0,0,0,0,0,0,0,0.0235690235690236,0.00336700336700337,0.0235690235690236,0.00336700336700337,0.0269360269360269,0,0,0.0235690235690236,0.037037037037037,0.0202020202020202,0,0.00336700336700337,0.00336700336700337,0.00336700336700337,0.00336700336700337,0.00673400673400673,0,0.00336700336700337,0.0673400673400673,0.0269360269360269,0,0,0,0,0,0,0,0,0,0,0,0,4,4,0,0,3,0,0,0,0,1,0,0.0134680134680135,0.0134680134680135,0,0,0.0101010101010101,0,0,0,0,0.00336700336700337,0,297,203,2,7.19557009990801,0,0,297,1,1,0,1,0,1,0
"2017-08-01","Niger",2,0,4,1,16,0,0,12,11,2,0,0,2,1,2,2,0,3,10,5,0,0,0,0,0,0,0,0,0,0,0,0,0.00684931506849315,0,0.0136986301369863,0.00342465753424658,0.0547945205479452,0,0,0.0410958904109589,0.0376712328767123,0.00684931506849315,0,0,0.00684931506849315,0.00342465753424658,0.00684931506849315,0.00684931506849315,0,0.0102739726027397,0.0342465753424658,0.0171232876712329,0,0,0,0,0,0,0,0,0,0,0,0,7,3,0,0,0,2,0,0,0,1,0,0.023972602739726,0.0102739726027397,0,0,0,0.00684931506849315,0,0,0,0.00342465753424658,0,292,208,0,6.66369002350956,0,0,292,1,1,0,1,1,1,0
"2017-09-01","Niger",1,0,3,0,5,0,0,15,1,1,0,0,0,2,0,1,0,2,4,2,0,0,0,0,0,0,0,0,0,0,0,0,0.00543478260869565,0,0.016304347826087,0,0.0271739130434783,0,0,0.0815217391304348,0.00543478260869565,0.00543478260869565,0,0,0,0.0108695652173913,0,0.00543478260869565,0,0.0108695652173913,0.0217391304347826,0.0108695652173913,0,0,0,0,0,0,0,0,0,0,0,0,2,2,0,0,1,1,0,0,0,0,0,0.0108695652173913,0.0108695652173913,0,0,0.00543478260869565,0.00543478260869565,0,0,0,0,0,184,141,1,6.01381920820586,0,0,184,1,1,0,1,0,1,0
"2017-10-01","Niger",5,0,4,0,9,1,0,4,13,1,1,13,2,0,3,0,1,2,70,26,0,0,0,0,0,0,0,0,0,0,0,0,0.01,0,0.008,0,0.018,0.002,0,0.008,0.026,0.002,0.002,0.026,0.004,0,0.006,0,0.002,0.004,0.14,0.052,0,0,0,0,0,0,0,0,0,0,0,0,1,3,0,0,1,3,3,0,0,3,2,0.002,0.006,0,0,0.002,0.006,0.006,0,0,0.006,0.004,500,331,4,9.01364504175321,0,0,500,1,1,0,1,0,1,0
"2017-11-01","Niger",2,1,1,1,10,1,0,3,7,5,0,10,2,0,1,1,0,0,20,3,0,0,0,0,0,0,0,0,0,0,0,0,0.00600600600600601,0.003003003003003,0.003003003003003,0.003003003003003,0.03003003003003,0.003003003003003,0,0.00900900900900901,0.021021021021021,0.015015015015015,0,0.03003003003003,0.00600600600600601,0,0.003003003003003,0.003003003003003,0,0,0.0600600600600601,0.00900900900900901,0,0,0,0,0,0,0,0,0,0,0,0,1,2,0,0,3,16,0,0,0,1,0,0.003003003003003,0.00600600600600601,0,0,0.00900900900900901,0.048048048048048,0,0,0,0.003003003003003,0,333,243,0,7.21265659852737,0,0,333,1,1,0,1,0,1,0
"2017-12-01","Niger",0,0,1,0,3,1,0,3,0,2,0,14,0,0,7,1,0,0,1,6,0,0,0,0,0,0,0,0,0,0,0,0,0,0,0.004,0,0.012,0.004,0,0.012,0,0.008,0,0.056,0,0,0.028,0.004,0,0,0.004,0.024,0,0,0,0,0,0,0,0,0,0,0,0,0,0,1,0,2,1,1,0,0,0,1,0,0,0.004,0,0.008,0.004,0.004,0,0,0,0.004,250,206,0,7.14181716587019,0,0,250,1,1,0,1,1,1,0
"2018-01-01","Niger",3,0,0,0,4,7,0,1,7,1,1,5,0,0,14,0,0,4,21,13,0,0,0,0,0,0,0,0,0,0,0,0,0.0108303249097473,0,0,0,0.0144404332129964,0.0252707581227437,0,0.0036101083032491,0.0252707581227437,0.0036101083032491,0.0036101083032491,0.0180505415162455,0,0,0.0505415162454874,0,0,0.0144404332129964,0.075812274368231,0.0469314079422383,0,0,0,0,0,0,0,0,0,0,0,0,1,4,1,0,3,1,1,0,0,0,0,0.0036101083032491,0.0144404332129964,0.0036101083032491,0,0.0108303249097473,0.0036101083032491,0.0036101083032491,0,0,0,0,277,186,1,8.08361749025311,0,0,277,1,1,0,1,1,1,0
"2018-02-01","Niger",4,0,0,0,11,0,1,2,12,1,1,4,3,3,6,2,0,1,7,3,0,0,0,0,0,0,0,0,0,0,0,0,0.0147058823529412,0,0,0,0.0404411764705882,0,0.00367647058823529,0.00735294117647059,0.0441176470588235,0.00367647058823529,0.00367647058823529,0.0147058823529412,0.0110294117647059,0.0110294117647059,0.0220588235294118,0.00735294117647059,0,0.00367647058823529,0.0257352941176471,0.0110294117647059,0,0,0,0,0,0,0,0,0,0,0,0,1,4,0,0,1,0,0,0,0,0,0,0.00367647058823529,0.0147058823529412,0,0,0.00367647058823529,0,0,0,0,0,0,272,208,2,6.80032467419867,0,0,272,1,1,0,1,1,1,0
"2018-03-01","Niger",7,2,6,0,7,0,0,2,4,4,2,1,3,5,22,4,0,2,10,19,0,0,0,0,0,0,0,0,0,0,0,0,0.0204081632653061,0.00583090379008746,0.0174927113702624,0,0.0204081632653061,0,0,0.00583090379008746,0.0116618075801749,0.0116618075801749,0.00583090379008746,0.00291545189504373,0.0087463556851312,0.0145772594752187,0.0641399416909621,0.0116618075801749,0,0.00583090379008746,0.0291545189504373,0.0553935860058309,0,0,0,0,0,0,0,0,0,0,0,0,2,8,0,0,3,3,0,0,0,1,1,0.00583090379008746,0.0233236151603499,0,0,0.0087463556851312,0.0087463556851312,0,0,0,0.00291545189504373,0.00291545189504373,343,227,6,7.25642448724631,0,0,343,1,1,0,1,1,1,0
"2018-04-01","Niger",5,1,3,1,10,0,2,2,8,3,2,2,2,0,9,4,0,1,22,16,0,0,0,0,0,3,0,0,0,0,0,0,0.0147492625368732,0.00294985250737463,0.00884955752212389,0.00294985250737463,0.0294985250737463,0,0.00589970501474926,0.00589970501474926,0.023598820058997,0.00884955752212389,0.00589970501474926,0.00589970501474926,0.00589970501474926,0,0.0265486725663717,0.0117994100294985,0,0.00294985250737463,0.0648967551622419,0.0471976401179941,0,0,0,0,0,0.00884955752212389,0,0,0,0,0,0,2,3,1,0,5,3,0,1,2,0,3,0.00589970501474926,0.00884955752212389,0.00294985250737463,0,0.0147492625368732,0.00884955752212389,0,0.00294985250737463,0.00589970501474926,0,0.00884955752212389,339,229,4,7.6001447551689,0,0.00884955752212389,339,1,1,0,1,1,1,0
"2018-05-01","Niger",5,0,3,0,5,0,0,2,9,2,0,0,2,3,0,0,1,0,13,3,0,0,0,0,0,0,0,0,0,0,0,0,0.0185185185185185,0,0.0111111111111111,0,0.0185185185185185,0,0,0.00740740740740741,0.0333333333333333,0.00740740740740741,0,0,0.00740740740740741,0.0111111111111111,0,0,0.0037037037037037,0,0.0481481481481481,0.0111111111111111,0,0,0,0,0,0,0,0,0,0,0,0,2,3,0,0,1,3,0,0,0,0,2,0.00740740740740741,0.0111111111111111,0,0,0.0037037037037037,0.0111111111111111,0,0,0,0,0.00740740740740741,270,212,0,7.14976373988369,0,0,270,1,1,0,1,1,1,0
"2018-06-01","Niger",1,0,3,0,6,0,0,4,3,4,0,0,1,2,2,1,1,0,29,11,0,0,0,0,0,0,0,0,0,0,0,0,0.0037037037037037,0,0.0111111111111111,0,0.0222222222222222,0,0,0.0148148148148148,0.0111111111111111,0.0148148148148148,0,0,0.0037037037037037,0.00740740740740741,0.00740740740740741,0.0037037037037037,0.0037037037037037,0,0.107407407407407,0.0407407407407407,0,0,0,0,0,0,0,0,0,0,0,0,2,3,1,0,1,1,0,0,0,2,5,0.00740740740740741,0.0111111111111111,0.0037037037037037,0,0.0037037037037037,0.0037037037037037,0,0,0,0.00740740740740741,0.0185185185185185,270,187,1,7.57902126622273,0,0,270,1,1,0,1,1,1,0
"2018-07-01","Niger",3,2,6,0,6,0,0,9,11,3,0,3,0,3,0,3,0,0,23,7,0,0,0,0,0,1,0,1,0,0,0,0,0.0104166666666667,0.00694444444444444,0.0208333333333333,0,0.0208333333333333,0,0,0.03125,0.0381944444444444,0.0104166666666667,0,0.0104166666666667,0,0.0104166666666667,0,0.0104166666666667,0,0,0.0798611111111111,0.0243055555555556,0,0,0,0,0,0.00347222222222222,0,0.00347222222222222,0,0,0,0,4,1,0,1,2,0,1,0,0,0,0,0.0138888888888889,0.00347222222222222,0,0.00347222222222222,0.00694444444444444,0,0.00347222222222222,0,0,0,0,288,201,1,6.80058671327051,0.00347222222222222,0.00347222222222222,288,1,1,1,1,1,1,0
"2018-08-01","Niger",1,0,4,1,13,0,0,24,0,4,0,2,2,2,5,2,0,0,6,1,0,0,0,1,0,1,0,0,0,0,0,0,0.0029940119760479,0,0.0119760479041916,0.0029940119760479,0.0389221556886228,0,0,0.0718562874251497,0,0.0119760479041916,0,0.00598802395209581,0.00598802395209581,0.00598802395209581,0.0149700598802395,0.00598802395209581,0,0,0.0179640718562874,0.0029940119760479,0,0,0,0.0029940119760479,0,0.0029940119760479,0,0,0,0,0,0,0,7,0,0,0,1,0,0,0,1,0,0,0.0209580838323353,0,0,0,0.0029940119760479,0,0,0,0.0029940119760479,0,334,259,6,6.24224648287157,0,0.00598802395209581,334,1,1,1,1,1,1,0
"2018-09-01","Niger",0,1,5,0,7,0,0,11,1,7,1,2,2,0,3,3,1,0,12,9,0,0,0,0,0,1,0,0,0,0,0,0,0,0.00294985250737463,0.0147492625368732,0,0.0206489675516224,0,0,0.0324483775811209,0.00294985250737463,0.0206489675516224,0.00294985250737463,0.00589970501474926,0.00589970501474926,0,0.00884955752212389,0.00884955752212389,0.00294985250737463,0,0.0353982300884956,0.0265486725663717,0,0,0,0,0,0.00294985250737463,0,0,0,0,0,0,7,3,1,0,0,11,0,0,0,1,6,0.0206489675516224,0.00884955752212389,0.00294985250737463,0,0,0.0324483775811209,0,0,0,0.00294985250737463,0.0176991150442478,339,248,8,6.91160170990772,0,0.00294985250737463,339,1,1,1,1,1,0,0
"2018-10-01","Niger",0,0,6,1,12,0,0,7,5,12,0,0,1,1,2,4,0,0,1,4,0,0,0,0,0,0,0,0,0,0,0,0,0,0,0.0177514792899408,0.0029585798816568,0.0355029585798817,0,0,0.0207100591715976,0.014792899408284,0.0355029585798817,0,0,0.0029585798816568,0.0029585798816568,0.00591715976331361,0.0118343195266272,0,0,0.0029585798816568,0.0118343195266272,0,0,0,0,0,0,0,0,0,0,0,0,0,8,0,0,0,3,2,0,0,0,0,0,0.0236686390532544,0,0,0,0.00887573964497041,0.00591715976331361,0,0,0,0,338,270,2,5.50713842335806,0,0,338,1,1,1,1,1,1,0
"2018-11-01","Niger",1,0,6,1,7,2,0,3,5,2,0,5,4,2,7,1,2,0,18,13,0,0,0,0,0,0,0,0,0,0,0,0,0.00313479623824451,0,0.0188087774294671,0.00313479623824451,0.0219435736677116,0.00626959247648903,0,0.00940438871473354,0.0156739811912226,0.00626959247648903,0,0.0156739811912226,0.0125391849529781,0.00626959247648903,0.0219435736677116,0.00313479623824451,0.00626959247648903,0,0.0564263322884013,0.0407523510971787,0,0,0,0,0,0,0,0,0,0,0,0,0,4,0,0,4,1,0,2,0,1,1,0,0.0125391849529781,0,0,0.0125391849529781,0.00313479623824451,0,0.00626959247648903,0,0.00313479623824451,0.00313479623824451,319,229,0,7.91722539021665,0,0,319,1,1,1,1,1,1,0
"2018-12-01","Niger",4,0,3,0,8,1,0,5,1,5,3,3,0,0,2,1,0,0,15,8,0,0,0,0,0,0,0,0,0,0,0,0,0.0149812734082397,0,0.0112359550561798,0,0.0299625468164794,0.00374531835205993,0,0.0187265917602996,0.00374531835205993,0.0187265917602996,0.0112359550561798,0.0112359550561798,0,0,0.00749063670411985,0.00374531835205993,0,0,0.0561797752808989,0.0299625468164794,0,0,0,0,0,0,0,0,0,0,0,0,0,2,2,0,2,3,0,2,0,0,3,0,0.00749063670411985,0.00749063670411985,0,0.00749063670411985,0.0112359550561798,0,0.00749063670411985,0,0,0.0112359550561798,267,195,2,7.71161535820967,0,0,267,1,1,0,1,1,1,0
"2019-01-01","Niger",1,0,2,0,7,0,0,2,4,1,0,1,5,1,1,8,0,1,13,13,0,0,0,0,0,0,0,0,0,0,0,0,0.00378787878787879,0,0.00757575757575758,0,0.0265151515151515,0,0,0.00757575757575758,0.0151515151515152,0.00378787878787879,0,0.00378787878787879,0.0189393939393939,0.00378787878787879,0.00378787878787879,0.0303030303030303,0,0.00378787878787879,0.0492424242424242,0.0492424242424242,0,0,0,0,0,0,0,0,0,0,0,0,1,6,0,0,2,0,0,0,0,4,1,0.00378787878787879,0.0227272727272727,0,0,0.00757575757575758,0,0,0,0,0.0151515151515152,0.00378787878787879,264,192,0,7.08625667423583,0,0,264,1,1,0,1,1,1,0
"2019-02-01","Niger",1,0,13,0,4,1,0,7,6,0,2,1,0,2,1,2,1,5,14,9,0,0,0,0,0,0,0,0,0,0,0,0,0.00393700787401575,0,0.0511811023622047,0,0.015748031496063,0.00393700787401575,0,0.0275590551181102,0.0236220472440945,0,0.0078740157480315,0.00393700787401575,0,0.0078740157480315,0.00393700787401575,0.0078740157480315,0.00393700787401575,0.0196850393700787,0.0551181102362205,0.0354330708661417,0,0,0,0,0,0,0,0,0,0,0,0,0,2,0,0,0,4,0,0,0,0,0,0,0.0078740157480315,0,0,0,0.015748031496063,0,0,0,0,0,254,179,0,7.38149642839678,0,0,254,1,1,0,1,1,1,0
"2019-03-01","Niger",0,0,17,2,8,0,0,8,2,3,1,0,5,1,2,5,0,1,21,3,0,0,0,0,0,0,0,0,0,1,0,0,0,0,0.0572390572390572,0.00673400673400673,0.0269360269360269,0,0,0.0269360269360269,0.00673400673400673,0.0101010101010101,0.00336700336700337,0,0.0168350168350168,0.00336700336700337,0.00673400673400673,0.0168350168350168,0,0.00336700336700337,0.0707070707070707,0.0101010101010101,0,0,0,0,0,0,0,0,0,0.00336700336700337,0,0,5,7,0,0,0,3,0,0,0,1,1,0.0168350168350168,0.0235690235690236,0,0,0,0.0101010101010101,0,0,0,0.00336700336700337,0.00336700336700337,297,203,1,6.96351413631615,0.00336700336700337,0,297,1,1,1,1,1,1,0
"2019-04-01","Niger",1,0,9,0,7,0,0,5,1,2,0,0,0,1,6,2,0,0,19,17,0,0,0,0,0,0,0,0,0,0,0,0,0.00371747211895911,0,0.033457249070632,0,0.0260223048327138,0,0,0.0185873605947955,0.00371747211895911,0.00743494423791822,0,0,0,0.00371747211895911,0.0223048327137546,0.00743494423791822,0,0,0.0706319702602231,0.0631970260223048,0,0,0,0,0,0,0,0,0,0,0,0,2,2,0,0,0,5,0,0,0,0,0,0.00743494423791822,0.00743494423791822,0,0,0,0.0185873605947955,0,0,0,0,0,269,190,1,7.39821814661297,0,0,269,1,1,0,1,1,1,1
"2019-05-01","Niger",1,0,2,1,10,1,0,29,11,4,0,0,1,3,8,1,0,1,45,21,0,0,0,2,0,1,2,0,0,0,0,0,0.00235849056603774,0,0.00471698113207547,0.00235849056603774,0.0235849056603774,0.00235849056603774,0,0.0683962264150943,0.0259433962264151,0.00943396226415094,0,0,0.00235849056603774,0.00707547169811321,0.0188679245283019,0.00235849056603774,0,0.00235849056603774,0.106132075471698,0.0495283018867925,0,0,0,0.00471698113207547,0,0.00235849056603774,0.00471698113207547,0,0,0,0,0,1,7,0,0,2,3,0,1,0,1,1,0.00235849056603774,0.0165094339622642,0,0,0.00471698113207547,0.00707547169811321,0,0.00235849056603774,0,0.00235849056603774,0.00235849056603774,424,270,9,7.47094795644265,0.00471698113207547,0.00707547169811321,424,1,1,1,1,1,1,1
"2019-06-01","Niger",0,0,15,0,17,0,0,2,0,18,2,1,2,1,4,7,0,1,29,12,0,0,0,2,0,0,0,0,0,0,0,0,0,0,0.0317124735729387,0,0.0359408033826638,0,0,0.00422832980972516,0,0.0380549682875264,0.00422832980972516,0.00211416490486258,0.00422832980972516,0.00211416490486258,0.00845665961945032,0.0147991543340381,0,0.00211416490486258,0.0613107822410148,0.025369978858351,0,0,0,0.00422832980972516,0,0,0,0,0,0,0,0,2,7,1,0,0,9,0,0,0,0,2,0.00422832980972516,0.0147991543340381,0.00211416490486258,0,0,0.0190274841437632,0,0,0,0,0.00422832980972516,473,343,2,6.38050459935814,0,0.00422832980972516,473,1,1,1,1,1,1,1
"2019-07-01","Niger",0,0,16,0,28,0,0,6,9,2,0,1,3,3,1,1,0,0,13,7,0,0,0,0,0,0,0,0,0,0,0,0,0,0,0.0305343511450382,0,0.0534351145038168,0,0,0.0114503816793893,0.017175572519084,0.00381679389312977,0,0.00190839694656489,0.00572519083969466,0.00572519083969466,0.00190839694656489,0.00190839694656489,0,0,0.0248091603053435,0.0133587786259542,0,0,0,0,0,0,0,0,0,0,0,0,2,13,0,0,1,4,0,0,0,0,2,0.00381679389312977,0.0248091603053435,0,0,0.00190839694656489,0.00763358778625954,0,0,0,0,0.00381679389312977,524,414,4,6.47173258924059,0,0,524,1,1,1,1,1,1,1
"2019-08-01","Niger",1,0,15,0,9,2,0,5,6,1,3,2,8,5,5,2,0,1,12,5,0,0,0,0,0,0,0,0,0,0,0,0,0.00248138957816377,0,0.0372208436724566,0,0.0223325062034739,0.00496277915632754,0,0.0124069478908189,0.0148883374689826,0.00248138957816377,0.00744416873449132,0.00496277915632754,0.0198511166253102,0.0124069478908189,0.0124069478908189,0.00496277915632754,0,0.00248138957816377,0.0297766749379653,0.0124069478908189,0,0,0,0,0,0,0,0,0,0,0,0,2,7,0,0,0,1,0,0,1,0,0,0.00496277915632754,0.0173697270471464,0,0,0,0.00248138957816377,0,0,0.00248138957816377,0,0,403,316,6,6.9365675279047,0,0,403,1,1,1,1,1,1,1
"2019-09-01","Niger",0,0,8,0,14,0,0,18,1,1,2,2,1,2,3,1,0,0,4,6,0,0,0,0,0,1,1,0,0,0,0,1,0,0,0.020671834625323,0,0.0361757105943152,0,0,0.0465116279069767,0.00258397932816537,0.00258397932816537,0.00516795865633075,0.00516795865633075,0.00258397932816537,0.00516795865633075,0.00775193798449612,0.00258397932816537,0,0,0.0103359173126615,0.0155038759689922,0,0,0,0,0,0.00258397932816537,0.00258397932816537,0,0,0,0,0.00258397932816537,1,10,0,0,0,4,0,0,0,0,0,0.00258397932816537,0.0258397932816537,0,0,0,0.0103359173126615,0,0,0,0,0,387,309,3,6.6151005090242,0,0.00775193798449612,387,1,1,1,1,1,1,1
"2019-10-01","Niger",1,0,11,2,18,0,0,11,5,6,0,3,0,1,0,0,1,0,23,8,3,0,0,1,0,1,0,0,0,0,0,0,0.0022883295194508,0,0.0251716247139588,0.0045766590389016,0.0411899313501144,0,0,0.0251716247139588,0.011441647597254,0.0137299771167048,0,0.0068649885583524,0,0.0022883295194508,0,0,0.0022883295194508,0,0.0526315789473684,0.0183066361556064,0.0068649885583524,0,0,0.0022883295194508,0,0.0022883295194508,0,0,0,0,0,0,1,13,1,0,1,9,0,0,0,0,0,0.0022883295194508,0.0297482837528604,0.0022883295194508,0,0.0022883295194508,0.0205949656750572,0,0,0,0,0,437,323,5,6.93414773518348,0.0091533180778032,0.0022883295194508,437,1,1,1,1,1,1,1
"2019-11-01","Niger",4,1,3,0,20,0,0,6,3,6,0,5,0,0,1,3,0,0,37,9,0,0,0,0,0,0,0,0,0,0,0,0,0.00934579439252336,0.00233644859813084,0.00700934579439252,0,0.0467289719626168,0,0,0.014018691588785,0.00700934579439252,0.014018691588785,0,0.0116822429906542,0,0,0.00233644859813084,0.00700934579439252,0,0,0.0864485981308411,0.0210280373831776,0,0,0,0,0,0,0,0,0,0,0,0,3,12,0,0,1,5,0,0,0,0,0,0.00700934579439252,0.0280373831775701,0,0,0.00233644859813084,0.0116822429906542,0,0,0,0,0,428,309,2,7.29698068524698,0,0,428,1,1,1,1,1,1,1
"2019-12-01","Niger",1,1,6,1,18,0,0,5,1,9,1,8,2,3,7,1,0,1,88,21,0,0,0,0,0,0,0,0,0,0,0,0,0.00175746924428822,0.00175746924428822,0.0105448154657293,0.00175746924428822,0.031634446397188,0,0,0.00878734622144113,0.00175746924428822,0.015817223198594,0.00175746924428822,0.0140597539543058,0.00351493848857645,0.00527240773286467,0.0123022847100176,0.00175746924428822,0,0.00175746924428822,0.154657293497364,0.0369068541300527,0,0,0,0,0,0,0,0,0,0,0,0,2,4,0,0,1,4,0,0,0,0,2,0.00351493848857645,0.0070298769771529,0,0,0.00175746924428822,0.0070298769771529,0,0,0,0,0.00351493848857645,569,383,3,7.98598687446281,0,0,569,1,1,1,1,1,1,1
"2020-01-01","Niger",3,0,1,1,24,0,0,2,2,2,0,12,2,1,7,3,0,0,40,14,0,0,0,0,0,0,0,0,1,3,0,0,0.00627615062761506,0,0.00209205020920502,0.00209205020920502,0.0502092050209205,0,0,0.00418410041841004,0.00418410041841004,0.00418410041841004,0,0.0251046025104603,0.00418410041841004,0.00209205020920502,0.0146443514644351,0.00627615062761506,0,0,0.0836820083682008,0.0292887029288703,0,0,0,0,0,0,0,0,0.00209205020920502,0.00627615062761506,0,0,2,5,0,0,0,0,1,0,0,1,1,0.00418410041841004,0.0104602510460251,0,0,0,0,0.00209205020920502,0,0,0.00209205020920502,0.00209205020920502,478,355,12,7.73713621606252,0,0.00836820083682008,478,1,1,1,1,1,1,1
"2020-02-01","Niger",2,0,10,1,15,1,0,14,6,0,1,16,5,0,2,3,2,2,26,6,0,0,1,0,0,0,0,0,0,0,0,2,0.00481927710843374,0,0.0240963855421687,0.00240963855421687,0.036144578313253,0.00240963855421687,0,0.0337349397590361,0.0144578313253012,0,0.00240963855421687,0.0385542168674699,0.0120481927710843,0,0.00481927710843374,0.0072289156626506,0.00481927710843374,0.00481927710843374,0.0626506024096386,0.0144578313253012,0,0,0.00240963855421687,0,0,0,0,0,0,0,0,0.00481927710843374,1,1,0,0,2,3,0,0,0,1,1,0.00240963855421687,0.00240963855421687,0,0,0.00481927710843374,0.0072289156626506,0,0,0,0.00240963855421687,0.00240963855421687,415,297,6,8.21955626398384,0.00481927710843374,0.00240963855421687,415,1,1,1,1,1,1,1
"2020-03-01","Niger",7,0,12,0,14,0,0,65,8,1,4,8,4,1,6,0,0,1,32,6,0,0,0,2,0,0,0,0,0,0,1,0,0.0127737226277372,0,0.0218978102189781,0,0.0255474452554745,0,0,0.118613138686131,0.0145985401459854,0.00182481751824818,0.0072992700729927,0.0145985401459854,0.0072992700729927,0.00182481751824818,0.0109489051094891,0,0,0.00182481751824818,0.0583941605839416,0.0109489051094891,0,0,0,0.00364963503649635,0,0,0,0,0,0,0.00182481751824818,0,1,9,1,0,1,1,0,0,0,0,0,0.00182481751824818,0.0164233576642336,0.00182481751824818,0,0.00182481751824818,0.00182481751824818,0,0,0,0,0,548,369,7,7.83566698618532,0,0.00547445255474453,548,1,1,1,1,1,1,1
"2020-04-01","Niger",4,1,7,1,7,0,1,76,6,7,3,2,3,0,3,0,0,1,15,6,0,0,0,0,0,0,0,0,0,0,0,0,0.00860215053763441,0.0021505376344086,0.0150537634408602,0.0021505376344086,0.0150537634408602,0,0.0021505376344086,0.163440860215054,0.0129032258064516,0.0150537634408602,0.00645161290322581,0.0043010752688172,0.00645161290322581,0,0.00645161290322581,0,0,0.0021505376344086,0.032258064516129,0.0129032258064516,0,0,0,0,0,0,0,0,0,0,0,0,3,4,0,0,1,2,0,0,0,0,0,0.00645161290322581,0.00860215053763441,0,0,0.0021505376344086,0.0043010752688172,0,0,0,0,0,465,315,0,6.97984847480683,0,0,465,1,1,1,1,1,1,1
"2020-05-01","Niger",3,0,8,1,9,2,1,62,7,24,7,3,3,1,1,2,0,1,29,15,0,0,0,0,0,0,0,0,0,0,0,0,0.00491803278688525,0,0.0131147540983607,0.00163934426229508,0.0147540983606557,0.00327868852459016,0.00163934426229508,0.101639344262295,0.0114754098360656,0.039344262295082,0.0114754098360656,0.00491803278688525,0.00491803278688525,0.00163934426229508,0.00163934426229508,0.00327868852459016,0,0.00163934426229508,0.0475409836065574,0.0245901639344262,0,0,0,0,0,0,0,0,0,0,0,0,5,6,0,0,2,8,0,0,0,1,0,0.00819672131147541,0.00983606557377049,0,0,0.00327868852459016,0.0131147540983607,0,0,0,0.00163934426229508,0,610,413,2,6.77625306952496,0,0,610,1,1,1,1,1,1,1
"2020-06-01","Niger",2,1,24,7,16,0,5,41,21,15,5,2,6,6,1,7,0,0,27,9,0,0,0,0,0,0,0,0,0,0,0,0,0.00315955766192733,0.00157977883096367,0.037914691943128,0.0110584518167457,0.0252764612954186,0,0.00789889415481832,0.0647709320695103,0.033175355450237,0.023696682464455,0.00789889415481832,0.00315955766192733,0.00947867298578199,0.00947867298578199,0.00157977883096367,0.0110584518167457,0,0,0.042654028436019,0.014218009478673,0,0,0,0,0,0,0,0,0,0,0,0,3,12,1,0,3,5,3,0,0,1,1,0.004739336492891,0.018957345971564,0.00157977883096367,0,0.004739336492891,0.00789889415481832,0.004739336492891,0,0,0.00157977883096367,0.00157977883096367,633,421,7,6.04148545298451,0,0.00157977883096367,633,1,1,1,1,1,1,1
"2020-07-01","Niger",1,1,33,6,22,0,4,28,10,3,4,2,5,1,1,3,0,0,8,1,0,0,0,0,2,0,0,0,0,0,0,0,0.0018450184501845,0.0018450184501845,0.0608856088560886,0.011070110701107,0.040590405904059,0,0.00738007380073801,0.0516605166051661,0.018450184501845,0.00553505535055351,0.00738007380073801,0.003690036900369,0.00922509225092251,0.0018450184501845,0.0018450184501845,0.00553505535055351,0,0,0.014760147601476,0.0018450184501845,0,0,0,0,0.003690036900369,0,0,0,0,0,0,0,4,12,0,0,1,2,0,0,1,6,0,0.00738007380073801,0.022140221402214,0,0,0.0018450184501845,0.003690036900369,0,0,0.0018450184501845,0.011070110701107,0,542,391,2,6.37697095097486,0.003690036900369,0,542,1,1,1,1,1,1,1
"2020-08-01","Niger",3,0,35,5,13,9,0,47,21,3,6,4,6,7,2,3,1,1,73,26,0,0,0,0,0,0,0,0,0,0,0,0,0.00455235204855842,0,0.0531107738998483,0.00758725341426404,0.0197268588770865,0.0136570561456753,0,0.0713201820940819,0.031866464339909,0.00455235204855842,0.00910470409711684,0.00606980273141123,0.00910470409711684,0.0106221547799697,0.00303490136570561,0.00455235204855842,0.00151745068285281,0.00151745068285281,0.110773899848255,0.039453717754173,0,0,0,0,0,0,0,0,0,0,0,0,3,5,0,0,2,3,0,0,1,2,5,0.00455235204855842,0.00758725341426404,0,0,0.00303490136570561,0.00455235204855842,0,0,0.00151745068285281,0.00303490136570561,0.00758725341426404,659,377,1,8.00305872695526,0,0,659,1,1,1,1,1,1,1
"2020-09-01","Niger",2,0,47,7,18,1,0,42,9,2,1,0,5,2,4,5,0,1,27,7,0,0,0,0,0,0,0,0,0,0,0,0,0.00373134328358209,0,0.0876865671641791,0.0130597014925373,0.0335820895522388,0.00186567164179104,0,0.0783582089552239,0.0167910447761194,0.00373134328358209,0.00186567164179104,0,0.00932835820895522,0.00373134328358209,0.00746268656716418,0.00932835820895522,0,0.00186567164179104,0.0503731343283582,0.0130597014925373,0,0,0,0,0,0,0,0,0,0,0,0,1,7,0,0,0,3,0,0,0,0,1,0.00186567164179104,0.0130597014925373,0,0,0,0.00559701492537313,0,0,0,0,0.00186567164179104,536,349,2,6.90441195774985,0,0,536,1,1,1,1,1,1,1
"2020-10-01","Niger",2,0,32,6,26,3,0,11,0,4,4,0,0,3,6,1,2,0,4,27,0,0,0,0,0,0,0,0,0,0,1,0,0.00394477317554241,0,0.0631163708086785,0.0118343195266272,0.0512820512820513,0.00591715976331361,0,0.0216962524654832,0,0.00788954635108481,0.00788954635108481,0,0,0.00591715976331361,0.0118343195266272,0.0019723865877712,0.00394477317554241,0,0.00788954635108481,0.0532544378698225,0,0,0,0,0,0,0,0,0,0,0.0019723865877712,0,0,13,0,0,1,5,0,0,0,0,6,0,0.0256410256410256,0,0,0.0019723865877712,0.00986193293885602,0,0,0,0,0.0118343195266272,507,351,2,7.26731180645669,0,0.0019723865877712,507,1,1,1,1,1,1,1
"2020-11-01","Niger",2,0,57,5,22,3,0,10,11,3,5,1,4,4,0,1,0,0,4,2,0,0,0,0,0,0,0,0,0,0,0,0,0.00447427293064877,0,0.12751677852349,0.0111856823266219,0.0492170022371365,0.00671140939597315,0,0.0223713646532438,0.0246085011185682,0.00671140939597315,0.0111856823266219,0.00223713646532438,0.00894854586129754,0.00894854586129754,0,0.00223713646532438,0,0,0.00894854586129754,0.00447427293064877,0,0,0,0,0,0,0,0,0,0,0,0,1,6,2,0,3,5,0,0,0,0,2,0.00223713646532438,0.0134228187919463,0.00447427293064877,0,0.00671140939597315,0.0111856823266219,0,0,0,0,0.00447427293064877,447,298,1,6.65894612571865,0,0,447,1,1,1,1,1,1,1
"2020-12-01","Niger",1,1,145,6,20,10,0,13,5,3,3,2,3,2,0,5,0,2,22,9,0,0,0,0,0,0,0,0,0,0,0,0,0.00167785234899329,0.00167785234899329,0.243288590604027,0.0100671140939597,0.0335570469798658,0.0167785234899329,0,0.0218120805369128,0.00838926174496644,0.00503355704697987,0.00503355704697987,0.00335570469798658,0.00503355704697987,0.00335570469798658,0,0.00838926174496644,0,0.00335570469798658,0.0369127516778524,0.0151006711409396,0,0,0,0,0,0,0,0,0,0,0,0,1,5,0,0,3,1,0,0,1,0,0,0.00167785234899329,0.00838926174496644,0,0,0.00503355704697987,0.00167785234899329,0,0,0.00167785234899329,0,0,596,333,1,6.72246908441308,0,0,596,1,1,1,1,0,1,1
"2021-01-01","Niger",1,1,57,9,10,5,0,11,14,2,6,1,3,0,2,2,0,1,59,15,0,0,0,0,0,1,0,0,0,0,0,0,0.00182815356489945,0.00182815356489945,0.104204753199269,0.0164533820840951,0.0182815356489945,0.00914076782449726,0,0.020109689213894,0.0255941499085923,0.0036563071297989,0.0109689213893967,0.00182815356489945,0.00548446069469835,0,0.0036563071297989,0.0036563071297989,0,0.00182815356489945,0.107861060329068,0.0274223034734918,0,0,0,0,0,0.00182815356489945,0,0,0,0,0,0,5,7,0,0,3,3,0,0,0,0,1,0.00914076782449726,0.0127970749542962,0,0,0.00548446069469835,0.00548446069469835,0,0,0,0,0.00182815356489945,547,331,2,8.07902511278139,0,0.00182815356489945,547,1,1,1,1,1,1,1
"2021-02-01","Niger",4,4,165,10,21,1,0,13,8,1,2,11,2,4,6,1,1,1,26,44,0,0,0,1,0,0,0,0,0,0,0,0,0.00589101620029455,0.00589101620029455,0.24300441826215,0.0147275405007364,0.0309278350515464,0.00147275405007364,0,0.0191458026509573,0.0117820324005891,0.00147275405007364,0.00294550810014728,0.01620029455081,0.00294550810014728,0.00589101620029455,0.00883652430044183,0.00147275405007364,0.00147275405007364,0.00147275405007364,0.0382916053019146,0.0648011782032401,0,0,0,0.00147275405007364,0,0,0,0,0,0,0,0,3,9,2,0,5,1,0,0,0,1,4,0.00441826215022091,0.0132547864506627,0.00294550810014728,0,0.00736377025036819,0.00147275405007364,0,0,0,0.00147275405007364,0.00589101620029455,679,332,2,7.64145732323304,0,0.00147275405007364,679,1,1,1,1,1,1,1
"2021-03-01","Niger",6,3,43,10,17,17,1,3,12,5,1,2,1,3,6,0,0,2,64,19,0,0,1,1,0,0,0,1,0,0,1,0,0.0103092783505155,0.00515463917525773,0.0738831615120275,0.0171821305841924,0.0292096219931271,0.0292096219931271,0.00171821305841924,0.00515463917525773,0.0206185567010309,0.00859106529209622,0.00171821305841924,0.00343642611683849,0.00171821305841924,0.00515463917525773,0.0103092783505155,0,0,0.00343642611683849,0.109965635738832,0.0326460481099656,0,0,0.00171821305841924,0.00171821305841924,0,0,0,0.00171821305841924,0,0,0.00171821305841924,0,1,5,0,0,0,5,0,0,0,2,1,0.00171821305841924,0.00859106529209622,0,0,0,0.00859106529209622,0,0,0,0.00343642611683849,0.00171821305841924,582,355,5,7.46402045196818,0.00171821305841924,0.00515463917525773,582,1,1,1,1,1,1,1
"2021-04-01","Niger",7,0,9,2,22,12,1,28,8,6,2,2,3,3,0,2,0,3,17,15,0,0,0,1,0,1,1,0,0,0,0,0,0.0119453924914676,0,0.015358361774744,0.00341296928327645,0.037542662116041,0.0204778156996587,0.00170648464163823,0.0477815699658703,0.0136518771331058,0.0102389078498294,0.00341296928327645,0.00341296928327645,0.00511945392491468,0.00511945392491468,0,0.00341296928327645,0,0.00511945392491468,0.0290102389078498,0.0255972696245734,0,0,0,0.00170648464163823,0,0.00170648464163823,0.00170648464163823,0,0,0,0,0,2,3,1,0,1,0,0,0,0,0,0,0.00341296928327645,0.00511945392491468,0.00170648464163823,0,0.00170648464163823,0,0,0,0,0,0,586,441,1,6.74703626045448,0.00170648464163823,0.00341296928327645,586,1,1,1,1,1,1,1
"2021-05-01","Niger",1,0,9,1,16,6,1,15,4,1,2,1,2,1,2,4,0,0,37,33,0,0,0,0,0,0,0,0,0,1,0,0,0.00211864406779661,0,0.0190677966101695,0.00211864406779661,0.0338983050847458,0.0127118644067797,0.00211864406779661,0.0317796610169492,0.00847457627118644,0.00211864406779661,0.00423728813559322,0.00211864406779661,0.00423728813559322,0.00211864406779661,0.00423728813559322,0.00847457627118644,0,0,0.0783898305084746,0.0699152542372881,0,0,0,0,0,0,0,0,0,0.00211864406779661,0,0,2,10,0,0,2,7,0,0,0,0,0,0.00423728813559322,0.0211864406779661,0,0,0.00423728813559322,0.0148305084745763,0,0,0,0,0,472,318,4,7.72578339388569,0,0.00211864406779661,472,1,1,1,1,1,1,1
"2021-06-01","Niger",4,0,9,1,29,0,0,6,12,6,2,2,4,2,4,3,0,1,40,23,0,0,0,0,0,0,0,0,0,0,0,0,0.00700525394045534,0,0.0157618213660245,0.00175131348511384,0.0507880910683012,0,0,0.010507880910683,0.021015761821366,0.010507880910683,0.00350262697022767,0.00350262697022767,0.00700525394045534,0.00350262697022767,0.00700525394045534,0.00525394045534151,0,0.00175131348511384,0.0700525394045534,0.0402802101576182,0,0,0,0,0,0,0,0,0,0,0,0,0,13,0,0,3,3,0,0,0,2,3,0,0.0227670753064799,0,0,0.00525394045534151,0.00525394045534151,0,0,0,0.00350262697022767,0.00525394045534151,571,402,4,7.4729952838535,0,0,571,1,1,1,1,1,1,1
"2021-07-01","Niger",2,0,9,0,15,0,0,15,8,6,1,2,2,1,0,1,0,0,21,2,0,0,0,0,0,0,0,2,0,0,0,0,0.00373831775700935,0,0.0168224299065421,0,0.0280373831775701,0,0,0.0280373831775701,0.0149532710280374,0.011214953271028,0.00186915887850467,0.00373831775700935,0.00373831775700935,0.00186915887850467,0,0.00186915887850467,0,0,0.0392523364485981,0.00373831775700935,0,0,0,0,0,0,0,0.00373831775700935,0,0,0,0,2,21,1,0,1,8,0,0,0,0,1,0.00373831775700935,0.0392523364485981,0.00186915887850467,0,0.00186915887850467,0.0149532710280374,0,0,0,0,0.00186915887850467,535,417,1,6.66399779097738,0,0.00373831775700935,535,1,1,1,1,1,1,1
"2021-08-01","Niger",1,0,9,0,12,1,0,43,2,0,4,9,3,2,0,2,0,0,81,13,0,0,0,0,0,0,0,0,0,0,1,0,0.00179533213644524,0,0.0161579892280072,0,0.0215439856373429,0.00179533213644524,0,0.0771992818671454,0.00359066427289048,0,0.00718132854578097,0.0161579892280072,0.00538599640933573,0.00359066427289048,0,0.00359066427289048,0,0,0.145421903052065,0.0233393177737881,0,0,0,0,0,0,0,0,0,0,0.00179533213644524,0,2,19,1,0,0,2,0,0,0,1,0,0.00359066427289048,0.0341113105924596,0.00179533213644524,0,0,0.00359066427289048,0,0,0,0.00179533213644524,0,557,353,3,8.38140975539247,0,0.00179533213644524,557,1,1,1,1,1,1,1
"2021-09-01","Niger",5,0,8,0,21,1,2,19,6,8,1,1,5,1,1,2,1,0,32,6,0,3,0,1,0,0,1,0,1,0,0,0,0.00889679715302491,0,0.0142348754448399,0,0.0373665480427046,0.00177935943060498,0.00355871886120996,0.0338078291814947,0.0106761565836299,0.0142348754448399,0.00177935943060498,0.00177935943060498,0.00889679715302491,0.00177935943060498,0.00177935943060498,0.00355871886120996,0.00177935943060498,0,0.0569395017793594,0.0106761565836299,0,0.00533807829181495,0,0.00177935943060498,0,0,0.00177935943060498,0,0.00177935943060498,0,0,0,1,20,2,0,3,7,1,0,0,1,1,0.00177935943060498,0.0355871886120996,0.00355871886120996,0,0.00533807829181495,0.0124555160142349,0.00177935943060498,0,0,0.00177935943060498,0.00177935943060498,562,412,2,6.98797126566294,0.00177935943060498,0.00889679715302491,562,1,1,1,1,1,1,1
"2021-10-01","Niger",3,0,13,0,23,0,0,4,7,6,0,2,3,1,1,1,1,0,32,9,0,0,0,0,0,0,0,0,0,1,1,0,0.00543478260869565,0,0.0235507246376812,0,0.0416666666666667,0,0,0.0072463768115942,0.0126811594202899,0.0108695652173913,0,0.0036231884057971,0.00543478260869565,0.00181159420289855,0.00181159420289855,0.00181159420289855,0.00181159420289855,0,0.0579710144927536,0.016304347826087,0,0,0,0,0,0,0,0,0,0.00181159420289855,0.00181159420289855,0,0,21,1,0,1,9,0,0,0,1,3,0,0.0380434782608696,0.00181159420289855,0,0.00181159420289855,0.016304347826087,0,0,0,0.00181159420289855,0.00543478260869565,552,412,0,7.13239886782177,0.0036231884057971,0.0036231884057971,552,1,1,1,1,1,1,1
"2021-11-01","Niger",0,1,3,0,32,1,0,30,1,5,2,1,1,1,16,2,0,0,45,12,0,1,0,0,0,0,0,1,0,0,0,0,0,0.00161030595813205,0.00483091787439614,0,0.0515297906602254,0.00161030595813205,0,0.0483091787439614,0.00161030595813205,0.00805152979066022,0.00322061191626409,0.00161030595813205,0.00161030595813205,0.00161030595813205,0.0257648953301127,0.00322061191626409,0,0,0.072463768115942,0.0193236714975845,0,0.00161030595813205,0,0,0,0,0,0.00161030595813205,0,0,0,0,1,21,1,0,1,4,0,0,0,1,3,0.00161030595813205,0.0338164251207729,0.00161030595813205,0,0.00161030595813205,0.00644122383252818,0,0,0,0.00161030595813205,0.00483091787439614,621,437,5,7.18326675565568,0,0.00322061191626409,621,1,1,1,1,1,1,1
"2021-12-01","Niger",3,0,1,4,19,0,0,9,7,8,1,1,9,5,7,3,0,0,45,10,0,0,0,0,0,1,0,0,0,1,1,0,0.00475435816164818,0,0.00158478605388273,0.0063391442155309,0.0301109350237718,0,0,0.0142630744849445,0.0110935023771791,0.0126782884310618,0.00158478605388273,0.00158478605388273,0.0142630744849445,0.00792393026941363,0.0110935023771791,0.00475435816164818,0,0,0.0713153724247227,0.0158478605388273,0,0,0,0,0,0.00158478605388273,0,0,0,0.00158478605388273,0.00158478605388273,0,3,19,0,0,1,18,0,0,0,1,1,0.00475435816164818,0.0301109350237718,0,0,0.00158478605388273,0.0285261489698891,0,0,0,0.00158478605388273,0.00158478605388273,631,458,9,7.03246096478579,0.00158478605388273,0.00316957210776545,631,1,1,1,1,1,1,1
"2022-01-01","Niger",1,0,4,0,16,2,0,12,1,5,0,3,3,1,3,0,0,1,5,4,0,0,0,0,0,0,0,0,0,2,0,0,0.00221729490022173,0,0.00886917960088692,0,0.0354767184035477,0.00443458980044346,0,0.0266075388026608,0.00221729490022173,0.0110864745011086,0,0.00665188470066519,0.00665188470066519,0.00221729490022173,0.00665188470066519,0,0,0.00221729490022173,0.0110864745011086,0.00886917960088692,0,0,0,0,0,0,0,0,0,0.00443458980044346,0,0,8,9,4,0,2,13,0,0,0,1,0,0.0177383592017738,0.0199556541019956,0.00886917960088692,0,0.00443458980044346,0.0288248337028825,0,0,0,0.00221729490022173,0,451,357,7,6.4420939479202,0.00443458980044346,0,451,1,1,1,1,1,1,1
"2022-02-01","Niger",1,0,2,0,14,2,0,11,5,4,0,19,1,1,2,0,1,0,31,3,0,0,0,0,0,0,0,0,0,4,0,0,0.00198807157057654,0,0.00397614314115308,0,0.0278330019880716,0.00397614314115308,0,0.0218687872763419,0.0099403578528827,0.00795228628230616,0,0.0377733598409543,0.00198807157057654,0.00198807157057654,0.00397614314115308,0,0.00198807157057654,0,0.0616302186878728,0.00596421471172962,0,0,0,0,0,0,0,0,0,0.00795228628230616,0,0,2,9,1,0,2,1,0,0,0,4,1,0.00397614314115308,0.0178926441351889,0.00198807157057654,0,0.00397614314115308,0.00198807157057654,0,0,0,0.00795228628230616,0.00198807157057654,503,388,6,7.40758095460386,0.00795228628230616,0,503,1,1,1,1,1,1,1
"2022-03-01","Niger",1,0,4,0,16,0,0,5,0,3,0,4,0,3,1,1,0,0,18,7,0,0,2,0,0,0,0,0,0,0,0,0,0.00193423597678917,0,0.00773694390715667,0,0.0309477756286267,0,0,0.00967117988394584,0,0.00580270793036751,0,0.00773694390715667,0,0.00580270793036751,0.00193423597678917,0.00193423597678917,0,0,0.034816247582205,0.0135396518375242,0,0,0.00386847195357834,0,0,0,0,0,0,0,0,0,1,24,0,0,0,9,0,0,1,1,0,0.00193423597678917,0.04642166344294,0,0,0,0.0174081237911025,0,0,0.00193423597678917,0.00193423597678917,0,517,418,6,6.52626614505624,0.00386847195357834,0,517,1,1,1,1,1,1,1
"2022-04-01","Niger",6,3,15,0,11,5,0,5,4,8,1,8,3,1,2,5,1,1,22,3,0,0,0,0,0,0,0,0,1,1,2,1,0.0130434782608696,0.00652173913043478,0.0326086956521739,0,0.0239130434782609,0.0108695652173913,0,0.0108695652173913,0.00869565217391304,0.0173913043478261,0.00217391304347826,0.0173913043478261,0.00652173913043478,0.00217391304347826,0.00434782608695652,0.0108695652173913,0.00217391304347826,0.00217391304347826,0.0478260869565217,0.00652173913043478,0,0,0,0,0,0,0,0,0.00217391304347826,0.00217391304347826,0.00434782608695652,0.00217391304347826,2,25,1,0,1,5,0,0,0,0,1,0.00434782608695652,0.0543478260869565,0.00217391304347826,0,0.00217391304347826,0.0108695652173913,0,0,0,0,0.00217391304347826,460,325,4,7.01656381603614,0.00652173913043478,0.00434782608695652,460,1,1,1,1,1,1,1
"2022-05-01","Niger",3,0,10,1,25,1,0,4,7,4,2,7,2,2,2,2,0,0,21,7,0,0,0,1,0,0,0,0,0,1,0,0,0.0055452865064695,0,0.0184842883548983,0.00184842883548983,0.0462107208872458,0.00184842883548983,0,0.00739371534195933,0.0129390018484288,0.00739371534195933,0.00369685767097967,0.0129390018484288,0.00369685767097967,0.00369685767097967,0.00369685767097967,0.00369685767097967,0,0,0.0388170055452865,0.0129390018484288,0,0,0,0.00184842883548983,0,0,0,0,0,0.00184842883548983,0,0,5,24,0,0,3,2,0,0,0,1,3,0.00924214417744917,0.044362292051756,0,0,0.0055452865064695,0.00369685767097967,0,0,0,0.00184842883548983,0.0055452865064695,541,405,0,6.9724555831429,0.00369685767097967,0,541,1,1,1,1,1,1,1
"2022-06-01","Niger",3,0,4,0,19,1,0,3,4,7,0,0,1,3,0,0,0,0,21,10,0,0,0,0,0,0,0,0,0,0,2,0,0.00587084148727984,0,0.00782778864970646,0,0.0371819960861057,0.00195694716242661,0,0.00587084148727984,0.00782778864970646,0.0136986301369863,0,0,0.00195694716242661,0.00587084148727984,0,0,0,0,0.0410958904109589,0.0195694716242661,0,0,0,0,0,0,0,0,0,0,0.00391389432485323,0,2,16,0,0,2,11,0,0,0,0,3,0.00391389432485323,0.0313111545988258,0,0,0.00391389432485323,0.0215264187866928,0,0,0,0,0.00587084148727984,511,402,2,6.54786232576039,0.00195694716242661,0.00587084148727984,511,1,1,1,1,1,1,1
"2022-07-01","Niger",2,0,7,0,19,0,0,13,0,3,0,3,0,1,0,0,0,0,12,9,0,0,0,0,0,1,0,0,0,1,1,0,0.00422832980972516,0,0.0147991543340381,0,0.040169133192389,0,0,0.0274841437632135,0,0.00634249471458774,0,0.00634249471458774,0,0.00211416490486258,0,0,0,0,0.025369978858351,0.0190274841437632,0,0,0,0,0,0.00211416490486258,0,0,0,0.00211416490486258,0.00211416490486258,0,2,24,0,0,0,6,0,0,0,2,1,0.00422832980972516,0.0507399577167019,0,0,0,0.0126849894291755,0,0,0,0.00422832980972516,0.00211416490486258,473,369,1,6.69586628482958,0.00422832980972516,0.00211416490486258,473,1,1,1,1,1,1,1
"2022-08-01","Niger",2,0,6,1,14,0,0,24,4,0,1,10,4,3,5,0,0,0,14,3,0,0,0,0,0,0,0,0,0,5,0,0,0.00433839479392625,0,0.0130151843817787,0.00216919739696312,0.0303687635574837,0,0,0.052060737527115,0.00867678958785249,0,0.00216919739696312,0.0216919739696312,0.00867678958785249,0.00650759219088937,0.0108459869848156,0,0,0,0.0303687635574837,0.00650759219088937,0,0,0,0,0,0,0,0,0,0.0108459869848156,0,0,2,14,0,0,0,2,0,0,0,1,0,0.00433839479392625,0.0303687635574837,0,0,0,0.00433839479392625,0,0,0,0.00216919739696312,0,461,354,1,7.06774209113209,0.0108459869848156,0,461,1,1,1,1,1,1,1
"2022-09-01","Niger",1,0,8,0,18,0,0,18,0,1,1,1,0,0,15,3,0,1,9,3,1,0,1,0,0,1,0,0,0,0,1,0,0.00194552529182879,0,0.0155642023346304,0,0.0350194552529183,0,0,0.0350194552529183,0,0.00194552529182879,0.00194552529182879,0.00194552529182879,0,0,0.0291828793774319,0.00583657587548638,0,0.00194552529182879,0.0175097276264591,0.00583657587548638,0.00194552529182879,0,0.00194552529182879,0,0,0.00194552529182879,0,0,0,0,0.00194552529182879,0,5,14,2,0,0,6,1,0,0,0,2,0.00972762645914397,0.0272373540856031,0.00389105058365759,0,0,0.0116731517509728,0.00194552529182879,0,0,0,0.00389105058365759,514,406,0,6.64312697855316,0.00389105058365759,0.00389105058365759,514,1,1,1,1,1,1,1
"2022-10-01","Niger",3,0,8,0,14,2,0,13,1,7,1,1,1,4,5,2,0,0,20,6,0,0,2,0,1,0,0,1,0,0,0,0,0.0056710775047259,0,0.0151228733459357,0,0.0264650283553875,0.00378071833648393,0,0.0245746691871456,0.00189035916824197,0.0132325141776938,0.00189035916824197,0.00189035916824197,0.00189035916824197,0.00756143667296786,0.00945179584120983,0.00378071833648393,0,0,0.0378071833648393,0.0113421550094518,0,0,0.00378071833648393,0,0.00189035916824197,0,0,0.00189035916824197,0,0,0,0,4,14,1,0,0,5,0,0,0,0,3,0.00756143667296786,0.0264650283553875,0.00189035916824197,0,0,0.00945179584120983,0,0,0,0,0.0056710775047259,529,416,1,6.44000370217632,0.0056710775047259,0.00189035916824197,529,1,1,1,1,1,1,1
"2022-11-01","Niger",1,0,6,0,21,1,0,1,1,4,0,0,1,5,3,1,1,0,14,10,0,0,0,0,0,1,0,0,4,1,0,1,0.00188679245283019,0,0.0113207547169811,0,0.039622641509434,0.00188679245283019,0,0.00188679245283019,0.00188679245283019,0.00754716981132075,0,0,0.00188679245283019,0.00943396226415094,0.00566037735849057,0.00188679245283019,0.00188679245283019,0,0.0264150943396226,0.0188679245283019,0,0,0,0,0,0.00188679245283019,0,0,0.00754716981132075,0.00188679245283019,0,0.00188679245283019,3,24,0,0,1,5,0,0,0,0,2,0.00566037735849057,0.0452830188679245,0,0,0.00188679245283019,0.00943396226415094,0,0,0,0,0.00377358490566038,530,425,2,6.41965113502073,0.00943396226415094,0.00377358490566038,530,1,1,1,1,1,0,1
"2022-12-01","Niger",1,0,9,2,13,0,0,9,9,13,0,2,6,0,0,2,0,0,4,5,0,0,0,1,0,0,0,0,1,0,0,0,0.00213675213675214,0,0.0192307692307692,0.00427350427350427,0.0277777777777778,0,0,0.0192307692307692,0.0192307692307692,0.0277777777777778,0,0.00427350427350427,0.0128205128205128,0,0,0.00427350427350427,0,0,0.00854700854700855,0.0106837606837607,0,0,0,0.00213675213675214,0,0,0,0,0.00213675213675214,0,0,0,4,9,0,0,1,5,0,0,0,0,1,0.00854700854700855,0.0192307692307692,0,0,0.00213675213675214,0.0106837606837607,0,0,0,0,0.00213675213675214,468,378,1,6.23104373730204,0.00427350427350427,0.00213675213675214,468,1,1,1,1,1,0,1
"2023-01-01","Niger",8,0,4,0,18,2,0,4,11,4,0,0,6,2,4,2,0,1,14,2,0,0,0,0,0,0,0,0,0,0,0,0,0.0170575692963753,0,0.00852878464818763,0,0.0383795309168444,0.00426439232409382,0,0.00852878464818763,0.023454157782516,0.00852878464818763,0,0,0.0127931769722814,0.00426439232409382,0.00852878464818763,0.00426439232409382,0,0.00213219616204691,0.0298507462686567,0.00426439232409382,0,0,0,0,0,0,0,0,0,0,0,0,8,8,1,0,0,3,0,0,0,3,0,0.0170575692963753,0.0170575692963753,0.00213219616204691,0,0,0.00639658848614072,0,0,0,0.00639658848614072,0,469,369,2,6.88458279151286,0,0,469,1,1,1,1,1,1,1
"2023-02-01","Niger",1,0,2,0,10,2,0,8,9,3,1,0,5,1,4,0,0,0,17,3,0,0,0,0,0,0,0,0,1,0,0,0,0.00256410256410256,0,0.00512820512820513,0,0.0256410256410256,0.00512820512820513,0,0.0205128205128205,0.0230769230769231,0.00769230769230769,0.00256410256410256,0,0.0128205128205128,0.00256410256410256,0.0102564102564103,0,0,0,0.0435897435897436,0.00769230769230769,0,0,0,0,0,0,0,0,0.00256410256410256,0,0,0,2,22,3,0,3,2,0,0,0,0,0,0.00512820512820513,0.0564102564102564,0.00769230769230769,0,0.00769230769230769,0.00512820512820513,0,0,0,0,0,390,298,0,6.98977253304338,0.00256410256410256,0,390,1,1,1,1,1,1,1
"2023-03-01","Niger",2,0,8,0,16,0,0,4,4,5,0,5,1,4,1,1,0,0,8,8,0,0,1,1,0,3,0,1,1,4,0,1,0.00375234521575985,0,0.0150093808630394,0,0.0300187617260788,0,0,0.0075046904315197,0.0075046904315197,0.00938086303939963,0,0.00938086303939963,0.00187617260787992,0.0075046904315197,0.00187617260787992,0.00187617260787992,0,0,0.0150093808630394,0.0150093808630394,0,0,0.00187617260787992,0.00187617260787992,0,0.00562851782363977,0,0.00187617260787992,0.00187617260787992,0.0075046904315197,0,0.00187617260787992,1,25,0,0,0,0,0,0,0,0,0,0.00187617260787992,0.0469043151969981,0,0,0,0,0,0,0,0,0,533,441,6,6.31412601839839,0.0131332082551595,0.0112570356472795,533,1,1,1,1,1,1,0
"2023-04-01","Niger",0,1,2,0,6,0,0,6,4,1,0,1,2,1,2,1,0,0,10,4,0,0,0,0,2,3,1,0,0,0,0,0,0,0.00318471337579618,0.00636942675159236,0,0.0191082802547771,0,0,0.0191082802547771,0.0127388535031847,0.00318471337579618,0,0.00318471337579618,0.00636942675159236,0.00318471337579618,0.00636942675159236,0.00318471337579618,0,0,0.0318471337579618,0.0127388535031847,0,0,0,0,0.00636942675159236,0.00955414012738853,0.00318471337579618,0,0,0,0,0,3,8,0,0,0,3,0,0,0,1,4,0.00955414012738853,0.0254777070063694,0,0,0,0.00955414012738853,0,0,0,0.00318471337579618,0.0127388535031847,314,255,4,6.64038627685287,0.00318471337579618,0.0159235668789809,314,1,1,1,1,1,1,0
"2023-05-01","Niger",3,0,10,0,30,0,0,4,4,6,0,3,2,2,0,0,0,0,8,4,0,0,1,0,0,2,0,0,0,0,0,0,0.00656455142231947,0,0.0218818380743982,0,0.0656455142231947,0,0,0.0087527352297593,0.0087527352297593,0.0131291028446389,0,0.00656455142231947,0.00437636761487965,0.00437636761487965,0,0,0,0,0.0175054704595186,0.0087527352297593,0,0,0.00218818380743982,0,0,0.00437636761487965,0,0,0,0,0,0,5,23,1,0,0,5,0,0,0,0,3,0.0109409190371991,0.050328227571116,0.00218818380743982,0,0,0.0109409190371991,0,0,0,0,0.00656455142231947,457,345,1,6.43379609848613,0.00218818380743982,0.00437636761487965,457,1,1,1,1,1,1,1
"2023-06-01","Niger",2,2,11,0,14,0,0,16,2,4,0,0,1,3,0,3,0,0,4,3,0,0,0,0,0,1,0,1,0,1,0,0,0.00464037122969838,0.00464037122969838,0.0255220417633411,0,0.0324825986078886,0,0,0.037122969837587,0.00464037122969838,0.00928074245939675,0,0,0.00232018561484919,0.00696055684454756,0,0.00696055684454756,0,0,0.00928074245939675,0.00696055684454756,0,0,0,0,0,0.00232018561484919,0,0.00232018561484919,0,0.00232018561484919,0,0,2,20,0,0,0,7,0,0,0,1,0,0.00464037122969838,0.0464037122969838,0,0,0,0.0162412993039443,0,0,0,0.00232018561484919,0,431,337,4,5.97022771616078,0.00232018561484919,0.00464037122969838,431,1,1,1,1,1,1,1
"2023-07-01","Niger",8,0,3,1,18,163,0,5,2,3,1,3,1,1,14,2,0,13,5,2,1,2,19,1,1,2,0,2,0,1,0,2,0.0104302477183833,0,0.00391134289439374,0.00130378096479791,0.0234680573663625,0.21251629726206,0,0.00651890482398957,0.00260756192959583,0.00391134289439374,0.00130378096479791,0.00391134289439374,0.00130378096479791,0.00130378096479791,0.0182529335071708,0.00260756192959583,0,0.0169491525423729,0.00651890482398957,0.00260756192959583,0.00130378096479791,0.00260756192959583,0.0247718383311604,0.00130378096479791,0.00130378096479791,0.00260756192959583,0,0.00260756192959583,0,0.00130378096479791,0,0.00260756192959583,5,16,0,0,1,1,0,0,0,0,1,0.00651890482398957,0.0208604954367666,0,0,0.00130378096479791,0.00130378096479791,0,0,0,0,0.00130378096479791,767,498,6,5.7412940440363,0.0365058670143416,0.00782268578878748,767,1,1,1,1,1,1,0
"2023-08-01","Niger",4,12,6,1,91,239,0,14,20,9,2,32,3,2,23,44,0,28,23,3,0,1,57,3,1,3,5,1,6,6,0,1,0.00253646163601776,0.00760938490805327,0.00380469245402663,0.000634115409004439,0.0577045022194039,0.151553582752061,0,0.00887761572606214,0.0126823081800888,0.00570703868103995,0.00126823081800888,0.020291693088142,0.00190234622701332,0.00126823081800888,0.0145846544071021,0.0279010779961953,0,0.0177552314521243,0.0145846544071021,0.00190234622701332,0,0.000634115409004439,0.036144578313253,0.00190234622701332,0.000634115409004439,0.00190234622701332,0.00317057704502219,0.000634115409004439,0.00380469245402663,0.00380469245402663,0,0.000634115409004439,1,16,1,0,1,1,1,1,0,2,0,0.000634115409004439,0.010145846544071,0.000634115409004439,0,0.000634115409004439,0.000634115409004439,0.000634115409004439,0.000634115409004439,0,0.00126823081800888,0,1577,1001,6,5.50728670907241,0.0589727330374128,0.00380469245402663,1577,1,1,1,1,1,1,0
"2023-09-01","Niger",8,1,4,0,37,24,0,8,4,6,0,48,0,4,22,17,0,8,20,5,0,0,3,1,0,0,1,0,0,1,0,0,0.0103092783505155,0.00128865979381443,0.00515463917525773,0,0.047680412371134,0.0309278350515464,0,0.0103092783505155,0.00515463917525773,0.0077319587628866,0,0.0618556701030928,0,0.00515463917525773,0.0283505154639175,0.0219072164948454,0,0.0103092783505155,0.0257731958762887,0.00644329896907216,0,0,0.0038659793814433,0.00128865979381443,0,0,0.00128865979381443,0,0,0.00128865979381443,0,0,2,7,0,0,0,1,0,1,0,0,0,0.00257731958762887,0.00902061855670103,0,0,0,0.00128865979381443,0,0.00128865979381443,0,0,0,776,549,7,6.79847060125264,0.00902061855670103,0.00128865979381443,776,1,1,1,1,1,1,0
"2023-10-01","Niger",6,1,1,0,21,30,0,6,7,6,0,57,2,2,2,8,0,1,17,4,0,0,1,0,0,0,1,0,0,1,0,1,0.0106951871657754,0.0017825311942959,0.0017825311942959,0,0.0374331550802139,0.053475935828877,0,0.0106951871657754,0.0124777183600713,0.0106951871657754,0,0.101604278074866,0.0035650623885918,0.0035650623885918,0.0035650623885918,0.0142602495543672,0,0.0017825311942959,0.0303030303030303,0.0071301247771836,0,0,0.0017825311942959,0,0,0,0.0017825311942959,0,0,0.0017825311942959,0,0.0017825311942959,5,14,0,0,0,2,0,0,0,1,0,0.0089126559714795,0.0249554367201426,0,0,0,0.0035650623885918,0,0,0,0.0017825311942959,0,561,368,3,7.41959448131429,0.0035650623885918,0.0035650623885918,561,1,1,1,1,1,1,0
"2023-11-01","Niger",2,1,2,0,17,7,0,3,12,13,0,1,2,0,7,1,0,4,6,3,0,0,0,0,0,0,0,2,0,0,0,0,0.00467289719626168,0.00233644859813084,0.00467289719626168,0,0.0397196261682243,0.0163551401869159,0,0.00700934579439252,0.0280373831775701,0.0303738317757009,0,0.00233644859813084,0.00467289719626168,0,0.0163551401869159,0.00233644859813084,0,0.00934579439252336,0.014018691588785,0.00700934579439252,0,0,0,0,0,0,0,0.00467289719626168,0,0,0,0,6,4,1,0,0,7,0,0,0,0,1,0.014018691588785,0.00934579439252336,0.00233644859813084,0,0,0.0163551401869159,0,0,0,0,0.00233644859813084,428,330,3,5.9983935923619,0,0.00467289719626168,428,1,1,1,1,1,1,0
"2023-12-01","Niger",1,0,3,2,33,8,0,2,10,3,0,17,2,6,1,8,2,4,4,2,0,1,2,3,0,0,0,0,8,1,0,0,0.00194931773879142,0,0.00584795321637427,0.00389863547758285,0.064327485380117,0.0155945419103314,0,0.00389863547758285,0.0194931773879142,0.00584795321637427,0,0.0331384015594542,0.00389863547758285,0.0116959064327485,0.00194931773879142,0.0155945419103314,0.00389863547758285,0.00779727095516569,0.00779727095516569,0.00389863547758285,0,0.00194931773879142,0.00389863547758285,0.00584795321637427,0,0,0,0,0.0155945419103314,0.00194931773879142,0,0,2,9,1,0,1,6,0,0,0,0,0,0.00389863547758285,0.0175438596491228,0.00194931773879142,0,0.00194931773879142,0.0116959064327485,0,0,0,0,0,513,387,9,6.28153157611959,0.0292397660818713,0,513,1,1,1,1,1,1,1
"2024-01-01","Niger",3,1,3,1,26,8,0,8,3,2,0,0,2,2,2,2,0,3,14,4,0,0,1,2,0,0,0,1,2,1,0,0,0.00656455142231947,0.00218818380743982,0.00656455142231947,0.00218818380743982,0.0568927789934354,0.0175054704595186,0,0.0175054704595186,0.00656455142231947,0.00437636761487965,0,0,0.00437636761487965,0.00437636761487965,0.00437636761487965,0.00437636761487965,0,0.00656455142231947,0.0306345733041575,0.0087527352297593,0,0,0.00218818380743982,0.00437636761487965,0,0,0,0.00218818380743982,0.00437636761487965,0.00218818380743982,0,0,6,12,2,0,5,4,0,0,0,0,0,0.0131291028446389,0.0262582056892779,0.00437636761487965,0,0.0109409190371991,0.0087527352297593,0,0,0,0,0,457,347,4,6.46117655745666,0.0196936542669584,0,457,1,1,1,1,1,1,1
"2024-02-01","Niger",2,2,5,1,24,7,1,11,4,3,2,1,1,1,3,1,0,3,1,4,0,0,0,0,0,1,0,0,1,0,0,0,0.00460829493087558,0.00460829493087558,0.0115207373271889,0.00230414746543779,0.0552995391705069,0.0161290322580645,0.00230414746543779,0.0253456221198157,0.00921658986175115,0.00691244239631336,0.00460829493087558,0.00230414746543779,0.00230414746543779,0.00230414746543779,0.00691244239631336,0.00230414746543779,0,0.00691244239631336,0.00230414746543779,0.00921658986175115,0,0,0,0,0,0.00230414746543779,0,0,0.00230414746543779,0,0,0,7,14,0,0,1,2,0,0,0,0,0,0.0161290322580645,0.032258064516129,0,0,0.00230414746543779,0.00460829493087558,0,0,0,0,0,434,334,3,6.26419382773202,0.00230414746543779,0.00230414746543779,434,1,1,1,0,1,1,1
"2024-03-01","Niger",1,0,8,0,30,4,0,2,1,1,1,1,1,1,1,2,0,1,12,0,0,0,1,1,0,0,0,2,5,0,0,0,0.00240963855421687,0,0.0192771084337349,0,0.072289156626506,0.00963855421686747,0,0.00481927710843374,0.00240963855421687,0.00240963855421687,0.00240963855421687,0.00240963855421687,0.00240963855421687,0.00240963855421687,0.00240963855421687,0.00481927710843374,0,0.00240963855421687,0.0289156626506024,0,0,0,0.00240963855421687,0.00240963855421687,0,0,0,0.00481927710843374,0.0120481927710843,0,0,0,1,16,1,0,1,1,0,0,0,0,1,0.00240963855421687,0.0385542168674699,0.00240963855421687,0,0.00240963855421687,0.00240963855421687,0,0,0,0,0.00240963855421687,415,327,12,6.53435658698098,0.0192771084337349,0.0072289156626506,415,1,1,1,0,1,1,1
"2024-04-01","Niger",8,1,3,0,24,4,0,2,6,2,0,15,2,0,15,1,0,0,16,10,8,0,0,0,0,0,0,0,3,2,0,0,0.0190023752969121,0.00237529691211401,0.00712589073634204,0,0.0570071258907363,0.00950118764845606,0,0.00475059382422803,0.0142517814726841,0.00475059382422803,0,0.0356294536817102,0.00475059382422803,0,0.0356294536817102,0.00237529691211401,0,0,0.0380047505938242,0.0237529691211401,0.0190023752969121,0,0,0,0,0,0,0,0.00712589073634204,0.00475059382422803,0,0,5,19,3,0,2,1,0,0,0,0,0,0.0118764845605701,0.0451306413301663,0.00712589073634204,0,0.00475059382422803,0.00237529691211401,0,0,0,0,0,421,285,16,7.84817356196045,0.0308788598574822,0.00237529691211401,421,1,1,1,0,1,1,1
"2024-05-01","Niger",6,1,4,0,32,9,0,6,4,1,1,21,0,8,6,0,1,2,9,5,2,2,0,1,1,0,0,2,0,18,0,1,0.012448132780083,0.0020746887966805,0.00829875518672199,0,0.0663900414937759,0.0186721991701245,0,0.012448132780083,0.00829875518672199,0.0020746887966805,0.0020746887966805,0.0435684647302905,0,0.016597510373444,0.012448132780083,0,0.0020746887966805,0.004149377593361,0.0186721991701245,0.0103734439834025,0.004149377593361,0.004149377593361,0,0.0020746887966805,0.0020746887966805,0,0,0.004149377593361,0,0.037344398340249,0,0.0020746887966805,5,26,1,0,2,2,0,0,0,0,0,0.0103734439834025,0.0539419087136929,0.0020746887966805,0,0.004149377593361,0.004149377593361,0,0,0,0,0,482,331,15,6.86170538922328,0.0518672199170125,0.004149377593361,482,1,1,1,0,1,1,1
"2024-06-01","Niger",3,1,1,0,24,10,1,9,7,7,0,8,1,3,3,2,0,1,7,5,0,2,1,1,1,3,0,1,1,0,0,0,0.00714285714285714,0.00238095238095238,0.00238095238095238,0,0.0571428571428571,0.0238095238095238,0.00238095238095238,0.0214285714285714,0.0166666666666667,0.0166666666666667,0,0.019047619047619,0.00238095238095238,0.00714285714285714,0.00714285714285714,0.00476190476190476,0,0.00238095238095238,0.0166666666666667,0.0119047619047619,0,0.00476190476190476,0.00238095238095238,0.00238095238095238,0.00238095238095238,0.00714285714285714,0,0.00238095238095238,0.00238095238095238,0,0,0,3,29,2,0,1,6,0,0,0,0,1,0.00714285714285714,0.0690476190476191,0.00476190476190476,0,0.00238095238095238,0.0142857142857143,0,0,0,0,0.00238095238095238,420,283,5,6.09615148985728,0.00952380952380952,0.0142857142857143,420,1,1,1,0,1,1,1
