"date","country","arrest","censor","electionactivity","electionirregularities","cooperate","coup","defamationcase","disaster","legalaction","legalchange","martiallaw","mobilizesecurity","corruption","activism","protest","purge","raid","threaten","violencelethal","violencenonlethal","diplomatic_recognition","diplomatic_sanction","diplomatic_statement","diplomatic_visit","economic_aid_assistance","investment","joint_security_force_exercise","political_process_policy_intervention","professional_cultural_exchange","security_cooperation","security_force_facility_presence","trade_financial_sanction","arrestNorm","censorNorm","electionactivityNorm","electionirregularitiesNorm","cooperateNorm","coupNorm","defamationcaseNorm","disasterNorm","legalactionNorm","legalchangeNorm","martiallawNorm","mobilizesecurityNorm","corruptionNorm","activismNorm","protestNorm","purgeNorm","raidNorm","threatenNorm","violencelethalNorm","violencenonlethalNorm","diplomatic_recognitionNorm","diplomatic_sanctionNorm","diplomatic_statementNorm","diplomatic_visitNorm","economic_aid_assistanceNorm","investmentNorm","joint_security_force_exerciseNorm","political_process_policy_interventionNorm","professional_cultural_exchangeNorm","security_cooperationNorm","security_force_facility_presenceNorm","trade_financial_sanctionNorm","ncr_arrest","ncr_cooperate","ncr_corruption","ncr_defamationcase","ncr_legalaction","ncr_legalchange","ncr_purge","ncr_raid","ncr_threaten","ncr_violencelethal","ncr_violencenonlethal","ncr_arrestNorm","ncr_cooperateNorm","ncr_corruptionNorm","ncr_defamationcaseNorm","ncr_legalactionNorm","ncr_legalchangeNorm","ncr_purgeNorm","ncr_raidNorm","ncr_threatenNorm","ncr_violencelethalNorm","ncr_violencenonlethalNorm","article_total","cs_999","rai_999","f1","rus_influence","chn_influence","data_temp","solomonstarnews.com","solomontimes.com","sibconline.com.sb"
"2012-01-01","Solomon Islands",0,0,0,0,0,3,0,4,0,0,0,2,0,1,1,0,0,0,0,0,0,0,0,0,0,0,0,0,0,0,0,0,0,0,0,0,0,0.075,0,0.1,0,0,0,0.05,0,0.025,0.025,0,0,0,0,0,0,0,0,0,0,0,0,0,0,0,0,0,0,0,0,0,0,0,0,0,0,0,0,0,0,0,0,0,0,0,0,0,0,0,40,23,40,12.4525456585937,0,0,40,0,1,0
"2012-02-01","Solomon Islands",0,0,0,0,0,0,0,3,0,0,0,0,0,1,0,0,0,0,0,0,1,0,0,0,0,0,0,0,0,0,0,0,0,0,0,0,0,0,0,0.09375,0,0,0,0,0,0.03125,0,0,0,0,0,0,0.03125,0,0,0,0,0,0,0,0,0,0,0,0,0,0,0,0,0,0,0,0,0,0,0,0,0,0,0,0,0,0,0,0,0,32,18,31,6.74393534609143,0.03125,0,32,0,1,0
"2012-03-01","Solomon Islands",0,0,0,0,0,0,0,3,0,0,0,0,0,0,0,0,0,0,0,0,0,0,0,0,0,0,0,0,0,0,0,0,0,0,0,0,0,0,0,0.0697674418604651,0,0,0,0,0,0,0,0,0,0,0,0,0,0,0,0,0,0,0,0,0,0,0,0,0,0,0,0,0,0,0,0,0,0,0,0,0,0,0,0,0,0,0,0,0,0,43,26,43,6.28177297297465,0.0232558139534884,0,43,0,1,0
"2012-04-01","Solomon Islands",0,0,0,0,0,0,0,0,0,0,1,0,0,0,0,0,0,0,0,0,0,0,0,0,0,0,0,0,0,0,0,0,0,0,0,0,0,0,0,0,0,0,0.0212765957446809,0,0,0,0,0,0,0,0,0,0,0,0,0,0,0,0,0,0,0,0,0,0,0,0,0,0,0,0,0,0,0,0,0,0,0,0,0,0,0,0,0,0,0,47,36,47,6.4056682938289,0,0,47,0,1,0
"2012-05-01","Solomon Islands",0,1,0,0,0,0,0,2,0,0,0,0,0,1,0,0,0,0,0,0,0,0,0,0,0,0,0,0,0,0,0,0,0,0.0285714285714286,0,0,0,0,0,0.0571428571428571,0,0,0,0,0,0.0285714285714286,0,0,0,0,0,0,0,0,0,0,0,0,0,0,0,0,0,0,0,0,0,0,0,0,0,0,0,0,0,0,0,0,0,0,0,0,0,0,0,0,35,25,34,6.82365059715305,0,0.0571428571428571,35,0,1,0
"2012-06-01","Solomon Islands",0,0,1,0,0,0,0,3,0,0,0,0,0,0,0,0,0,0,0,0,0,0,0,0,0,0,0,0,0,0,0,0,0,0,0.0232558139534884,0,0,0,0,0.0697674418604651,0,0,0,0,0,0,0,0,0,0,0,0,0,0,0,0,0,0,0,0,0,0,0,0,0,0,0,0,0,0,0,0,0,0,0,0,0,0,0,0,0,0,0,0,0,0,43,30,43,6.28177297297465,0.0465116279069767,0,43,1,1,0
"2012-07-01","Solomon Islands",0,0,2,0,0,0,0,3,0,0,0,0,0,1,2,0,0,0,0,0,0,0,0,0,0,0,0,0,0,0,0,0,0,0,0.021978021978022,0,0,0,0,0.032967032967033,0,0,0,0,0,0.010989010989011,0.021978021978022,0,0,0,0,0,0,0,0,0,0,0,0,0,0,0,0,0,0,0,0,0,0,0,0,0,0,0,0,0,0,0,0,0,0,0,0,0,0,0,91,71,91,6.95722957914157,0,0,91,1,1,0
"2012-08-01","Solomon Islands",0,0,6,0,0,0,0,5,0,1,0,1,0,1,0,0,0,0,0,0,0,0,0,0,0,0,0,0,0,0,0,0,0,0,0.0714285714285714,0,0,0,0,0.0595238095238095,0,0.0119047619047619,0,0.0119047619047619,0,0.0119047619047619,0,0,0,0,0,0,0,0,0,0,0,0,0,0,0,0,0,0,0,0,0,0,0,0,0,0,0,0,0,0,0,0,0,0,0,0,0,0,0,0,84,53,84,7.46310973906643,0,0.0119047619047619,84,1,1,0
"2012-09-01","Solomon Islands",0,1,3,0,1,1,0,1,0,0,0,0,0,0,0,0,0,0,0,0,0,0,0,0,0,0,0,0,0,0,0,0,0,0.0133333333333333,0.04,0,0.0133333333333333,0.0133333333333333,0,0.0133333333333333,0,0,0,0,0,0,0,0,0,0,0,0,0,0,0,0,0,0,0,0,0,0,0,0,1,0,0,0,1,0,0,0,0,0,0,0.0133333333333333,0,0,0,0.0133333333333333,0,0,0,0,0,0,75,55,75,6.97072643849289,0,0,75,1,1,0
"2012-10-01","Solomon Islands",0,0,0,1,0,0,0,1,0,0,0,0,0,1,0,0,0,0,0,0,0,0,0,0,0,0,0,0,0,0,0,0,0,0,0,0.0172413793103448,0,0,0,0.0172413793103448,0,0,0,0,0,0.0172413793103448,0,0,0,0,0,0,0,0,0,0,0,0,0,0,0,0,0,0,0,0,0,0,0,0,0,0,0,0,0,0,0,0,0,0,0,0,0,0,0,0,58,37,58,6.53675910986667,0.0344827586206897,0,58,1,1,0
"2012-11-01","Solomon Islands",1,0,1,0,0,0,0,0,0,0,0,1,0,1,0,0,0,0,0,0,0,0,0,0,0,0,0,0,0,0,0,0,0.0142857142857143,0,0.0142857142857143,0,0,0,0,0,0,0,0,0.0142857142857143,0,0.0142857142857143,0,0,0,0,0,0,0,0,0,0,0,0,0,0,0,0,0,0,0,0,0,0,0,0,0,0,0,0,0,0,0,0,0,0,0,0,0,0,0,0,70,51,70,6.59542280300025,0,0,70,1,1,0
"2012-12-01","Solomon Islands",0,0,0,0,0,0,0,4,0,0,0,2,0,1,1,0,0,0,1,0,0,0,0,0,0,0,0,0,0,0,0,0,0,0,0,0,0,0,0,0.105263157894737,0,0,0,0.0526315789473684,0,0.0263157894736842,0.0263157894736842,0,0,0,0.0263157894736842,0,0,0,0,0,0,0,0,0,0,0,0,0,0,0,0,0,0,0,0,0,0,0,0,0,0,0,0,0,0,0,0,0,0,0,38,26,38,10.9986877648265,0,0,38,0,1,0
"2013-01-01","Solomon Islands",0,0,2,0,0,0,0,2,0,0,0,0,0,1,5,0,0,0,0,0,0,0,0,0,0,0,0,0,0,0,0,0,0,0,0.0666666666666667,0,0,0,0,0.0666666666666667,0,0,0,0,0,0.0333333333333333,0.166666666666667,0,0,0,0,0,0,0,0,0,0,0,0,0,0,0,0,0,0,0,1,0,2,0,0,0,0,0,0,0,0,0.0333333333333333,0,0.0666666666666667,0,0,0,0,0,0,30,15,30,10.6645257727536,0,0,30,1,1,0
"2013-02-01","Solomon Islands",0,0,3,1,0,0,0,46,0,0,1,0,0,0,0,0,0,0,0,0,0,0,0,0,0,0,0,0,0,0,0,0,0,0,0.0365853658536585,0.0121951219512195,0,0,0,0.560975609756098,0,0,0.0121951219512195,0,0,0,0,0,0,0,0,0,0,0,0,0,0,0,0,0,0,0,0,0,0,0,0,0,0,0,0,0,0,0,0,0,0,0,0,0,0,0,0,0,0,0,82,25,82,6.3527861446838,0,0,82,1,1,0
"2013-03-01","Solomon Islands",0,0,1,0,0,0,0,2,1,0,1,0,0,1,1,0,0,1,0,0,0,0,0,0,0,0,0,0,0,0,0,0,0,0,0.0263157894736842,0,0,0,0,0.0526315789473684,0.0263157894736842,0,0.0263157894736842,0,0,0.0263157894736842,0.0263157894736842,0,0,0.0263157894736842,0,0,0,0,0,0,0,0,0,0,0,0,0,0,0,0,0,0,0,0,0,0,0,0,0,0,0,0,0,0,0,0,0,0,0,0,38,18,38,10.7202533081204,0,0,38,0,1,0
"2013-04-01","Solomon Islands",0,0,1,0,1,0,0,6,0,0,0,3,0,1,1,0,0,1,0,0,0,0,0,0,0,2,0,0,0,1,0,0,0,0,0.0166666666666667,0,0.0166666666666667,0,0,0.1,0,0,0,0.05,0,0.0166666666666667,0.0166666666666667,0,0,0.0166666666666667,0,0,0,0,0,0,0,0.0333333333333333,0,0,0,0.0166666666666667,0,0,0,0,0,0,0,0,0,0,0,0,2,0,0,0,0,0,0,0,0,0,0,0.0333333333333333,60,33,57,9.60429561155077,0.1,0,60,0,1,0
"2013-05-01","Solomon Islands",0,0,2,0,0,0,0,2,0,0,1,0,0,1,0,0,0,0,0,0,0,0,0,0,0,0,0,0,0,0,0,0,0,0,0.0327868852459016,0,0,0,0,0.0327868852459016,0,0,0.0163934426229508,0,0,0.0163934426229508,0,0,0,0,0,0,0,0,0,0,0,0,0,0,0,0,0,0,0,0,0,0,0,0,0,0,0,0,1,0,0,0,0,0,0,0,0,0,0,0.0163934426229508,61,45,61,6.61967913723509,0,0,61,0,1,0
"2013-06-01","Solomon Islands",0,0,0,0,0,0,0,3,0,0,0,1,0,0,0,0,0,0,0,0,0,0,0,0,0,0,0,0,0,0,0,0,0,0,0,0,0,0,0,0.0681818181818182,0,0,0,0.0227272727272727,0,0,0,0,0,0,0,0,0,0,0,0,0,0,0,0,0,0,0,0,0,0,2,0,2,0,0,0,0,0,0,0,0,0.0454545454545455,0,0.0454545454545455,0,0,0,0,0,0,44,28,44,7.03425100538617,0.0227272727272727,0,44,1,1,0
"2013-07-01","Solomon Islands",0,0,1,0,0,0,0,2,0,1,0,1,0,2,3,0,0,0,0,0,0,0,0,0,0,0,0,0,0,0,0,0,0,0,0.0166666666666667,0,0,0,0,0.0333333333333333,0,0.0166666666666667,0,0.0166666666666667,0,0.0333333333333333,0.05,0,0,0,0,0,0,0,0,0,0,0,0,0,0,0,0,0,1,0,0,0,0,0,0,0,0,0,0,0.0166666666666667,0,0,0,0,0,0,0,0,0,0,60,36,60,9.34906492503506,0.0166666666666667,0,60,1,1,0
"2013-08-01","Solomon Islands",0,0,3,0,0,0,0,1,0,0,0,1,0,1,0,0,0,0,0,0,0,0,0,0,0,0,0,0,0,0,0,0,0,0,0.0447761194029851,0,0,0,0,0.0149253731343284,0,0,0,0.0149253731343284,0,0.0149253731343284,0,0,0,0,0,0,0,0,0,0,0,0,0,0,0,0,0,0,0,1,0,0,0,0,0,0,0,0,0,0,0.0149253731343284,0,0,0,0,0,0,0,0,0,67,38,67,6.99667191873352,0,0,67,1,1,0
"2013-09-01","Solomon Islands",0,0,1,1,0,1,0,1,0,1,0,0,1,3,0,0,0,0,1,0,0,0,0,0,0,0,0,0,0,0,0,0,0,0,0.0196078431372549,0.0196078431372549,0,0.0196078431372549,0,0.0196078431372549,0,0.0196078431372549,0,0,0.0196078431372549,0.0588235294117647,0,0,0,0,0.0196078431372549,0,0,0,0,0,0,0,0,0,0,0,0,0,0,0,0,0,0,0,0,0,0,0,0,0,0,0,0,0,0,0,0,0,0,0,51,25,51,12.4131407522326,0,0,51,1,1,0
"2013-10-01","Solomon Islands",0,0,3,1,0,0,0,1,0,0,0,0,0,0,1,0,0,0,0,0,0,0,0,0,0,0,0,0,0,0,0,0,0,0,0.0476190476190476,0.0158730158730159,0,0,0,0.0158730158730159,0,0,0,0,0,0,0.0158730158730159,0,0,0,0,0,0,0,0,0,0,0,0,0,0,0,0,0,0,0,0,0,3,0,0,0,0,0,0,0,0,0,0,0.0476190476190476,0,0,0,0,0,0,63,45,63,6.65222817314491,0.0158730158730159,0,63,1,1,0
"2013-11-01","Solomon Islands",0,0,0,0,0,0,0,2,0,0,0,1,0,0,1,0,0,0,0,0,0,0,0,0,1,0,0,0,0,0,0,0,0,0,0,0,0,0,0,0.05,0,0,0,0.025,0,0,0.025,0,0,0,0,0,0,0,0,0,0.025,0,0,0,0,0,0,0,0,0,0,0,0,0,0,0,0,0,0,0,0,0,0,0,0,0,0,0,0,0,40,30,39,7.69296574889548,0.025,0.025,40,1,1,0
"2013-12-01","Solomon Islands",0,0,0,0,0,0,0,7,0,0,0,0,0,2,0,0,0,0,0,0,0,0,0,0,0,0,0,0,0,0,0,0,0,0,0,0,0,0,0,0.175,0,0,0,0,0,0.05,0,0,0,0,0,0,0,0,0,0,0,0,0,0,0,0,0,0,0,0,0,0,0,0,0,0,0,0,0,0,0,0,0,0,0,0,0,0,0,0,40,20,40,7.0212327699615,0,0,40,1,1,1
"2014-01-01","Solomon Islands",0,0,9,1,0,0,0,12,0,0,0,0,0,0,1,1,0,0,0,0,0,0,0,0,0,0,0,0,0,0,0,0,0,0,0.0548780487804878,0.00609756097560976,0,0,0,0.0731707317073171,0,0,0,0,0,0,0.00609756097560976,0.00609756097560976,0,0,0,0,0,0,0,0,0,0,0,0,0,0,0,0,0,0,0,0,0,0,0,0,0,0,0,0,0,0,0,0,0,0,0,0,0,0,164,114,164,6.77242948927567,0,0,164,1,1,1
"2014-02-01","Solomon Islands",0,0,3,0,0,0,0,6,1,0,0,0,0,1,0,0,0,0,1,0,0,0,0,0,0,0,0,0,0,0,0,0,0,0,0.0163934426229508,0,0,0,0,0.0327868852459016,0.00546448087431694,0,0,0,0,0.00546448087431694,0,0,0,0,0.00546448087431694,0,0,0,0,0,0,0,0,0,0,0,0,0,0,0,0,0,0,0,0,0,0,0,0,0,0,0,0,0,0,0,0,0,0,0,183,132,183,7.11511140055153,0,0,183,1,1,1
"2014-03-01","Solomon Islands",0,0,14,15,0,0,0,3,0,0,0,2,0,3,1,0,0,0,0,0,0,0,0,0,0,0,0,0,0,0,0,0,0,0,0.0474576271186441,0.0508474576271186,0,0,0,0.0101694915254237,0,0,0,0.00677966101694915,0,0.0101694915254237,0.00338983050847458,0,0,0,0,0,0,0,0,0,0,0,0,0,0,0,0,0,0,0,0,0,0,0,0,0,0,0,0,0,0,0,0,0,0,0,0,0,0,0,295,190,295,6.73575376037177,0,0,295,1,1,1
"2014-04-01","Solomon Islands",0,2,5,5,0,0,0,148,1,0,2,5,0,17,0,0,0,0,0,0,0,0,0,0,0,1,0,0,0,0,0,0,0,0.00369685767097967,0.00924214417744917,0.00924214417744917,0,0,0,0.273567467652495,0.00184842883548983,0,0.00369685767097967,0.00924214417744917,0,0.0314232902033272,0,0,0,0,0,0,0,0,0,0,0,0.00184842883548983,0,0,0,0,0,0,0,1,0,0,0,0,0,0,0,0,0,0,0.00184842883548983,0,0,0,0,0,0,0,0,0,541,296,540,7.20557263045805,0.00184842883548983,0,541,1,1,1
"2014-05-01","Solomon Islands",0,0,12,8,0,1,0,25,0,0,0,10,0,9,2,0,0,0,0,1,0,0,0,0,0,0,0,0,0,0,0,0,0,0,0.0282352941176471,0.0188235294117647,0,0.00235294117647059,0,0.0588235294117647,0,0,0,0.0235294117647059,0,0.0211764705882353,0.00470588235294118,0,0,0,0,0.00235294117647059,0,0,0,0,0,0,0,0,0,0,0,0,0,0,0,0,0,0,0,0,0,0,0,0,0,0,0,0,0,0,0,0,0,0,425,251,425,7.77615110025742,0,0.00235294117647059,425,1,1,1
"2014-06-01","Solomon Islands",0,0,6,7,0,0,0,26,0,0,1,1,1,6,1,1,0,0,0,0,0,0,0,0,0,0,0,0,0,0,0,0,0,0,0.0112781954887218,0.0131578947368421,0,0,0,0.0488721804511278,0,0,0.0018796992481203,0.0018796992481203,0.0018796992481203,0.0112781954887218,0.0018796992481203,0.0018796992481203,0,0,0,0,0,0,0,0,0,0,0,0,0,0,0,0,0,0,0,0,0,0,0,0,0,0,0,0,0,0,0,0,0,0,0,0,0,0,532,363,531,6.85083548624546,0,0.0037593984962406,532,1,1,1
"2014-07-01","Solomon Islands",0,0,15,4,0,0,0,21,0,0,2,4,0,4,2,0,0,0,0,0,0,0,0,0,0,1,0,0,0,0,0,0,0,0,0.029126213592233,0.00776699029126214,0,0,0,0.0407766990291262,0,0,0.00388349514563107,0.00776699029126214,0,0.00776699029126214,0.00388349514563107,0,0,0,0,0,0,0,0,0,0,0.00194174757281553,0,0,0,0,0,0,0,0,0,0,0,0,0,0,0,0,0,0,0,0,0,0,0,0,0,0,0,0,515,372,514,6.76704759985839,0,0.00194174757281553,515,1,1,1
"2014-08-01","Solomon Islands",0,0,13,7,0,0,0,18,0,0,0,2,0,5,0,0,0,0,0,0,0,0,0,0,0,0,0,0,0,0,0,0,0,0,0.0235081374321881,0.0126582278481013,0,0,0,0.0325497287522604,0,0,0,0.00361663652802893,0,0.00904159132007233,0,0,0,0,0,0,0,0,0,0,0,0,0,0,0,0,0,0,3,0,0,0,1,0,0,0,0,0,0,0.0054249547920434,0,0,0,0.00180831826401447,0,0,0,0,0,0,553,356,553,6.53523417831081,0,0.0054249547920434,553,1,1,1
"2014-09-01","Solomon Islands",0,0,30,1,0,1,0,28,0,0,0,1,0,2,2,0,0,0,0,0,0,0,0,0,0,0,0,0,0,0,0,0,0,0,0.0530973451327434,0.00176991150442478,0,0.00176991150442478,0,0.0495575221238938,0,0,0,0.00176991150442478,0,0.00353982300884956,0.00353982300884956,0,0,0,0,0,0,0,0,0,0,0,0,0,0,0,0,0,0,2,0,0,0,0,0,0,1,0,0,0,0.00353982300884956,0,0,0,0,0,0,0.00176991150442478,0,0,565,391,565,6.55940088365499,0,0.00176991150442478,565,1,1,1
"2014-10-01","Solomon Islands",1,0,49,6,0,0,0,11,0,0,1,1,0,1,0,0,0,0,0,0,0,0,0,0,0,0,0,0,0,0,0,0,0.00238095238095238,0,0.116666666666667,0.0142857142857143,0,0,0,0.0261904761904762,0,0,0.00238095238095238,0.00238095238095238,0,0.00238095238095238,0,0,0,0,0,0,0,0,0,0,0,0,0,0,0,0,0,0,0,0,0,0,0,0,0,0,0,0,0,0,0,0,0,0,0,0,0,0,0,0,420,260,420,6.34791242102689,0,0,420,1,1,1
"2014-11-01","Solomon Islands",0,0,173,23,0,0,0,4,0,0,2,16,0,3,0,0,0,0,0,0,0,0,0,0,1,0,0,0,0,0,0,0,0,0,0.323364485981308,0.0429906542056075,0,0,0,0.00747663551401869,0,0,0.00373831775700935,0.0299065420560748,0,0.00560747663551402,0,0,0,0,0,0,0,0,0,0,0.00186915887850467,0,0,0,0,0,0,0,0,0,0,0,0,0,0,0,0,0,0,0,0,0,0,0,0,0,0,0,0,0,535,192,534,7.37664826792273,0,0.00186915887850467,535,1,1,1
"2014-12-01","Solomon Islands",0,0,62,9,1,1,0,11,0,1,3,3,0,6,2,0,0,0,0,0,0,0,0,0,0,0,0,0,0,0,0,0,0,0,0.168478260869565,0.0244565217391304,0.00271739130434783,0.00271739130434783,0,0.0298913043478261,0,0.00271739130434783,0.00815217391304348,0.00815217391304348,0,0.016304347826087,0.00543478260869565,0,0,0,0,0,0,0,0,0,0,0,0,0,0,0,0,0,0,0,0,0,0,0,0,0,1,0,0,0,0,0,0,0,0,0,0,0.00271739130434783,0,0,368,199,368,7.23568036257213,0,0,368,1,1,1
"2015-01-01","Solomon Islands",0,0,18,2,0,1,0,18,0,0,0,3,0,2,0,0,0,0,0,0,0,0,0,0,0,0,0,0,0,0,0,0,0,0,0.0375782881002088,0.00417536534446764,0,0.00208768267223382,0,0.0375782881002088,0,0,0,0.00626304801670146,0,0.00417536534446764,0,0,0,0,0,0,0,0,0,0,0,0,0,0,0,0,0,0,0,0,0,0,0,0,0,0,0,0,0,0,0,0,0,0,0,0,0,0,0,0,479,325,478,6.65004120087686,0,0.00208768267223382,479,1,1,1
"2015-02-01","Solomon Islands",0,0,1,0,0,0,0,10,0,0,1,0,0,1,0,0,0,0,0,0,0,0,0,0,0,0,0,0,0,0,0,0,0,0,0.00289855072463768,0,0,0,0,0.0289855072463768,0,0,0.00289855072463768,0,0,0.00289855072463768,0,0,0,0,0,0,0,0,0,0,0,0,0,0,0,0,0,0,0,0,0,0,2,0,0,0,0,0,0,0,0,0,0,0.00579710144927536,0,0,0,0,0,0,345,252,345,6.34151870056852,0,0,345,1,1,1
"2015-03-01","Solomon Islands",0,0,4,0,0,0,0,63,0,0,0,5,0,2,2,0,2,0,0,0,0,0,0,0,0,0,0,0,0,0,0,0,0,0,0.0119760479041916,0,0,0,0,0.188622754491018,0,0,0,0.0149700598802395,0,0.00598802395209581,0.00598802395209581,0,0.00598802395209581,0,0,0,0,0,0,0,0,0,0,0,0,0,0,0,0,0,0,0,1,0,0,0,0,0,0,0,0,0,0,0.0029940119760479,0,0,0,0,0,0,334,181,334,6.58224004116084,0,0,334,1,1,1
"2015-04-01","Solomon Islands",0,0,1,0,0,0,0,9,0,0,2,4,0,6,0,0,0,0,0,0,0,0,0,0,0,1,2,0,0,0,0,0,0,0,0.00253807106598985,0,0,0,0,0.0228426395939086,0,0,0.0050761421319797,0.0101522842639594,0,0.0152284263959391,0,0,0,0,0,0,0,0,0,0,0,0.00253807106598985,0.0050761421319797,0,0,0,0,0,0,0,0,0,0,0,0,0,0,0,0,0,0,0,0,0,0,0,0,0,0,0,394,270,391,6.87268025597757,0.00761421319796954,0.00253807106598985,394,1,1,1
"2015-05-01","Solomon Islands",0,0,2,0,0,0,0,16,0,0,0,1,0,1,5,0,0,0,0,0,0,0,0,0,0,0,0,0,0,0,0,0,0,0,0.00558659217877095,0,0,0,0,0.0446927374301676,0,0,0,0.00279329608938547,0,0.00279329608938547,0.0139664804469274,0,0,0,0,0,0,0,0,0,0,0,0,0,0,0,0,0,0,1,0,0,0,0,0,0,0,0,0,0,0.00279329608938547,0,0,0,0,0,0,0,0,0,358,252,358,6.7415260942581,0,0,358,1,1,1
"2015-06-01","Solomon Islands",0,0,2,0,0,0,0,4,0,0,1,5,0,0,3,0,0,0,0,0,0,0,0,0,0,0,0,0,0,0,0,0,0,0,0.00677966101694915,0,0,0,0,0.0135593220338983,0,0,0.00338983050847458,0.0169491525423729,0,0,0.0101694915254237,0,0,0,0,0,0,0,0,0,0,0,0,0,0,0,0,0,0,0,0,0,0,0,0,0,0,0,0,0,0,0,0,0,0,0,0,0,0,0,295,198,295,7.10002476973012,0,0.00338983050847458,295,1,1,1
"2015-07-01","Solomon Islands",0,0,1,0,0,0,0,16,0,0,0,4,0,1,0,0,0,0,0,0,0,0,0,0,0,0,0,0,0,0,0,0,0,0,0.00353356890459364,0,0,0,0,0.0565371024734982,0,0,0,0.0141342756183746,0,0.00353356890459364,0,0,0,0,0,0,0,0,0,0,0,0,0,0,0,0,0,0,0,0,0,0,0,0,0,0,0,0,0,0,0,0,0,0,0,0,0,0,0,0,283,203,283,6.80200381977382,0,0,283,1,1,1
"2015-08-01","Solomon Islands",1,1,4,1,0,0,0,18,0,0,0,1,0,4,2,0,0,0,0,0,0,0,0,0,0,0,0,0,1,0,0,0,0.00199203187250996,0.00199203187250996,0.00796812749003984,0.00199203187250996,0,0,0,0.0358565737051793,0,0,0,0.00199203187250996,0,0.00796812749003984,0.00398406374501992,0,0,0,0,0,0,0,0,0,0,0,0,0,0.00199203187250996,0,0,0,0,0,0,0,1,0,0,0,0,0,0,0,0,0,0,0.00199203187250996,0,0,0,0,0,0,502,337,501,6.51519319617975,0,0.00199203187250996,502,1,1,1
"2015-09-01","Solomon Islands",0,2,1,0,0,0,0,9,0,0,0,3,0,2,1,0,0,0,1,0,0,0,0,0,0,1,0,0,0,0,0,0,0,0.00809716599190283,0.00404858299595142,0,0,0,0,0.0364372469635627,0,0,0,0.0121457489878543,0,0.00809716599190283,0.00404858299595142,0,0,0,0.00404858299595142,0,0,0,0,0,0,0.00404858299595142,0,0,0,0,0,0,0,0,0,0,0,0,0,0,0,0,0,0,0,0,0,0,0,0,0,0,0,0,247,170,246,7.23519011171646,0.00404858299595142,0,247,1,0,1
"2015-10-01","Solomon Islands",0,0,0,1,0,0,0,2,1,1,1,3,0,2,2,0,1,0,0,0,0,0,0,0,0,0,0,0,0,0,0,0,0,0,0,0.00460829493087558,0,0,0,0.00921658986175115,0.00460829493087558,0.00460829493087558,0.00460829493087558,0.0138248847926267,0,0.00921658986175115,0.00921658986175115,0,0.00460829493087558,0,0,0,0,0,0,0,0,0,0,0,0,0,0,0,0,0,0,0,0,0,0,0,0,0,0,0,0,0,0,0,0,0,0,0,0,0,217,164,217,7.31786718650353,0,0,217,1,1,1
"2015-11-01","Solomon Islands",0,0,6,1,0,1,0,5,0,0,1,1,0,4,0,0,0,0,0,0,0,0,0,0,0,0,0,0,0,0,0,0,0,0,0.0260869565217391,0.00434782608695652,0,0.00434782608695652,0,0.0217391304347826,0,0,0.00434782608695652,0.00434782608695652,0,0.0173913043478261,0,0,0,0,0,0,0,0,0,0,0,0,0,0,0,0,0,0,0,0,0,0,0,0,0,0,0,0,0,0,0,0,0,0,0,0,0,0,0,0,230,157,230,6.91474639155103,0,0,230,1,1,1
"2015-12-01","Solomon Islands",0,0,0,0,0,0,0,2,0,0,0,1,0,1,0,0,0,0,0,0,0,0,0,0,0,0,0,0,0,0,0,0,0,0,0,0,0,0,0,0.0487804878048781,0,0,0,0.024390243902439,0,0.024390243902439,0,0,0,0,0,0,0,0,0,0,0,0,0,0,0,0,0,0,0,0,0,0,0,0,0,0,0,0,0,0,0,0,0,0,0,0,0,0,0,0,41,32,41,7.45002246970256,0,0,41,1,1,0
"2016-01-01","Solomon Islands",0,1,5,0,0,0,0,13,0,0,0,1,0,0,0,0,0,0,0,0,0,0,0,0,0,0,0,0,0,0,0,0,0,0.003584229390681,0.017921146953405,0,0,0,0,0.046594982078853,0,0,0,0.003584229390681,0,0,0,0,0,0,0,0,0,0,0,0,0,0,0,0,0,0,0,0,0,0,1,0,2,0,0,0,0,0,0,0,0,0.003584229390681,0,0.00716845878136201,0,0,0,0,0,0,279,211,279,6.41541295266144,0,0,279,1,0,1
"2016-02-01","Solomon Islands",0,0,2,0,0,0,0,18,2,0,2,2,0,0,0,0,0,0,0,0,0,0,0,0,0,0,0,0,0,0,0,0,0,0,0.00975609756097561,0,0,0,0,0.0878048780487805,0.00975609756097561,0,0.00975609756097561,0.00975609756097561,0,0,0,0,0,0,0,0,0,0,0,0,0,0,0,0,0,0,0,0,0,1,0,0,1,0,0,0,0,0,0,0,0.0048780487804878,0,0,0.0048780487804878,0,0,0,0,0,0,205,143,205,7.27442690590536,0,0,205,1,1,1
"2016-03-01","Solomon Islands",0,0,3,0,0,0,0,7,1,0,0,2,0,3,0,0,0,0,0,0,0,0,0,0,0,0,0,0,0,0,1,0,0,0,0.0150753768844221,0,0,0,0,0.0351758793969849,0.0050251256281407,0,0,0.0100502512562814,0,0.0150753768844221,0,0,0,0,0,0,0,0,0,0,0,0,0,0,0,0,0.0050251256281407,0,0,0,0,0,2,0,0,0,0,0,0,0,0,0,0,0.0100502512562814,0,0,0,0,0,0,199,135,198,7.15313261765086,0.0050251256281407,0,199,1,1,1
"2016-04-01","Solomon Islands",0,0,0,1,0,0,0,14,0,0,0,2,2,2,1,2,0,0,0,0,0,0,1,0,0,0,0,0,0,1,0,0,0,0,0,0.00413223140495868,0,0,0,0.0578512396694215,0,0,0,0.00826446280991736,0.00826446280991736,0.00826446280991736,0.00413223140495868,0.00826446280991736,0,0,0,0,0,0,0.00413223140495868,0,0,0,0,0,0,0.00413223140495868,0,0,0,0,0,0,0,0,0,0,0,0,1,0,0,0,0,0,0,0,0,0,0,0.00413223140495868,242,159,240,8.02807758847774,0,0.012396694214876,242,1,0,1
"2016-05-01","Solomon Islands",1,0,2,1,2,0,0,8,0,0,0,1,0,0,0,0,0,0,0,0,0,0,0,1,0,0,0,0,0,0,0,0,0.0078740157480315,0,0.015748031496063,0.0078740157480315,0.015748031496063,0,0,0.062992125984252,0,0,0,0.0078740157480315,0,0,0,0,0,0,0,0,0,0,0,0.0078740157480315,0,0,0,0,0,0,0,0,0,0,0,0,0,2,0,0,0,0,0,0,0,0,0,0,0.015748031496063,0,0,0,0,0,127,90,126,6.33820047031366,0.0078740157480315,0,127,1,1,1
"2016-06-01","Solomon Islands",0,0,2,0,0,0,0,5,0,1,0,3,0,1,3,0,0,0,0,0,0,0,0,0,0,1,0,0,0,0,0,0,0,0,0.00775193798449612,0,0,0,0,0.0193798449612403,0,0.00387596899224806,0,0.0116279069767442,0,0.00387596899224806,0.0116279069767442,0,0,0,0,0,0,0,0,0,0,0.00387596899224806,0,0,0,0,0,0,0,1,0,0,1,0,0,0,0,0,0,0,0.00387596899224806,0,0,0.00387596899224806,0,0,0,0,0,0,258,171,257,7.19443339171923,0.00775193798449612,0.00387596899224806,258,1,1,1
"2016-07-01","Solomon Islands",0,0,3,0,0,1,0,4,0,0,0,3,0,4,1,0,0,0,1,0,0,0,0,0,0,0,0,0,0,0,0,0,0,0,0.00852272727272727,0,0,0.00284090909090909,0,0.0113636363636364,0,0,0,0.00852272727272727,0,0.0113636363636364,0.00284090909090909,0,0,0,0.00284090909090909,0,0,0,0,0,0,0,0,0,0,0,0,0,0,0,0,0,0,0,0,0,0,0,0,0,0,0,0,0,0,0,0,0,0,0,352,265,352,7.14601834894922,0,0,352,1,1,1
"2016-08-01","Solomon Islands",0,0,4,0,0,0,0,5,0,0,0,1,0,2,2,0,0,0,0,0,0,0,0,0,0,0,0,0,0,0,0,0,0,0,0.0180995475113122,0,0,0,0,0.0226244343891403,0,0,0,0.00452488687782805,0,0.00904977375565611,0.00904977375565611,0,0,0,0,0,0,0,0,0,0,0,0,0,0,0,0,0,0,1,0,0,0,0,0,0,0,0,0,0,0.00452488687782805,0,0,0,0,0,0,0,0,0,221,158,221,6.77663623327797,0,0,221,1,1,1
"2016-09-01","Solomon Islands",3,0,2,2,0,0,0,4,1,0,0,1,0,2,0,0,0,0,0,0,0,0,0,0,0,0,0,0,0,0,0,0,0.0145631067961165,0,0.00970873786407767,0.00970873786407767,0,0,0,0.0194174757281553,0.00485436893203883,0,0,0.00485436893203883,0,0.00970873786407767,0,0,0,0,0,0,0,0,0,0,0,0,0,0,0,0,0,0,0,1,0,0,0,0,0,0,0,0,0,0,0.00485436893203883,0,0,0,0,0,0,0,0,0,206,144,206,6.51320072119099,0,0.00485436893203883,206,1,1,1
"2016-10-01","Solomon Islands",0,0,2,0,0,0,0,8,0,0,0,0,0,2,0,0,0,0,0,1,0,0,0,0,0,0,0,0,0,0,0,0,0,0,0.0148148148148148,0,0,0,0,0.0592592592592593,0,0,0,0,0,0.0148148148148148,0,0,0,0,0,0.00740740740740741,0,0,0,0,0,0,0,0,0,0,0,0,0,1,0,0,0,0,0,0,0,0,0,0,0.00740740740740741,0,0,0,0,0,0,0,0,0,135,93,135,7.06935559539785,0,0,135,1,1,1
"2016-11-01","Solomon Islands",0,0,2,0,0,1,0,2,0,0,0,0,0,1,1,0,0,0,0,0,0,0,0,0,0,0,0,0,0,0,0,0,0,0,0.021505376344086,0,0,0.010752688172043,0,0.021505376344086,0,0,0,0,0,0.010752688172043,0.010752688172043,0,0,0,0,0,0,0,0,0,0,0,0,0,0,0,0,0,0,1,0,0,0,0,0,0,0,0,0,0,0.010752688172043,0,0,0,0,0,0,0,0,0,93,64,93,7.20244891445663,0,0.021505376344086,93,1,1,0
"2016-12-01","Solomon Islands",0,0,0,0,0,0,0,24,0,0,0,3,0,0,0,0,0,0,0,0,0,0,0,0,0,1,0,0,0,0,0,0,0,0,0,0,0,0,0,0.235294117647059,0,0,0,0.0294117647058824,0,0,0,0,0,0,0,0,0,0,0,0,0,0.00980392156862745,0,0,0,0,0,0,0,0,0,0,0,0,0,0,0,0,0,0,0,0,0,0,0,0,0,0,0,0,102,52,101,7.25556807374251,0.00980392156862745,0,102,1,1,1
"2017-01-01","Solomon Islands",0,0,0,0,0,0,0,15,0,0,0,0,0,1,0,0,0,0,0,0,0,0,0,0,0,0,0,0,0,0,0,0,0,0,0,0,0,0,0,0.1171875,0,0,0,0,0,0.0078125,0,0,0,0,0,0,0,0,0,0,0,0,0,0,0,0,0,0,0,0,0,0,0,0,0,0,0,0,0,0,0,0,0,0,0,0,0,0,0,0,128,91,128,6.39731356625384,0,0.0078125,128,0,1,1
"2017-02-01","Solomon Islands",0,0,0,0,1,0,0,4,0,0,0,0,0,0,0,0,0,0,0,0,0,0,0,0,0,0,0,0,0,0,0,0,0,0,0,0,0.0416666666666667,0,0,0.166666666666667,0,0,0,0,0,0,0,0,0,0,0,0,0,0,0,0,0,0,0,0,0,0,0,0,0,0,0,0,0,0,0,0,0,0,0,0,0,0,0,0,0,0,0,0,0,0,24,14,24,6.28177297297465,0,0,24,0,1,0
"2017-03-01","Solomon Islands",0,0,0,0,2,0,0,6,0,0,0,0,0,0,1,0,0,0,0,0,0,0,0,0,0,0,1,0,0,0,0,0,0,0,0,0,0.0253164556962025,0,0,0.0759493670886076,0,0,0,0,0,0,0.0126582278481013,0,0,0,0,0,0,0,0,0,0,0,0.0126582278481013,0,0,0,0,0,0,0,0,0,0,0,0,0,0,0,0,0,0,0,0,0,0,0,0,0,0,0,79,60,78,6.5771992718446,0,0.0126582278481013,79,1,1,1
"2017-04-01","Solomon Islands",0,0,0,0,0,0,0,2,1,0,0,0,0,0,3,0,0,0,0,0,0,0,0,0,0,0,0,0,0,0,0,0,0,0,0,0,0,0,0,0.0307692307692308,0.0153846153846154,0,0,0,0,0,0.0461538461538462,0,0,0,0,0,0,0,0,0,0,0,0,0,0,0,0,0,0,2,0,0,0,0,0,0,0,0,0,0,0.0307692307692308,0,0,0,0,0,0,0,0,0,65,44,65,8.32532601068726,0,0,65,1,1,1
"2017-05-01","Solomon Islands",0,0,1,0,0,0,0,2,0,0,0,1,0,0,0,0,0,0,0,0,0,0,0,0,0,0,0,0,0,0,0,0,0,0,0.010989010989011,0,0,0,0,0.021978021978022,0,0,0,0.010989010989011,0,0,0,0,0,0,0,0,0,0,0,0,0,0,0,0,0,0,0,0,0,0,0,0,1,0,0,0,0,0,0,0,0,0,0,0.010989010989011,0,0,0,0,0,0,91,67,91,6.64560850512967,0,0,91,1,1,1
"2017-06-01","Solomon Islands",0,0,0,1,1,0,0,5,0,0,0,0,0,2,0,0,0,0,1,0,0,0,0,0,0,1,0,0,0,0,0,0,0,0,0,0.0153846153846154,0.0153846153846154,0,0,0.0769230769230769,0,0,0,0,0,0.0307692307692308,0,0,0,0,0.0153846153846154,0,0,0,0,0,0,0.0153846153846154,0,0,0,0,0,0,0,0,0,0,0,0,0,0,0,0,0,0,0,0,0,0,0,0,0,0,0,0,65,48,64,7.88908395093104,0.0153846153846154,0.0307692307692308,65,1,0,1
"2017-07-01","Solomon Islands",0,0,1,0,0,0,0,2,0,0,0,2,0,0,1,0,0,0,0,0,0,0,0,0,0,0,0,0,0,0,0,0,0,0,0.012987012987013,0,0,0,0,0.025974025974026,0,0,0,0.025974025974026,0,0,0.012987012987013,0,0,0,0,0,0,0,0,0,0,0,0,0,0,0,0,0,0,0,0,0,0,0,0,0,0,0,0,0,0,0,0,0,0,0,0,0,0,0,77,60,77,7.44484757638946,0,0,77,1,0,1
"2017-08-01","Solomon Islands",0,0,0,0,2,1,0,8,1,0,0,0,0,0,1,0,0,1,1,0,0,0,0,0,0,0,0,0,0,0,0,0,0,0,0,0,0.0113636363636364,0.00568181818181818,0,0.0454545454545455,0.00568181818181818,0,0,0,0,0,0.00568181818181818,0,0,0.00568181818181818,0.00568181818181818,0,0,0,0,0,0,0,0,0,0,0,0,0,0,0,0,0,0,0,0,0,0,0,0,0,0,0,0,0,0,0,0,0,0,0,176,113,176,7.81837403780818,0,0.00568181818181818,176,1,1,1
"2017-09-01","Solomon Islands",0,0,1,0,0,0,0,4,0,0,0,2,0,4,1,0,0,1,0,0,0,0,0,0,0,1,0,0,0,0,0,0,0,0,0.00884955752212389,0,0,0,0,0.0353982300884956,0,0,0,0.0176991150442478,0,0.0353982300884956,0.00884955752212389,0,0,0.00884955752212389,0,0,0,0,0,0,0,0.00884955752212389,0,0,0,0,0,0,0,0,0,0,0,0,0,0,0,0,0,0,0,0,0,0,0,0,0,0,0,0,113,77,112,8.14557751021068,0,0.0442477876106195,113,1,0,1
"2017-10-01","Solomon Islands",0,0,3,0,0,0,0,8,0,1,0,2,0,1,0,0,0,0,0,0,0,0,0,1,0,1,0,0,0,0,0,0,0,0,0.0230769230769231,0,0,0,0,0.0615384615384615,0,0.00769230769230769,0,0.0153846153846154,0,0.00769230769230769,0,0,0,0,0,0,0,0,0,0.00769230769230769,0,0.00769230769230769,0,0,0,0,0,0,0,0,0,0,0,0,0,0,0,1,0,0,0,0,0,0,0,0,0,0,0.00769230769230769,0,130,83,128,7.29978314049631,0.00769230769230769,0.00769230769230769,130,1,1,1
"2017-11-01","Solomon Islands",0,0,6,2,1,1,0,4,0,0,0,0,0,1,1,0,0,0,0,0,0,0,0,1,0,1,0,0,0,0,0,0,0,0,0.0454545454545455,0.0151515151515152,0.00757575757575758,0.00757575757575758,0,0.0303030303030303,0,0,0,0,0,0.00757575757575758,0.00757575757575758,0,0,0,0,0,0,0,0,0.00757575757575758,0,0.00757575757575758,0,0,0,0,0,0,1,0,0,0,0,0,0,0,0,0,1,0.00757575757575758,0,0,0,0,0,0,0,0,0,0.00757575757575758,132,92,130,6.93043102265514,0.00757575757575758,0.0151515151515152,132,1,0,1
"2017-12-01","Solomon Islands",0,0,0,0,1,0,0,5,1,0,0,1,0,0,3,0,0,0,3,0,0,0,0,0,0,0,0,0,0,0,0,0,0,0,0,0,0.0144927536231884,0,0,0.072463768115942,0.0144927536231884,0,0,0.0144927536231884,0,0,0.0434782608695652,0,0,0,0.0434782608695652,0,0,0,0,0,0,0,0,0,0,0,0,0,0,0,0,0,0,1,0,0,0,0,0,0,0,0,0,0,0.0144927536231884,0,0,0,0,0,69,44,69,11.9430837837065,0,0,69,1,0,1
"2018-01-01","Solomon Islands",0,0,1,0,0,3,0,8,3,0,0,1,0,0,1,0,0,0,0,0,0,0,0,0,0,1,0,0,0,0,0,0,0,0,0.00892857142857143,0,0,0.0267857142857143,0,0.0714285714285714,0.0267857142857143,0,0,0.00892857142857143,0,0,0.00892857142857143,0,0,0,0,0,0,0,0,0,0,0.00892857142857143,0,0,0,0,0,0,0,0,0,0,0,0,0,0,0,0,0,0,0,0,0,0,0,0,0,0,0,0,112,76,111,9.74049995437055,0,0.00892857142857143,112,1,1,1
"2018-02-01","Solomon Islands",0,0,0,0,0,1,0,16,0,0,2,2,0,1,2,0,0,0,0,0,0,0,0,0,0,0,0,0,0,0,0,0,0,0,0,0,0,0.010989010989011,0,0.175824175824176,0,0,0.021978021978022,0.021978021978022,0,0.010989010989011,0.021978021978022,0,0,0,0,0,0,0,0,0,0,0,0,0,0,0,0,0,0,0,0,0,0,0,0,0,0,0,0,0,0,0,0,0,0,0,0,0,0,0,91,50,91,8.33480338155778,0,0,91,1,0,1
"2018-03-01","Solomon Islands",0,0,2,1,1,0,0,11,0,0,0,0,0,0,1,0,0,0,0,0,0,0,0,0,1,0,0,0,0,0,0,0,0,0,0.015748031496063,0.0078740157480315,0.0078740157480315,0,0,0.0866141732283465,0,0,0,0,0,0,0.0078740157480315,0,0,0,0,0,0,0,0,0,0.0078740157480315,0,0,0,0,0,0,0,0,0,0,0,0,1,0,0,0,0,0,0,0,0,0,0,0.0078740157480315,0,0,0,0,0,127,84,126,6.46554208801974,0,0.015748031496063,127,1,1,1
"2018-04-01","Solomon Islands",0,0,4,0,1,0,0,5,0,0,0,1,0,0,0,0,0,0,0,0,0,0,0,0,0,0,0,0,0,0,4,0,0,0,0.0416666666666667,0,0.0104166666666667,0,0,0.0520833333333333,0,0,0,0.0104166666666667,0,0,0,0,0,0,0,0,0,0,0,0,0,0,0,0,0,0,0.0416666666666667,0,0,0,0,0,0,0,0,0,0,0,0,0,0,0,0,0,0,0,0,0,0,0,96,55,92,6.62665873782993,0,0.0416666666666667,96,1,1,1
"2018-05-01","Solomon Islands",0,0,6,0,1,0,0,1,0,0,1,0,0,0,1,0,0,0,0,0,0,0,0,0,2,0,0,0,0,0,0,0,0,0,0.075,0,0.0125,0,0,0.0125,0,0,0.0125,0,0,0,0.0125,0,0,0,0,0,0,0,0,0,0.025,0,0,0,0,0,0,0,0,1,0,0,0,0,0,0,0,0,0,0,0.0125,0,0,0,0,0,0,0,0,0,80,50,78,6.6462949441106,0,0.025,80,1,1,1
"2018-06-01","Solomon Islands",0,0,4,1,0,0,0,6,0,1,0,0,0,0,0,0,0,0,0,0,0,0,1,0,0,1,0,1,0,0,0,0,0,0,0.0296296296296296,0.00740740740740741,0,0,0,0.0444444444444444,0,0.00740740740740741,0,0,0,0,0,0,0,0,0,0,0,0,0.00740740740740741,0,0,0.00740740740740741,0,0.00740740740740741,0,0,0,0,0,1,0,0,1,1,0,0,0,0,0,0,0.00740740740740741,0,0,0.00740740740740741,0.00740740740740741,0,0,0,0,0,135,99,132,6.66202526175883,0,0.0296296296296296,135,1,0,1
"2018-07-01","Solomon Islands",0,0,3,0,1,0,0,7,0,0,2,0,0,0,1,0,0,1,0,0,0,0,0,1,0,0,0,0,0,1,0,0,0,0,0.0232558139534884,0,0.00775193798449612,0,0,0.0542635658914729,0,0,0.0155038759689922,0,0,0,0.00775193798449612,0,0,0.00775193798449612,0,0,0,0,0,0.00775193798449612,0,0,0,0,0,0.00775193798449612,0,0,1,1,0,0,0,0,0,0,0,0,0,0.00775193798449612,0.00775193798449612,0,0,0,0,0,0,0,0,0,129,87,127,7.03279019977162,0,0.0310077519379845,129,1,1,1
"2018-08-01","Solomon Islands",0,1,2,0,1,0,0,11,0,0,0,0,0,1,0,0,0,0,1,0,0,0,0,0,1,0,0,0,0,0,0,0,0,0.0099009900990099,0.0198019801980198,0,0.0099009900990099,0,0,0.108910891089109,0,0,0,0,0,0.0099009900990099,0,0,0,0,0.0099009900990099,0,0,0,0,0,0.0099009900990099,0,0,0,0,0,0,0,0,0,0,0,0,0,0,0,0,0,0,0,0,0,0,0,0,0,0,0,0,0,101,67,100,7.21110503766708,0,0.0099009900990099,101,1,1,1
"2018-09-01","Solomon Islands",1,1,3,3,2,0,0,7,0,0,1,1,1,0,1,0,0,0,0,0,0,0,0,0,0,0,0,0,0,0,0,0,0.00909090909090909,0.00909090909090909,0.0272727272727273,0.0272727272727273,0.0181818181818182,0,0,0.0636363636363636,0,0,0.00909090909090909,0.00909090909090909,0.00909090909090909,0,0.00909090909090909,0,0,0,0,0,0,0,0,0,0,0,0,0,0,0,0,0,0,0,0,0,0,0,0,0,0,0,0,0,0,0,0,0,0,0,0,0,0,0,110,65,110,7.51005360935159,0,0.00909090909090909,110,1,1,1
"2018-10-01","Solomon Islands",0,0,6,4,0,2,0,10,0,0,0,1,0,0,0,0,0,0,0,0,0,0,0,0,0,0,0,0,0,0,0,0,0,0,0.0428571428571429,0.0285714285714286,0,0.0142857142857143,0,0.0714285714285714,0,0,0,0.00714285714285714,0,0,0,0,0,0,0,0,0,0,0,0,0,0,0,0,0,0,0,0,0,1,0,0,0,0,0,0,0,0,0,0,0.00714285714285714,0,0,0,0,0,0,0,0,0,140,90,140,7.19676591183772,0,0,140,1,1,1
"2018-11-01","Solomon Islands",0,0,3,1,1,2,0,4,0,0,0,0,0,0,3,0,0,0,0,0,0,0,1,1,1,2,0,0,0,1,0,0,0,0,0.0225563909774436,0.0075187969924812,0.0075187969924812,0.0150375939849624,0,0.0300751879699248,0,0,0,0,0,0,0.0225563909774436,0,0,0,0,0,0,0,0.0075187969924812,0.0075187969924812,0.0075187969924812,0.0150375939849624,0,0,0,0.0075187969924812,0,0,0,1,0,0,3,3,0,0,1,0,0,0,0.0075187969924812,0,0,0.0225563909774436,0.0225563909774436,0,0,0.0075187969924812,0,0,133,86,127,7.52241967107165,0,0.0601503759398496,133,1,0,1
"2018-12-01","Solomon Islands",0,0,1,2,0,0,0,4,0,1,0,1,0,1,3,0,0,0,0,0,2,0,0,0,0,0,0,0,0,0,0,0,0,0,0.0117647058823529,0.0235294117647059,0,0,0,0.0470588235294118,0,0.0117647058823529,0,0.0117647058823529,0,0.0117647058823529,0.0352941176470588,0,0,0,0,0,0.0235294117647059,0,0,0,0,0,0,0,0,0,0,0,0,0,0,0,1,0,0,0,0,0,0,0,0,0,0,0.0117647058823529,0,0,0,0,0,0,85,54,82,8.27292969278509,0,0.0352941176470588,85,1,1,1
"2019-01-01","Solomon Islands",0,0,4,0,0,0,0,12,0,0,0,1,0,2,1,0,0,0,0,0,0,0,0,1,0,1,0,0,0,0,0,0,0,0,0.0421052631578947,0,0,0,0,0.126315789473684,0,0,0,0.0105263157894737,0,0.0210526315789474,0.0105263157894737,0,0,0,0,0,0,0,0,0.0105263157894737,0,0.0105263157894737,0,0,0,0,0,0,0,0,0,0,0,0,0,0,0,0,0,0,0,0,0,0,0,0,0,0,0,0,95,54,93,7.18731089840946,0.0105263157894737,0.0210526315789474,95,1,1,1
"2019-02-01","Solomon Islands",0,0,9,2,0,0,0,8,1,0,0,1,0,1,0,1,0,0,0,0,0,0,0,0,0,0,0,0,0,1,0,1,0,0,0.0891089108910891,0.0198019801980198,0,0,0,0.0792079207920792,0.0099009900990099,0,0,0.0099009900990099,0,0.0099009900990099,0,0.0099009900990099,0,0,0,0,0,0,0,0,0,0,0,0,0,0.0099009900990099,0,0.0099009900990099,0,0,0,0,0,0,0,0,0,0,0,0,0,0,0,0,0,0,0,0,0,0,101,58,99,7.94357629027788,0,0.0297029702970297,101,1,1,1
"2019-03-01","Solomon Islands",0,2,7,3,0,0,0,17,1,0,2,2,0,0,0,0,0,0,0,4,0,0,0,0,0,0,0,0,0,0,0,0,0,0.0151515151515152,0.053030303030303,0.0227272727272727,0,0,0,0.128787878787879,0.00757575757575758,0,0.0151515151515152,0.0151515151515152,0,0,0,0,0,0,0,0.0303030303030303,0,0,0,0,0,0,0,0,0,0,0,0,0,1,2,0,4,0,0,0,0,0,0,0,0.00757575757575758,0.0151515151515152,0,0.0303030303030303,0,0,0,0,0,0,132,68,132,9.73641867021178,0,0,132,1,1,1
"2019-04-01","Solomon Islands",1,2,29,2,0,1,0,5,2,0,5,4,0,0,9,1,0,0,0,0,0,0,0,0,0,0,0,0,0,0,0,1,0.0072992700729927,0.0145985401459854,0.211678832116788,0.0145985401459854,0,0.0072992700729927,0,0.0364963503649635,0.0145985401459854,0,0.0364963503649635,0.0291970802919708,0,0,0.0656934306569343,0.0072992700729927,0,0,0,0,0,0,0,0,0,0,0,0,0,0,0,0.0072992700729927,0,2,0,0,0,0,0,0,0,0,0,0,0.0145985401459854,0,0,0,0,0,0,0,0,0,137,47,136,10.5464718230401,0,0.0145985401459854,137,1,1,1
"2019-05-01","Solomon Islands",0,0,9,1,0,1,0,12,0,0,1,4,0,2,0,1,0,0,0,0,2,0,0,0,0,0,1,0,0,0,0,0,0,0,0.0676691729323308,0.0075187969924812,0,0.0075187969924812,0,0.0902255639097744,0,0,0.0075187969924812,0.0300751879699248,0,0.0150375939849624,0,0.0075187969924812,0,0,0,0,0.0150375939849624,0,0,0,0,0,0.0075187969924812,0,0,0,0,0,0,0,0,0,0,0,0,0,0,0,0,0,0,0,0,0,0,0,0,0,0,0,133,78,130,8.33035632435853,0,0.0526315789473684,133,1,1,1
"2019-06-01","Solomon Islands",2,2,3,0,2,0,0,6,0,0,0,0,0,0,1,0,0,0,1,0,0,0,0,1,0,1,0,0,0,1,0,0,0.0155038759689922,0.0155038759689922,0.0232558139534884,0,0.0155038759689922,0,0,0.0465116279069767,0,0,0,0,0,0,0.00775193798449612,0,0,0,0.00775193798449612,0,0,0,0,0.00775193798449612,0,0.00775193798449612,0,0,0,0.00775193798449612,0,0,1,0,1,0,1,0,0,0,0,0,0,0.00775193798449612,0,0.00775193798449612,0,0.00775193798449612,0,0,0,0,0,0,129,81,126,6.70582769067486,0,0.0775193798449612,129,1,1,1
"2019-07-01","Solomon Islands",0,0,0,1,0,0,0,7,0,0,0,1,0,2,0,0,0,0,0,0,0,0,0,1,0,0,0,0,0,0,0,0,0,0,0,0.00892857142857143,0,0,0,0.0625,0,0,0,0.00892857142857143,0,0.0178571428571429,0,0,0,0,0,0,0,0,0,0.00892857142857143,0,0,0,0,0,0,0,0,0,0,0,0,0,0,0,0,0,0,0,0,0,0,0,0,0,0,0,0,0,0,112,80,111,6.84148212748877,0,0.0267857142857143,112,1,1,1
"2019-08-01","Solomon Islands",0,0,1,1,7,0,0,1,1,0,0,2,1,0,1,0,0,0,0,0,0,0,0,1,0,0,1,0,0,2,0,0,0,0,0.00689655172413793,0.00689655172413793,0.0482758620689655,0,0,0.00689655172413793,0.00689655172413793,0,0,0.0137931034482759,0.00689655172413793,0,0.00689655172413793,0,0,0,0,0,0,0,0,0.00689655172413793,0,0,0.00689655172413793,0,0,0.0137931034482759,0,0,0,0,0,0,0,0,0,0,0,0,0,0,0,0,0,0,0,0,0,0,0,0,145,102,141,7.98506923727883,0.00689655172413793,0.0551724137931034,145,1,1,1
"2019-09-01","Solomon Islands",0,0,2,0,8,0,0,10,0,0,0,2,3,0,10,2,0,4,1,0,24,0,0,1,1,2,0,0,0,2,0,0,0,0,0.00836820083682008,0,0.0334728033472803,0,0,0.0418410041841004,0,0,0,0.00836820083682008,0.0125523012552301,0,0.0418410041841004,0.00836820083682008,0,0.0167364016736402,0.00418410041841004,0,0.100418410041841,0,0,0.00418410041841004,0.00418410041841004,0.00836820083682008,0,0,0,0.00836820083682008,0,0,1,1,1,0,0,0,0,0,0,0,0,0.00418410041841004,0.00418410041841004,0.00418410041841004,0,0,0,0,0,0,0,0,239,154,209,10.5502419371657,0.00418410041841004,0.188284518828452,239,1,1,1
"2019-10-01","Solomon Islands",1,0,1,0,3,0,0,5,0,0,0,1,0,2,1,0,0,0,0,0,2,0,1,2,0,3,0,0,1,0,0,0,0.00529100529100529,0,0.00529100529100529,0,0.0158730158730159,0,0,0.0264550264550265,0,0,0,0.00529100529100529,0,0.0105820105820106,0.00529100529100529,0,0,0,0,0,0.0105820105820106,0,0.00529100529100529,0.0105820105820106,0,0.0158730158730159,0,0,0.00529100529100529,0,0,0,0,1,0,0,0,1,0,0,0,0,0,0,0.00529100529100529,0,0,0,0.00529100529100529,0,0,0,0,0,189,131,180,6.59967435737812,0,0.0634920634920635,189,1,1,1
"2019-11-01","Solomon Islands",0,0,6,1,0,0,0,16,0,0,0,4,0,0,0,0,0,0,0,0,0,0,0,0,0,2,0,0,0,0,0,0,0,0,0.0483870967741935,0.00806451612903226,0,0,0,0.129032258064516,0,0,0,0.032258064516129,0,0,0,0,0,0,0,0,0,0,0,0,0,0.0161290322580645,0,0,0,0,0,0,1,0,0,0,0,0,0,0,0,1,0,0.00806451612903226,0,0,0,0,0,0,0,0,0.00806451612903226,0,124,78,122,7.34980630930068,0,0.032258064516129,124,1,1,1
"2019-12-01","Solomon Islands",0,0,7,1,0,0,0,12,1,0,1,6,1,2,1,0,0,0,0,0,0,0,0,0,0,0,0,0,1,0,0,0,0,0,0.0469798657718121,0.00671140939597315,0,0,0,0.0805369127516778,0.00671140939597315,0,0.00671140939597315,0.0402684563758389,0.00671140939597315,0.0134228187919463,0.00671140939597315,0,0,0,0,0,0,0,0,0,0,0,0,0,0.00671140939597315,0,0,0,0,0,0,0,0,0,0,0,0,0,0,0,0,0,0,0,0,0,0,0,0,0,149,95,147,9.06577004672068,0,0.0201342281879195,149,1,1,1
"2020-01-01","Solomon Islands",0,0,0,0,0,0,0,10,1,0,0,0,1,1,0,1,0,0,0,0,0,3,0,0,0,0,0,0,0,0,0,0,0,0,0,0,0,0,0,0.116279069767442,0.0116279069767442,0,0,0,0.0116279069767442,0.0116279069767442,0,0.0116279069767442,0,0,0,0,0,0.0348837209302326,0,0,0,0,0,0,0,0,0,0,0,0,0,0,1,2,0,0,0,0,0,0,0,0,0,0.0116279069767442,0.0232558139534884,0,0,0,0,0,86,57,83,8.94851019231819,0,0.0348837209302326,86,1,1,0
"2020-02-01","Solomon Islands",0,0,3,1,0,0,0,5,0,0,2,0,0,3,0,0,0,0,0,0,0,1,0,0,0,0,0,0,0,0,0,0,0,0,0.0263157894736842,0.0087719298245614,0,0,0,0.043859649122807,0,0,0.0175438596491228,0,0,0.0263157894736842,0,0,0,0,0,0,0,0.0087719298245614,0,0,0,0,0,0,0,0,0,0,0,0,0,0,0,0,0,0,0,0,0,0,0,0,0,0,0,0,0,0,0,0,114,76,113,6.77312163946159,0,0.0263157894736842,114,1,1,1
"2020-03-01","Solomon Islands",0,0,2,1,0,1,0,25,0,0,18,2,0,1,0,0,0,0,0,0,0,2,0,0,0,0,0,0,0,0,0,0,0,0,0.00930232558139535,0.00465116279069767,0,0.00465116279069767,0,0.116279069767442,0,0,0.0837209302325581,0.00930232558139535,0,0.00465116279069767,0,0,0,0,0,0,0,0.00930232558139535,0,0,0,0,0,0,0,0,0,0,0,0,0,0,0,3,0,0,0,0,0,0,0,0,0,0,0.013953488372093,0,0,0,0,0,215,124,213,7.36697154619331,0,0.00930232558139535,215,1,1,1
"2020-04-01","Solomon Islands",0,0,3,0,0,0,0,53,0,0,9,1,0,2,0,2,0,0,0,0,0,0,0,0,1,0,0,0,0,0,0,0,0,0,0.0128205128205128,0,0,0,0,0.226495726495726,0,0,0.0384615384615385,0.00427350427350427,0,0.00854700854700855,0,0.00854700854700855,0,0,0,0,0,0,0,0,0.00427350427350427,0,0,0,0,0,0,0,0,1,1,0,1,0,0,0,0,0,0,0,0.00427350427350427,0.00427350427350427,0,0.00427350427350427,0,0,0,0,0,0,234,122,233,7.26191454627471,0,0.00854700854700855,234,1,1,1
"2020-05-01","Solomon Islands",0,0,0,0,0,0,0,7,0,0,22,0,0,1,0,0,0,0,0,0,0,0,0,0,1,0,0,0,0,0,0,0,0,0,0,0,0,0,0,0.0344827586206897,0,0,0.108374384236453,0,0,0.00492610837438424,0,0,0,0,0,0,0,0,0,0,0.00492610837438424,0,0,0,0,0,0,0,0,1,0,0,0,0,0,0,0,0,0,0,0.00492610837438424,0,0,0,0,0,0,0,0,0,203,131,202,6.98569887298961,0,0.00985221674876847,203,1,1,1
"2020-06-01","Solomon Islands",0,1,7,0,0,0,0,1,1,0,3,0,1,0,0,0,0,0,0,0,1,0,0,0,0,0,0,0,0,0,0,0,0,0.00689655172413793,0.0482758620689655,0,0,0,0,0.00689655172413793,0.00689655172413793,0,0.0206896551724138,0,0.00689655172413793,0,0,0,0,0,0,0,0.00689655172413793,0,0,0,0,0,0,0,0,0,0,0,0,0,0,0,0,0,0,0,0,0,0,0,0,0,0,0,0,0,0,0,0,0,145,87,144,7.51671762820308,0,0.0206896551724138,145,1,1,1
"2020-07-01","Solomon Islands",0,0,0,0,0,0,0,8,1,0,7,1,0,1,0,0,0,0,0,0,0,0,0,0,0,0,0,0,0,0,0,0,0,0,0,0,0,0,0,0.0516129032258065,0.00645161290322581,0,0.0451612903225806,0.00645161290322581,0,0.00645161290322581,0,0,0,0,0,0,0,0,0,0,0,0,0,0,0,0,0,0,0,0,0,0,0,0,0,0,0,0,0,0,0,0,0,0,0,0,0,0,0,0,155,90,155,7.25902913133617,0,0,155,1,1,1
"2020-08-01","Solomon Islands",0,0,1,0,0,1,0,3,1,0,1,2,0,0,1,0,0,0,0,0,0,0,0,0,0,0,0,0,0,0,0,0,0,0,0.00666666666666667,0,0,0.00666666666666667,0,0.02,0.00666666666666667,0,0.00666666666666667,0.0133333333333333,0,0,0.00666666666666667,0,0,0,0,0,0,0,0,0,0,0,0,0,0,0,0,0,0,0,0,0,0,0,0,0,0,0,0,0,0,0,0,0,0,0,0,0,0,0,150,98,150,7.6530378274386,0,0,150,1,1,1
"2020-09-01","Solomon Islands",0,0,7,1,0,0,0,11,0,0,0,2,0,0,7,0,0,0,3,0,4,0,1,0,0,0,0,0,0,0,0,0,0,0,0.0393258426966292,0.00561797752808989,0,0,0,0.0617977528089888,0,0,0,0.0112359550561798,0,0,0.0393258426966292,0,0,0,0.0168539325842697,0,0.0224719101123595,0,0.00561797752808989,0,0,0,0,0,0,0,0,0,0,0,0,0,0,0,0,0,0,0,0,0,0,0,0,0,0,0,0,0,0,0,178,99,172,8.83390373247111,0,0.0393258426966292,178,1,1,1
"2020-10-01","Solomon Islands",0,0,12,0,0,1,0,12,0,0,4,3,0,0,1,0,0,0,0,0,0,0,0,0,0,0,0,0,0,0,0,0,0,0,0.0701754385964912,0,0,0.00584795321637427,0,0.0701754385964912,0,0,0.0233918128654971,0.0175438596491228,0,0,0.00584795321637427,0,0,0,0,0,0,0,0,0,0,0,0,0,0,0,0,0,0,0,0,0,0,0,0,0,0,0,0,0,0,0,0,0,0,0,0,0,0,0,171,110,171,7.41307757658289,0,0.00584795321637427,171,1,1,1
"2020-11-01","Solomon Islands",0,11,20,0,0,0,0,10,0,0,5,4,0,1,3,0,0,0,0,0,0,0,0,0,0,0,0,0,0,0,0,0,0,0.0674846625766871,0.122699386503067,0,0,0,0,0.0613496932515337,0,0,0.0306748466257669,0.0245398773006135,0,0.00613496932515337,0.0184049079754601,0,0,0,0,0,0,0,0,0,0,0,0,0,0,0,0,0,0,0,0,0,0,0,0,0,0,0,0,0,0,0,0,0,0,0,0,0,0,0,163,90,163,8.07501526038981,0,0.0122699386503067,163,1,1,1
"2020-12-01","Solomon Islands",0,3,2,0,1,0,0,14,0,0,3,2,0,2,3,0,0,0,0,0,0,0,0,0,0,0,0,0,0,0,0,0,0,0.0188679245283019,0.0125786163522013,0,0.00628930817610063,0,0,0.0880503144654088,0,0,0.0188679245283019,0.0125786163522013,0,0.0125786163522013,0.0188679245283019,0,0,0,0,0,0,0,0,0,0,0,0,0,0,0,0,0,0,1,0,0,0,0,0,0,2,0,0,0,0.00628930817610063,0,0,0,0,0,0,0.0125786163522013,0,0,159,97,159,7.51329054859627,0,0,159,1,1,1
"2021-01-01","Solomon Islands",0,2,2,0,0,0,0,7,1,1,1,2,1,0,1,0,0,0,0,0,0,0,0,0,0,0,0,0,0,0,0,0,0,0.0165289256198347,0.0165289256198347,0,0,0,0,0.0578512396694215,0.00826446280991736,0.00826446280991736,0.00826446280991736,0.0165289256198347,0.00826446280991736,0,0.00826446280991736,0,0,0,0,0,0,0,0,0,0,0,0,0,0,0,0,0,1,1,0,0,0,0,0,0,0,0,0,0.00826446280991736,0.00826446280991736,0,0,0,0,0,0,0,0,0,121,85,121,8.86431957795924,0,0,121,1,1,1
"2021-02-01","Solomon Islands",0,0,2,0,0,0,0,14,0,0,1,2,0,2,1,0,0,0,0,0,0,0,0,0,0,0,0,0,0,0,0,0,0,0,0.0119760479041916,0,0,0,0,0.0838323353293413,0,0,0.00598802395209581,0.0119760479041916,0,0.0119760479041916,0.00598802395209581,0,0,0,0,0,0,0,0,0,0,0,0,0,0,0,0,0,0,0,0,0,0,0,0,0,0,0,0,0,0,0,0,0,0,0,0,0,0,0,167,103,167,7.03002576592414,0,0,167,1,1,1
"2021-03-01","Solomon Islands",0,0,2,0,0,0,0,16,1,0,4,4,1,1,0,0,0,0,0,2,0,0,0,0,0,0,0,0,0,0,0,0,0,0,0.0127388535031847,0,0,0,0,0.101910828025478,0.00636942675159236,0,0.0254777070063694,0.0254777070063694,0.00636942675159236,0.00636942675159236,0,0,0,0,0,0.0127388535031847,0,0,0,0,0,0,0,0,0,0,0,0,0,0,0,0,0,0,0,0,0,0,0,0,0,0,0,0,0,0,0,0,0,0,157,103,157,9.34820219667687,0,0,157,1,1,1
"2021-04-01","Solomon Islands",0,0,7,0,0,0,0,8,0,0,4,1,0,0,0,0,0,0,0,0,0,0,0,0,1,0,0,0,0,0,0,0,0,0,0.0598290598290598,0,0,0,0,0.0683760683760684,0,0,0.0341880341880342,0.00854700854700855,0,0,0,0,0,0,0,0,0,0,0,0,0.00854700854700855,0,0,0,0,0,0,0,0,0,1,0,1,0,0,0,0,0,0,0,0,0.00854700854700855,0,0.00854700854700855,0,0,0,0,0,0,117,77,116,6.76383582551061,0,0.00854700854700855,117,1,1,1
"2021-05-01","Solomon Islands",0,0,9,0,0,3,0,6,0,0,0,1,0,0,1,0,0,0,0,0,1,0,0,0,0,4,0,0,0,0,0,0,0,0,0.0569620253164557,0,0,0.0189873417721519,0,0.0379746835443038,0,0,0,0.00632911392405063,0,0,0.00632911392405063,0,0,0,0,0,0.00632911392405063,0,0,0,0,0.0253164556962025,0,0,0,0,0,0,0,0,0,0,0,0,0,0,0,0,0,0,0,0,0,0,0,0,0,0,0,0,158,106,153,7.54084055562602,0,0.0316455696202532,158,1,1,0
"2021-06-01","Solomon Islands",0,0,4,0,2,0,0,11,0,0,0,0,0,0,1,0,0,1,0,0,0,0,0,0,0,2,0,0,0,0,0,0,0,0,0.025,0,0.0125,0,0,0.06875,0,0,0,0,0,0,0.00625,0,0,0.00625,0,0,0,0,0,0,0,0.0125,0,0,0,0,0,0,0,0,0,0,0,2,0,0,0,0,0,0,0,0,0,0,0.0125,0,0,0,0,0,160,105,158,6.81449211107783,0.00625,0.0125,160,1,1,1
"2021-07-01","Solomon Islands",0,0,1,0,0,0,0,10,1,0,3,1,0,1,0,0,0,0,0,0,0,0,0,0,0,0,0,0,1,1,0,1,0,0,0.0103092783505155,0,0,0,0,0.103092783505155,0.0103092783505155,0,0.0309278350515464,0.0103092783505155,0,0.0103092783505155,0,0,0,0,0,0,0,0,0,0,0,0,0,0,0.0103092783505155,0.0103092783505155,0,0.0103092783505155,0,1,0,0,0,1,0,0,0,0,0,0,0.0103092783505155,0,0,0,0.0103092783505155,0,0,0,0,0,97,66,94,7.60324085158739,0,0.0309278350515464,97,0,1,1
"2021-08-01","Solomon Islands",0,0,0,1,0,1,0,6,0,0,11,5,0,5,3,0,0,0,0,0,0,0,0,0,0,0,0,0,0,0,0,0,0,0,0,0.0050761421319797,0,0.0050761421319797,0,0.0304568527918782,0,0,0.0558375634517767,0.0253807106598985,0,0.0253807106598985,0.0152284263959391,0,0,0,0,0,0,0,0,0,0,0,0,0,0,0,0,0,0,0,0,0,1,0,0,0,0,0,0,0,0,0,0,0.0050761421319797,0,0,0,0,0,0,197,121,197,8.41911332602242,0,0,197,1,1,1
"2021-09-01","Solomon Islands",0,0,1,0,2,1,0,11,3,0,3,0,0,0,1,0,0,0,0,0,0,0,1,0,0,1,0,0,0,0,0,0,0,0,0.00497512437810945,0,0.00995024875621891,0.00497512437810945,0,0.054726368159204,0.0149253731343284,0,0.0149253731343284,0,0,0,0.00497512437810945,0,0,0,0,0,0,0,0.00497512437810945,0,0,0.00497512437810945,0,0,0,0,0,0,0,1,0,0,0,0,0,0,0,0,0,0,0.00497512437810945,0,0,0,0,0,0,0,0,0,201,124,199,7.65862695663615,0.00497512437810945,0.00497512437810945,201,1,1,1
"2021-10-01","Solomon Islands",0,0,2,3,0,2,0,9,0,0,0,2,0,0,2,0,0,0,0,0,0,0,0,0,0,2,0,0,0,0,0,0,0,0,0.010752688172043,0.0161290322580645,0,0.010752688172043,0,0.0483870967741935,0,0,0,0.010752688172043,0,0,0.010752688172043,0,0,0,0,0,0,0,0,0,0,0.010752688172043,0,0,0,0,0,0,0,0,0,0,0,0,0,0,0,0,0,0,0,0,0,0,0,0,0,0,0,0,186,124,184,7.39943641431008,0.010752688172043,0,186,1,1,1
"2021-11-01","Solomon Islands",0,0,5,0,0,10,0,3,0,0,12,23,0,0,32,0,0,1,11,7,0,0,2,0,0,0,0,0,0,0,0,0,0,0,0.012853470437018,0,0,0.025706940874036,0,0.0077120822622108,0,0,0.0308483290488432,0.0591259640102828,0,0,0.0822622107969152,0,0,0.0025706940874036,0.0282776349614396,0.0179948586118252,0,0,0.0051413881748072,0,0,0,0,0,0,0,0,0,0,0,0,0,0,1,0,0,0,1,2,0,0,0,0,0,0.0025706940874036,0,0,0,0.0025706940874036,0.0051413881748072,389,203,387,15.2178926682526,0,0.0205655526992288,389,1,1,1
"2021-12-01","Solomon Islands",1,0,10,0,1,10,0,14,2,0,6,12,0,0,19,0,0,2,0,0,0,0,3,0,0,0,0,0,0,0,0,0,0.00268817204301075,0,0.0268817204301075,0,0.00268817204301075,0.0268817204301075,0,0.0376344086021505,0.00537634408602151,0,0.0161290322580645,0.032258064516129,0,0,0.0510752688172043,0,0,0.00537634408602151,0,0,0,0,0.00806451612903226,0,0,0,0,0,0,0,0,0,1,0,0,0,0,1,0,0,0,0,0,0.00268817204301075,0,0,0,0,0.00268817204301075,0,0,0,0,0,372,208,369,10.5132555085053,0,0.0134408602150538,372,1,1,1
"2022-01-01","Solomon Islands",0,0,0,0,0,0,0,82,0,0,38,13,0,0,1,0,0,0,0,0,0,0,0,0,1,0,0,0,0,0,0,0,0,0,0,0,0,0,0,0.193396226415094,0,0,0.089622641509434,0.0306603773584906,0,0,0.00235849056603774,0,0,0,0,0,0,0,0,0,0.00235849056603774,0,0,0,0,0,0,0,0,0,0,0,0,0,0,0,0,0,0,0,0,0,0,0,0,0,0,0,0,0,424,230,423,7.87383230126668,0,0.00235849056603774,424,1,1,1
"2022-02-01","Solomon Islands",0,0,0,0,0,1,0,36,0,0,9,3,0,0,2,0,0,0,0,1,5,0,3,0,1,0,0,0,0,0,0,1,0,0,0,0,0,0.0037037037037037,0,0.133333333333333,0,0,0.0333333333333333,0.0111111111111111,0,0,0.00740740740740741,0,0,0,0,0.0037037037037037,0.0185185185185185,0,0.0111111111111111,0,0.0037037037037037,0,0,0,0,0,0,0.0037037037037037,0,0,0,0,0,0,0,0,0,0,0,0,0,0,0,0,0,0,0,0,0,0,270,179,260,7.47678196325666,0.0148148148148148,0.0296296296296296,270,1,1,1
"2022-03-01","Solomon Islands",0,0,3,0,5,0,0,32,0,0,7,14,0,2,5,0,0,0,0,0,0,1,0,0,0,2,0,0,2,19,1,1,0,0,0.00704225352112676,0,0.0117370892018779,0,0,0.0751173708920188,0,0,0.0164319248826291,0.0328638497652582,0,0.00469483568075117,0.0117370892018779,0,0,0,0,0,0,0.00234741784037559,0,0,0,0.00469483568075117,0,0,0.00469483568075117,0.0446009389671361,0.00234741784037559,0.00234741784037559,0,7,0,0,0,1,0,0,0,0,0,0,0.0164319248826291,0,0,0,0.00234741784037559,0,0,0,0,0,426,272,399,7.80890867358417,0.00938967136150235,0.0586854460093897,426,1,1,1
"2022-04-01","Solomon Islands",0,0,5,1,11,1,0,21,2,0,4,3,3,0,0,1,0,7,0,0,0,1,3,0,0,0,0,1,0,36,5,2,0,0,0.0138888888888889,0.00277777777777778,0.0305555555555556,0.00277777777777778,0,0.0583333333333333,0.00555555555555556,0,0.0111111111111111,0.00833333333333333,0.00833333333333333,0,0,0.00277777777777778,0,0.0194444444444444,0,0,0,0.00277777777777778,0.00833333333333333,0,0,0,0,0.00277777777777778,0,0.1,0.0138888888888889,0.00555555555555556,0,3,1,0,1,1,0,0,1,0,0,0,0.00833333333333333,0.00277777777777778,0,0.00277777777777778,0.00277777777777778,0,0,0.00277777777777778,0,0,360,242,311,9.2539030258462,0.00555555555555556,0.15,360,1,1,1
"2022-05-01","Solomon Islands",0,1,6,2,23,1,0,8,0,2,1,8,0,0,1,0,0,0,0,0,0,0,1,5,0,0,0,0,0,11,1,1,0,0.00307692307692308,0.0184615384615385,0.00615384615384615,0.0707692307692308,0.00307692307692308,0,0.0246153846153846,0,0.00615384615384615,0.00307692307692308,0.0246153846153846,0,0,0.00307692307692308,0,0,0,0,0,0,0,0.00307692307692308,0.0153846153846154,0,0,0,0,0,0.0338461538461538,0.00307692307692308,0.00307692307692308,0,1,0,0,0,0,0,0,0,0,0,0,0.00307692307692308,0,0,0,0,0,0,0,0,0,325,213,305,7.66138421292952,0.00307692307692308,0.0923076923076923,325,1,1,1
"2022-06-01","Solomon Islands",0,0,7,5,3,0,0,1,1,0,2,2,1,0,0,0,0,1,0,0,0,0,4,5,0,1,1,1,1,5,0,1,0,0,0.0288065843621399,0.0205761316872428,0.0123456790123457,0,0,0.00411522633744856,0.00411522633744856,0,0.00823045267489712,0.00823045267489712,0.00411522633744856,0,0,0,0,0.00411522633744856,0,0,0,0,0.0164609053497942,0.0205761316872428,0,0.00411522633744856,0.00411522633744856,0.00411522633744856,0.00411522633744856,0.0205761316872428,0,0.00411522633744856,0,3,0,0,0,1,0,0,0,0,0,0,0.0123456790123457,0,0,0,0.00411522633744856,0,0,0,0,0,243,164,223,7.50474344770495,0.0123456790123457,0.0864197530864197,243,1,1,1
"2022-07-01","Solomon Islands",0,0,7,2,3,0,0,4,0,1,0,5,0,1,1,0,0,0,0,1,0,1,4,2,0,4,0,0,1,2,4,1,0,0,0.0393258426966292,0.0112359550561798,0.0168539325842697,0,0,0.0224719101123595,0,0.00561797752808989,0,0.0280898876404494,0,0.00561797752808989,0.00561797752808989,0,0,0,0,0.00561797752808989,0,0.00561797752808989,0.0224719101123595,0.0112359550561798,0,0.0224719101123595,0,0,0.00561797752808989,0.0112359550561798,0.0224719101123595,0.00561797752808989,0,0,0,0,0,0,0,0,0,0,0,0,0,0,0,0,0,0,0,0,0,0,178,108,157,8.14555028653938,0.0112359550561798,0.123595505617978,178,1,1,1
"2022-08-01","Solomon Islands",0,4,4,7,1,1,0,12,0,0,0,1,0,1,0,0,0,1,0,1,0,1,1,1,1,1,0,0,0,3,0,1,0,0.0128617363344051,0.0128617363344051,0.022508038585209,0.00321543408360129,0.00321543408360129,0,0.0385852090032154,0,0,0,0.00321543408360129,0,0.00321543408360129,0,0,0,0.00321543408360129,0,0.00321543408360129,0,0.00321543408360129,0.00321543408360129,0.00321543408360129,0.00321543408360129,0.00321543408360129,0,0,0,0.00964630225080386,0,0.00321543408360129,0,1,0,0,0,5,0,0,0,1,0,0,0.00321543408360129,0,0,0,0.0160771704180064,0,0,0,0.00321543408360129,0,311,198,299,7.08801396536267,0.0160771704180064,0.0771704180064309,311,1,1,1
"2022-09-01","Solomon Islands",0,0,8,6,6,0,0,5,0,1,1,2,0,0,0,0,0,0,0,0,0,0,3,7,2,0,0,2,0,1,2,0,0,0,0.0297397769516729,0.0223048327137546,0.0223048327137546,0,0,0.0185873605947955,0,0.00371747211895911,0.00371747211895911,0.00743494423791822,0,0,0,0,0,0,0,0,0,0,0.0111524163568773,0.0260223048327138,0.00743494423791822,0,0,0.00743494423791822,0,0.00371747211895911,0.00743494423791822,0,0,2,0,0,0,0,0,0,0,0,0,0,0.00743494423791822,0,0,0,0,0,0,0,0,0,269,173,252,6.7404168611465,0.00371747211895911,0.0929368029739777,269,1,1,1
"2022-10-01","Solomon Islands",0,0,2,2,0,1,0,4,0,0,0,1,0,0,2,0,0,0,0,2,0,0,1,0,1,0,3,0,0,0,1,0,0,0,0.0101010101010101,0.0101010101010101,0,0.00505050505050505,0,0.0202020202020202,0,0,0,0.00505050505050505,0,0,0.0101010101010101,0,0,0,0,0.0101010101010101,0,0,0.00505050505050505,0,0.00505050505050505,0,0.0151515151515152,0,0,0,0.00505050505050505,0,0,3,0,0,0,1,0,0,0,0,0,0,0.0151515151515152,0,0,0,0.00505050505050505,0,0,0,0,0,198,133,191,7.69981288181423,0.00505050505050505,0.0606060606060606,198,1,1,1
"2022-11-01","Solomon Islands",0,0,3,0,1,0,0,29,0,0,0,0,0,0,1,0,0,0,0,0,0,0,0,0,0,0,0,0,0,1,0,0,0,0,0.0161290322580645,0,0.00537634408602151,0,0,0.155913978494624,0,0,0,0,0,0,0.00537634408602151,0,0,0,0,0,0,0,0,0,0,0,0,0,0,0.00537634408602151,0,0,0,0,0,0,0,0,0,0,0,0,0,0,0,0,0,0,0,0,0,0,0,0,186,129,185,6.40724973432264,0,0.00537634408602151,186,1,1,1
"2022-12-01","Solomon Islands",0,2,10,0,3,0,0,3,0,0,0,2,0,1,1,0,0,0,0,0,0,0,0,0,1,0,0,0,0,0,0,1,0,0.0116959064327485,0.0584795321637427,0,0.0175438596491228,0,0,0.0175438596491228,0,0,0,0.0116959064327485,0,0.00584795321637427,0.00584795321637427,0,0,0,0,0,0,0,0,0,0.00584795321637427,0,0,0,0,0,0,0.00584795321637427,0,1,0,0,0,1,0,0,0,0,0,0,0.00584795321637427,0,0,0,0.00584795321637427,0,0,0,0,0,171,107,169,6.94083134850501,0,0.0292397660818713,171,1,1,1
"2023-01-01","Solomon Islands",0,1,3,2,2,1,0,5,1,0,1,0,1,0,1,2,0,2,0,0,2,0,0,1,0,0,0,0,0,2,0,1,0,0.00404858299595142,0.0121457489878543,0.00809716599190283,0.00809716599190283,0.00404858299595142,0,0.0202429149797571,0.00404858299595142,0,0.00404858299595142,0,0.00404858299595142,0,0.00404858299595142,0.00809716599190283,0,0.00809716599190283,0,0,0.00809716599190283,0,0,0.00404858299595142,0,0,0,0,0,0.00809716599190283,0,0.00404858299595142,0,0,0,0,0,0,0,0,0,0,0,0,0,0,0,0,0,0,0,0,0,0,247,170,241,8.21013423841092,0.00404858299595142,0.0283400809716599,247,1,1,1
"2023-02-01","Solomon Islands",0,0,7,1,4,5,0,13,0,0,0,2,0,0,3,2,0,0,0,1,4,2,2,0,1,0,0,0,1,2,2,0,0,0,0.0278884462151394,0.00398406374501992,0.0159362549800797,0.0199203187250996,0,0.051792828685259,0,0,0,0.00796812749003984,0,0,0.0119521912350598,0.00796812749003984,0,0,0,0.00398406374501992,0.0159362549800797,0.00796812749003984,0.00796812749003984,0,0.00398406374501992,0,0,0,0.00398406374501992,0.00796812749003984,0.00796812749003984,0,0,0,0,0,0,0,0,0,0,0,0,0,0,0,0,0,0,0,0,0,0,0,251,153,237,8.53162272992342,0,0.0756972111553785,251,1,1,1
"2023-03-01","Solomon Islands",0,0,7,0,5,2,1,15,3,1,0,2,1,0,1,0,0,0,0,1,1,0,2,1,0,2,0,0,0,1,0,1,0,0,0.024390243902439,0,0.0174216027874564,0.00696864111498258,0.00348432055749129,0.0522648083623693,0.0104529616724739,0.00348432055749129,0,0.00696864111498258,0.00348432055749129,0,0.00348432055749129,0,0,0,0,0.00348432055749129,0.00348432055749129,0,0.00696864111498258,0.00348432055749129,0,0.00696864111498258,0,0,0,0.00348432055749129,0,0.00348432055749129,0,1,0,0,0,0,0,0,0,0,0,0,0.00348432055749129,0,0,0,0,0,0,0,0,0,287,184,277,9.22067980773666,0.00348432055749129,0.0418118466898955,287,1,1,1
"2023-04-01","Solomon Islands",0,0,3,1,1,0,0,2,1,0,0,1,0,2,0,1,0,0,1,0,1,0,0,0,0,0,0,0,0,1,0,1,0,0,0.0164835164835165,0.00549450549450549,0.00549450549450549,0,0,0.010989010989011,0.00549450549450549,0,0,0.00549450549450549,0,0.010989010989011,0,0.00549450549450549,0,0,0.00549450549450549,0,0.00549450549450549,0,0,0,0,0,0,0,0,0.00549450549450549,0,0.00549450549450549,0,1,0,0,0,0,0,0,0,0,0,0,0.00549450549450549,0,0,0,0,0,0,0,0,0,182,125,179,7.69676282283759,0,0.0384615384615385,182,1,1,1
"2023-05-01","Solomon Islands",2,1,13,1,16,0,0,8,0,0,0,2,0,0,3,0,0,0,0,0,1,0,1,4,0,0,1,0,0,5,1,0,0.00769230769230769,0.00384615384615385,0.05,0.00384615384615385,0.0615384615384615,0,0,0.0307692307692308,0,0,0,0.00769230769230769,0,0,0.0115384615384615,0,0,0,0,0,0.00384615384615385,0,0.00384615384615385,0.0153846153846154,0,0,0.00384615384615385,0,0,0.0192307692307692,0.00384615384615385,0,0,1,1,0,1,0,0,0,0,0,0,0,0.00384615384615385,0.00384615384615385,0,0.00384615384615385,0,0,0,0,0,0,260,144,246,6.62225427321617,0.00384615384615385,0.107692307692308,260,1,1,1
"2023-06-01","Solomon Islands",0,0,3,0,2,0,0,5,0,0,0,0,0,0,0,0,0,0,0,0,0,0,2,0,0,0,0,0,0,3,1,0,0,0,0.0114503816793893,0,0.00763358778625954,0,0,0.0190839694656489,0,0,0,0,0,0,0,0,0,0,0,0,0,0,0.00763358778625954,0,0,0,0,0,0,0.0114503816793893,0.00381679389312977,0,0,1,0,0,1,0,0,0,0,0,0,0,0.00381679389312977,0,0,0.00381679389312977,0,0,0,0,0,0,262,180,256,6.28177297297465,0,0.0343511450381679,262,1,1,1
"2023-07-01","Solomon Islands",0,0,0,1,3,0,0,1,0,0,0,0,0,0,0,0,0,0,0,0,4,0,5,4,1,0,0,0,0,12,0,1,0,0,0,0.0050761421319797,0.0152284263959391,0,0,0.0050761421319797,0,0,0,0,0,0,0,0,0,0,0,0,0.0203045685279188,0,0.0253807106598985,0.0203045685279188,0.0050761421319797,0,0,0,0,0.0609137055837563,0,0.0050761421319797,0,0,0,0,0,0,0,0,0,0,0,0,0,0,0,0,0,0,0,0,0,0,197,132,168,6.28177297297465,0.0050761421319797,0.182741116751269,197,1,1,1
"2023-08-01","Solomon Islands",0,0,1,0,1,0,0,11,0,1,0,0,1,1,1,0,0,1,0,0,0,0,1,1,1,0,0,0,0,0,0,0,0,0,0.00609756097560976,0,0.00609756097560976,0,0,0.0670731707317073,0,0.00609756097560976,0,0,0.00609756097560976,0.00609756097560976,0.00609756097560976,0,0,0.00609756097560976,0,0,0,0,0.00609756097560976,0.00609756097560976,0.00609756097560976,0,0,0,0,0,0,0,0,0,0,0,0,0,0,0,0,0,0,0,0,0,0,0,0,0,0,0,0,0,164,100,160,7.78155721848767,0.00609756097560976,0.0365853658536585,164,1,1,1
"2023-09-01","Solomon Islands",0,1,7,2,4,0,0,2,1,0,0,3,1,1,0,0,0,0,0,0,4,0,2,1,1,0,0,0,0,1,0,1,0,0.0072992700729927,0.0510948905109489,0.0145985401459854,0.0291970802919708,0,0,0.0145985401459854,0.0072992700729927,0,0,0.0218978102189781,0.0072992700729927,0.0072992700729927,0,0,0,0,0,0,0.0291970802919708,0,0.0145985401459854,0.0072992700729927,0.0072992700729927,0,0,0,0,0.0072992700729927,0,0.0072992700729927,0,1,0,0,1,0,0,0,0,0,0,0,0.0072992700729927,0,0,0.0072992700729927,0,0,0,0,0,0,137,80,124,8.29428414805298,0,0.145985401459854,137,1,1,1
"2023-10-01","Solomon Islands",0,0,1,0,1,0,0,2,0,0,0,1,0,0,0,0,0,0,0,0,0,0,0,0,1,0,0,0,0,0,0,1,0,0,0.00735294117647059,0,0.00735294117647059,0,0,0.0147058823529412,0,0,0,0.00735294117647059,0,0,0,0,0,0,0,0,0,0,0,0,0.00735294117647059,0,0,0,0,0,0,0.00735294117647059,0,3,0,0,0,0,0,0,0,0,0,0,0.0220588235294118,0,0,0,0,0,0,0,0,0,136,94,134,6.52522174816661,0,0.0147058823529412,136,1,1,1
"2023-11-01","Solomon Islands",0,0,3,0,2,1,0,6,0,0,0,3,0,1,0,0,0,0,0,1,1,0,2,2,1,1,1,0,3,2,0,0,0,0,0.0263157894736842,0,0.0175438596491228,0.0087719298245614,0,0.0526315789473684,0,0,0,0.0263157894736842,0,0.0087719298245614,0,0,0,0,0,0.0087719298245614,0.0087719298245614,0,0.0175438596491228,0.0175438596491228,0.0087719298245614,0.0087719298245614,0.0087719298245614,0,0.0263157894736842,0.0175438596491228,0,0,0,3,0,0,0,0,0,0,0,0,0,0,0.0263157894736842,0,0,0,0,0,0,0,0,0,114,75,100,8.37261987975603,0,0.12280701754386,114,1,1,1
"2023-12-01","Solomon Islands",0,0,1,1,0,0,0,3,0,0,0,0,0,2,0,0,0,0,0,0,1,0,2,0,2,1,0,1,0,0,1,0,0,0,0.0120481927710843,0.0120481927710843,0,0,0,0.036144578313253,0,0,0,0,0,0.0240963855421687,0,0,0,0,0,0,0.0120481927710843,0,0.0240963855421687,0,0.0240963855421687,0.0120481927710843,0,0.0120481927710843,0,0,0.0120481927710843,0,0,1,0,0,0,0,0,0,0,0,0,0,0.0120481927710843,0,0,0,0,0,0,0,0,0,83,56,75,6.63813914019723,0,0.144578313253012,83,1,1,1
"2024-01-01","Solomon Islands",0,0,10,1,2,1,0,3,0,0,1,0,0,0,2,1,0,0,0,0,4,0,0,1,0,2,0,1,1,1,0,0,0,0,0.0719424460431655,0.00719424460431655,0.0143884892086331,0.00719424460431655,0,0.0215827338129496,0,0,0.00719424460431655,0,0,0,0.0143884892086331,0.00719424460431655,0,0,0,0,0.0287769784172662,0,0,0.00719424460431655,0,0.0143884892086331,0,0.00719424460431655,0.00719424460431655,0.00719424460431655,0,0,0,0,0,0,0,0,0,0,0,0,0,0,0,0,0,0,0,0,0,0,0,0,139,94,129,7.41216445046821,0.00719424460431655,0.122302158273381,139,1,1,1
"2024-02-01","Solomon Islands",0,0,9,1,0,0,0,4,0,0,0,0,0,0,0,0,0,1,0,0,1,0,0,0,0,0,0,0,0,0,0,0,0,0,0.0756302521008403,0.00840336134453781,0,0,0,0.0336134453781513,0,0,0,0,0,0,0,0,0,0.00840336134453781,0,0,0.00840336134453781,0,0,0,0,0,0,0,0,0,0,0,0,0,0,0,0,0,0,0,0,0,0,0,0,0,0,0,0,0,0,0,0,0,119,68,118,6.80191065772912,0,0.0168067226890756,119,1,1,1
"2024-03-01","Solomon Islands",0,0,3,0,1,1,0,0,0,2,1,0,0,0,0,0,0,0,1,0,0,0,1,0,1,0,0,0,2,0,0,0,0,0,0.0344827586206897,0,0.0114942528735632,0.0114942528735632,0,0,0,0.0229885057471264,0.0114942528735632,0,0,0,0,0,0,0,0.0114942528735632,0,0,0,0.0114942528735632,0,0.0114942528735632,0,0,0,0.0229885057471264,0,0,0,0,0,0,0,0,0,0,0,0,0,0,0,0,0,0,0,0,0,0,0,0,0,87,49,83,8.935600659721,0,0.0574712643678161,87,1,1,1
"2024-04-01","Solomon Islands",0,1,77,10,0,0,0,0,0,0,2,7,0,0,1,1,0,0,0,0,0,0,0,0,0,1,0,0,1,0,0,0,0,0.00531914893617021,0.409574468085106,0.0531914893617021,0,0,0,0,0,0,0.0106382978723404,0.0372340425531915,0,0,0.00531914893617021,0.00531914893617021,0,0,0,0,0,0,0,0,0,0.00531914893617021,0,0,0.00531914893617021,0,0,0,0,0,0,0,0,0,0,0,0,0,0,0,0,0,0,0,0,0,0,0,0,0,188,60,186,8.02673884384127,0,0.0265957446808511,188,1,1,1
"2024-05-01","Solomon Islands",0,0,19,1,1,1,0,2,0,0,5,2,0,0,2,0,0,0,1,0,1,0,0,1,0,0,0,0,0,2,0,0,0,0,0.116564417177914,0.00613496932515337,0.00613496932515337,0.00613496932515337,0,0.0122699386503067,0,0,0.0306748466257669,0.0122699386503067,0,0,0.0122699386503067,0,0,0,0.00613496932515337,0,0.00613496932515337,0,0,0.00613496932515337,0,0,0,0,0,0.0122699386503067,0,0,0,0,0,0,0,0,0,0,0,0,0,0,0,0,0,0,0,0,0,0,0,0,163,92,159,7.90387501695912,0,0.0245398773006135,163,1,1,1
"2024-06-01","Solomon Islands",0,0,2,0,1,0,0,0,0,0,0,0,0,1,0,0,0,0,0,0,0,0,0,0,0,0,0,0,0,0,0,0,0,0,0.0176991150442478,0,0.00884955752212389,0,0,0,0,0,0,0,0,0.00884955752212389,0,0,0,0,0,0,0,0,0,0,0,0,0,0,0,0,0,0,0,0,0,0,0,0,0,0,0,0,0,0,0,0,0,0,0,0,0,0,0,0,113,79,113,6.41265081314931,0,0.00884955752212389,113,1,1,1
"2024-07-01","Solomon Islands",0,0,4,1,5,0,0,1,0,0,0,1,0,1,0,0,0,0,0,0,0,0,0,2,0,0,0,0,1,1,0,0,0,0,0.0263157894736842,0.00657894736842105,0.0328947368421053,0,0,0.00657894736842105,0,0,0,0.00657894736842105,0,0.00657894736842105,0,0,0,0,0,0,0,0,0,0.0131578947368421,0,0,0,0,0.00657894736842105,0.00657894736842105,0,0,0,0,0,0,0,0,0,0,0,0,0,0,0,0,0,0,0,0,0,0,0,0,152,97,147,6.5968929030131,0,0.0394736842105263,152,1,1,1
"2024-08-01","Solomon Islands",0,0,1,1,2,0,0,4,0,0,0,5,0,4,0,0,0,0,0,0,0,0,0,0,0,1,0,0,2,0,0,0,0,0,0.00353356890459364,0.00353356890459364,0.00706713780918728,0,0,0.0141342756183746,0,0,0,0.0176678445229682,0,0.0141342756183746,0,0,0,0,0,0,0,0,0,0,0,0.00353356890459364,0,0,0.00706713780918728,0,0,0,0,0,0,0,0,1,0,0,0,0,0,0,0,0,0,0,0.00353356890459364,0,0,0,0,0,283,186,280,7.07577279943926,0,0.0141342756183746,283,1,1,1
