"date","country","arrest","censor","electionactivity","electionirregularities","cooperate","coup","defamationcase","disaster","legalaction","legalchange","martiallaw","mobilizesecurity","corruption","activism","protest","purge","raid","threaten","violencelethal","violencenonlethal","diplomatic_statement","investment","arrestNorm","censorNorm","electionactivityNorm","electionirregularitiesNorm","cooperateNorm","coupNorm","defamationcaseNorm","disasterNorm","legalactionNorm","legalchangeNorm","martiallawNorm","mobilizesecurityNorm","corruptionNorm","activismNorm","protestNorm","purgeNorm","raidNorm","threatenNorm","violencelethalNorm","violencenonlethalNorm","diplomatic_statementNorm","investmentNorm","ncr_arrest","ncr_cooperate","ncr_corruption","ncr_defamationcase","ncr_legalaction","ncr_legalchange","ncr_purge","ncr_raid","ncr_threaten","ncr_violencelethal","ncr_violencenonlethal","ncr_arrestNorm","ncr_cooperateNorm","ncr_corruptionNorm","ncr_defamationcaseNorm","ncr_legalactionNorm","ncr_legalchangeNorm","ncr_purgeNorm","ncr_raidNorm","ncr_threatenNorm","ncr_violencelethalNorm","ncr_violencenonlethalNorm","article_total","cs_999","rai_999","f1","rus_influence","chn_influence","total_articles","thediliweekly.com"
"2012-01-01","Timor Leste",0,0,2,0,0,0,0,0,0,0,0,0,0,0,0,0,0,0,0,0,0,0,0,0,0.111111111111111,0,0,0,0,0,0,0,0,0,0,0,0,0,0,0,0,0,0,0,0,0,0,0,0,0,0,0,0,0,0,0,0,0,0,0,0,0,0,0,0,0,18,16,18,12.1674238514666,0,0,18,1
"2012-02-01","Timor Leste",0,0,0,0,0,0,0,0,0,0,0,0,0,0,0,0,0,0,0,0,0,0,0,0,0,0,0,0,0,0,0,0,0,0,0,0,0,0,0,0,0,0,0,0,0,0,0,0,0,0,0,0,0,0,0,0,0,0,0,0,0,0,0,0,0,0,9,9,9,12.1674238514666,0,0,9,1
"2012-03-01","Timor Leste",0,0,13,0,0,0,0,0,0,0,0,0,0,0,0,0,0,0,0,0,0,0,0,0,0.619047619047619,0,0,0,0,0,0,0,0,0,0,0,0,0,0,0,0,0,0,0,0,0,0,0,0,0,0,0,0,0,0,0,0,0,0,0,0,0,0,0,0,0,21,8,21,12.1674238514666,0,0,21,1
"2012-04-01","Timor Leste",0,0,13,0,0,0,0,0,0,0,0,0,0,0,2,0,0,0,0,0,0,0,0,0,0.65,0,0,0,0,0,0,0,0,0,0,0,0.1,0,0,0,0,0,0,0,0,0,0,0,0,0,0,0,0,0,0,0,0,0,0,0,0,0,0,0,0,0,20,5,20,12.5081469371563,0,0,20,1
"2012-05-01","Timor Leste",0,0,1,0,0,0,0,0,0,0,0,0,0,0,0,0,0,0,0,0,0,0,0,0,0.166666666666667,0,0,0,0,0,0,0,0,0,0,0,0,0,0,0,0,0,0,0,0,0,0,0,0,0,0,0,0,0,0,0,0,0,0,0,0,0,0,0,0,0,6,5,6,12.1674238514666,0,0,6,1
"2012-06-01","Timor Leste",0,0,0,0,0,0,0,0,0,0,0,0,0,0,0,0,0,0,0,0,0,0,0,0,0,0,0,0,0,0,0,0,0,0,0,0,0,0,0,0,0,0,0,0,0,0,0,0,0,0,0,0,0,0,0,0,0,0,0,0,0,0,0,0,0,0,4,4,4,12.1674238514666,0,0,4,1
"2012-07-01","Timor Leste",0,0,6,0,2,0,0,0,0,0,0,0,0,0,0,0,0,0,0,0,0,0,0,0,0.4,0,0.133333333333333,0,0,0,0,0,0,0,0,0,0,0,0,0,0,0,0,0,0,0,0,0,0,0,0,0,0,0,0,0,0,0,0,0,0,0,0,0,0,0,15,7,15,12.1674238514666,0,0,15,1
"2012-08-01","Timor Leste",0,0,0,0,0,0,0,0,0,0,0,0,0,0,0,0,0,0,0,0,0,0,0,0,0,0,0,0,0,0,0,0,0,0,0,0,0,0,0,0,0,0,0,0,0,0,0,0,0,0,0,0,0,0,0,0,0,0,0,0,0,0,0,0,0,0,12,12,12,12.1674238514666,0,0,12,1
"2012-09-01","Timor Leste",0,0,1,0,0,0,0,0,0,0,0,0,0,0,0,0,0,0,0,0,0,0,0,0,0.0769230769230769,0,0,0,0,0,0,0,0,0,0,0,0,0,0,0,0,0,0,0,0,0,0,0,0,0,0,0,0,0,0,0,0,0,0,0,0,0,0,0,0,0,13,12,13,12.1674238514666,0,0,13,1
"2012-10-01","Timor Leste",0,0,0,0,0,0,0,0,0,2,0,0,0,0,0,0,0,0,0,0,0,0,0,0,0,0,0,0,0,0,0,0.4,0,0,0,0,0,0,0,0,0,0,0,0,0,0,0,0,0,0,0,0,0,0,0,0,0,0,0,0,0,0,0,0,0,0,5,3,5,12.9633338637996,0,0,5,0
"2012-11-01","Timor Leste",0,0,0,0,0,0,0,0,0,0,0,1,0,0,0,0,0,0,0,0,0,0,0,0,0,0,0,0,0,0,0,0,0,0.2,0,0,0,0,0,0,0,0,0,0,0,0,0,0,0,0,0,0,0,0,0,0,0,0,0,0,0,0,0,0,0,0,5,4,5,12.885041386954,0,0,5,1
"2012-12-01","Timor Leste",0,0,0,0,0,0,0,0,0,0,0,0,0,0,0,1,0,0,0,0,0,0,0,0,0,0,0,0,0,0,0,0,0,0,0,0,0,0.0625,0,0,0,0,0,0,0,0,0,0,0,0,0,0,0,0,0,0,0,0,0,0,0,0,0,0,0,0,16,15,16,11.8603507093867,0,0,16,1
"2013-01-01","Timor Leste",0,0,0,0,1,0,0,0,0,0,0,0,0,0,1,0,0,0,0,0,0,0,0,0,0,0,0.125,0,0,0,0,0,0,0,0,0,0.125,0,0,0,0,0,0,0,0,1,0,0,0,0,0,0,0,0,0,0,0.125,0,0,0,0,0,0,0,0,0,8,5,8,12.5933277085787,0,0,8,0
"2013-02-01","Timor Leste",0,0,0,0,0,0,0,0,0,0,0,0,0,0,0,0,0,0,0,0,0,0,0,0,0,0,0,0,0,0,0,0,0,0,0,0,0,0,0,0,0,0,0,0,0,0,0,0,0,0,0,0,0,0,0,0,0,0,0,0,0,0,0,0,0,0,1,1,1,12.1674238514666,0,0,1,0
"2013-03-01","Timor Leste",1,0,0,0,0,0,0,0,0,0,0,0,0,0,0,0,0,0,0,0,0,0,0.25,0,0,0,0,0,0,0,0,0,0,0,0,0,0,0,0,0,0,0,0,0,0,1,0,0,0,0,0,0,0,0,0,0,0.25,0,0,0,0,0,0,0,0,0,4,2,4,8.85841631509382,0,0,4,0
"2013-04-01","Timor Leste",0,0,0,0,0,0,0,0,0,0,0,0,0,0,0,0,0,0,0,1,0,0,0,0,0,0,0,0,0,0,0,0,0,0,0,0,0,0,0,0,0,0.5,0,0,0,0,0,0,0,0,0,0,0,0,0,0,0,0,0,0,0,0,0,0,0,0,2,1,2,12.9771838898856,0,0,2,0
"2013-05-01","Timor Leste",0,0,0,0,0,0,0,0,0,0,0,0,0,0,0,0,0,0,0,0,0,0,0,0,0,0,0,0,0,0,0,0,0,0,0,0,0,0,0,0,0,0,0,0,0,0,0,0,0,0,0,0,0,0,0,0,0,0,0,0,0,0,0,0,0,0,4,4,4,12.1674238514666,0,0,4,1
"2013-06-01","Timor Leste",0,0,0,0,0,0,0,0,0,1,0,0,0,0,0,0,0,0,0,0,0,0,0,0,0,0,0,0,0,0,0,0.1,0,0,0,0,0,0,0,0,0,0,0,0,0,0,0,0,0,0,0,0,0,0,0,0,0,0,0,0,0,0,0,0,0,0,10,9,10,12.3664013545498,0,0,10,1
"2013-07-01","Timor Leste",0,0,0,0,0,0,0,1,0,0,0,0,0,0,0,0,0,0,0,0,0,0,0,0,0,0,0,0,0,0.0769230769230769,0,0,0,0,0,0,0,0,0,0,0,0,0,0,0,0,0,0,0,0,0,0,0,0,0,0,0,0,0,0,0,0,0,0,0,0,13,12,13,12.1674238514666,0,0,13,1
"2013-08-01","Timor Leste",0,0,0,0,0,0,0,0,0,0,0,0,0,0,0,0,0,0,0,1,0,0,0,0,0,0,0,0,0,0,0,0,0,0,0,0,0,0,0,0,0,0.0666666666666667,0,0,0,0,0,0,1,1,0,0,0,1,0,0,0,0,0,0.0666666666666667,0.0666666666666667,0,0,0,0.0666666666666667,0,15,11,15,12.2753918565891,0,0,15,1
"2013-09-01","Timor Leste",0,0,0,0,0,0,0,0,0,2,0,0,0,0,0,0,0,0,0,0,0,0,0,0,0,0,0,0,0,0,0,0.133333333333333,0,0,0,0,0,0,0,0,0,0,0,0,0,1,0,0,0,0,0,0,0,0,0,0,0.0666666666666667,0,0,0,0,0,0,0,0,0,15,12,15,12.4327271889109,0,0,15,1
"2013-10-01","Timor Leste",0,0,0,0,0,0,0,0,0,1,0,0,0,0,0,0,0,0,0,0,0,0,0,0,0,0,0,0,0,0,0,0.0769230769230769,0,0,0,0,0,0,0,0,0,0,0,0,0,0,0,0,0,0,0,0,0,0,0,0,0,0,0,0,0,0,0,0,0,0,13,12,13,12.3204834692229,0,0,13,1
"2013-11-01","Timor Leste",0,0,0,0,0,0,0,0,0,0,0,0,0,0,0,0,0,0,1,0,0,0,0,0,0,0,0,0,0,0,0,0,0,0,0,0,0,0,0,0,0.142857142857143,0,0,0,0,0,0,0,0,0,0,0,0,0,0,0,0,0,0,0,0,0,0,0,0,0,7,6,7,12.4497062239122,0,0,7,1
"2013-12-01","Timor Leste",0,0,0,0,0,0,0,1,2,0,0,0,0,0,1,0,5,0,0,0,0,0,0,0,0,0,0,0,0,0.0714285714285714,0.142857142857143,0,0,0,0,0,0.0714285714285714,0,0.357142857142857,0,0,0,0,0,0,0,0,0,0,0,0,0,0,0,0,0,0,0,0,0,0,0,0,0,0,0,14,5,14,10.7252956654816,0,0,14,1
"2014-01-01","Timor Leste",0,0,0,0,1,0,0,0,3,0,0,0,0,0,0,0,0,0,0,0,0,0,0,0,0,0,0.0666666666666667,0,0,0,0.2,0,0,0,0,0,0,0,0,0,0,0,0,0,0,0,0,0,0,0,0,0,0,0,0,0,0,0,0,0,0,0,0,0,0,0,15,11,15,10.5282257856392,0,0,15,1
"2014-02-01","Timor Leste",0,0,0,0,0,0,0,1,0,0,0,0,0,0,0,0,0,0,0,0,0,0,0,0,0,0,0,0,0,0.0625,0,0,0,0,0,0,0,0,0,0,0,0,0,0,0,0,0,0,0,0,0,0,0,0,0,0,0,0,0,0,0,0,0,0,0,0,16,15,16,12.1674238514666,0,0,16,1
"2014-03-01","Timor Leste",0,0,0,0,1,0,0,0,0,0,0,0,0,0,0,0,0,0,0,0,0,0,0,0,0,0,0.111111111111111,0,0,0,0,0,0,0,0,0,0,0,0,0,0,0,0,0,0,0,0,0,0,0,0,0,0,0,0,0,0,0,0,0,0,0,0,0,0,0,9,8,9,12.1674238514666,0,0,9,1
"2014-04-01","Timor Leste",0,0,0,0,0,0,0,0,0,0,0,0,0,0,0,0,0,0,0,0,0,0,0,0,0,0,0,0,0,0,0,0,0,0,0,0,0,0,0,0,0,0,0,0,0,0,0,0,0,0,0,0,0,0,0,0,0,0,0,0,0,0,0,0,0,0,10,10,10,12.1674238514666,0,0,10,1
"2014-05-01","Timor Leste",0,0,0,0,0,0,0,1,0,0,0,0,0,0,0,0,0,0,0,0,0,0,0,0,0,0,0,0,0,0.142857142857143,0,0,0,0,0,0,0,0,0,0,0,0,0,0,0,0,0,0,1,1,0,0,0,0,0,0,0,0,0,0.142857142857143,0.142857142857143,0,0,0,0,0,7,4,7,12.1674238514666,0,0,7,1
"2014-06-01","Timor Leste",0,0,0,0,0,0,0,0,0,1,0,0,0,0,0,0,0,0,0,0,0,0,0,0,0,0,0,0,0,0,0,0.166666666666667,0,0,0,0,0,0,0,0,0,0,0,0,0,0,0,0,0,0,0,0,0,0,0,0,0,0,0,0,0,0,0,0,0,0,6,5,6,12.499053023272,0,0,6,1
"2014-07-01","Timor Leste",0,0,0,1,0,0,0,0,0,0,0,0,0,0,0,0,0,0,0,0,0,0,0,0,0,0.333333333333333,0,0,0,0,0,0,0,0,0,0,0,0,0,0,0,0,0,0,0,0,0,0,1,0,0,0,0,0,0,0,0,0,0,0.333333333333333,0,0,0,0,0,0,3,1,3,12.1674238514666,0,0,3,1
"2014-08-01","Timor Leste",0,0,0,0,0,0,0,1,1,0,0,0,0,0,0,0,0,0,0,0,0,0,0,0,0,0,0,0,0,0.111111111111111,0.111111111111111,0,0,0,0,0,0,0,0,0,0,0,0,0,0,2,0,0,0,0,0,0,0,0,0,0,0.222222222222222,0,0,0,0,0,0,0,0,0,9,5,9,11.2567582593402,0,0,9,1
"2014-09-01","Timor Leste",0,0,0,0,0,0,0,0,0,0,0,0,0,0,0,0,0,0,0,0,0,0,0,0,0,0,0,0,0,0,0,0,0,0,0,0,0,0,0,0,0,0,0,0,0,0,0,0,0,0,0,0,0,0,0,0,0,0,0,0,0,0,0,0,0,0,2,2,0,12.1674238514666,1,0,2,0
"2014-10-01","Timor Leste",0,0,0,0,0,0,0,0,0,0,0,0,0,0,0,0,0,0,0,0,0,0,0,0,0,0,0,0,0,0,0,0,0,0,0,0,0,0,0,0,0,0,0,0,0,0,0,0,2,0,0,0,0,0,0,0,0,0,0,0.142857142857143,0,0,0,0,0,0,14,12,14,12.1674238514666,0,0.0714285714285714,14,1
"2014-11-01","Timor Leste",0,0,0,0,0,0,0,1,0,0,0,0,0,0,0,1,0,0,0,0,0,0,0,0,0,0,0,0,0,0.0526315789473684,0,0,0,0,0,0,0,0.0526315789473684,0,0,0,0,0,0,0,1,0,0,0,0,0,0,0,0,0,0,0.0526315789473684,0,0,0,0,0,0,0,0,0,19,16,19,11.9088359423467,0,0,19,1
"2014-12-01","Timor Leste",0,0,0,0,1,0,0,0,0,0,0,0,1,0,0,0,0,0,0,0,0,0,0,0,0,0,0.0666666666666667,0,0,0,0,0,0,0,0.0666666666666667,0,0,0,0,0,0,0,0,0,2,0,0,0,0,0,0,0,0,0,0,0.133333333333333,0,0,0,0,0,0,0,0,0,0,15,11,14,11.2407415982031,0,0.0666666666666667,15,1
"2015-01-01","Timor Leste",0,0,0,0,0,0,0,0,0,0,0,0,0,0,0,0,0,0,0,0,0,0,0,0,0,0,0,0,0,0,0,0,0,0,0,0,0,0,0,0,0,0,0,0,0,0,0,0,0,0,0,0,0,0,0,0,0,0,0,0,0,0,0,0,0,0,5,5,5,12.1674238514666,0,0,5,1
"2015-02-01","Timor Leste",0,0,0,0,2,0,0,0,0,0,0,0,1,0,0,5,0,0,0,0,0,0,0,0,0,0,0.1,0,0,0,0,0,0,0,0.05,0,0,0.25,0,0,0,0,0,0,0,0,0,0,0,0,0,0,0,0,0,0,0,0,0,0,0,0,0,0,0,0,20,13,20,10.2441195931994,0,0,20,1
"2015-03-01","Timor Leste",0,0,0,0,0,0,0,0,0,0,0,0,0,0,0,0,0,0,0,0,0,0,0,0,0,0,0,0,0,0,0,0,0,0,0,0,0,0,0,0,0,0,0,0,0,0,0,0,0,0,0,0,0,0,0,0,0,0,0,0,0,0,0,0,0,0,9,9,9,12.1674238514666,0,0,9,1
"2015-04-01","Timor Leste",0,0,0,0,0,0,0,1,0,0,0,0,0,0,0,0,0,0,0,0,0,0,0,0,0,0,0,0,0,0.166666666666667,0,0,0,0,0,0,0,0,0,0,0,0,0,0,0,0,0,0,0,0,0,0,0,0,0,0,0,0,0,0,0,0,0,0,0,0,6,5,6,12.1674238514666,0,0,6,1
"2015-05-01","Timor Leste",0,0,0,0,0,0,0,0,0,0,0,0,0,0,0,0,0,0,0,0,0,0,0,0,0,0,0,0,0,0,0,0,0,0,0,0,0,0,0,0,0,0,0,0,0,0,0,0,0,1,0,0,0,0,0,0,0,0,0,0,0.125,0,0,0,0,0,8,7,8,12.1674238514666,0,0,8,0
"2015-06-01","Timor Leste",0,0,0,0,0,0,0,1,2,0,0,0,0,0,0,0,0,0,0,0,0,0,0,0,0,0,0,0,0,0.0555555555555556,0.111111111111111,0,0,0,0,0,0,0,0,0,0,0,0,0,0,0,0,0,0,0,0,0,0,0,0,0,0,0,0,0,0,0,0,0,0,0,18,15,18,11.2567582593402,0,0,18,0
"2015-07-01","Timor Leste",1,0,0,0,0,0,0,0,0,0,0,0,1,0,0,0,0,0,0,0,0,0,0.25,0,0,0,0,0,0,0,0,0,0,0,0.25,0,0,0,0,0,0,0,0,0,1,0,1,0,0,0,0,0,0,0,0,0.25,0,0.25,0,0,0,0,0,0,0,0,4,2,4,5.38335786535569,0,0,4,0
"2015-08-01","Timor Leste",0,0,0,0,0,0,0,1,0,0,0,0,0,0,1,0,0,0,4,0,0,1,0,0,0,0,0,0,0,0.1,0,0,0,0,0,0,0.1,0,0,0,0.4,0,0,0.1,0,0,0,0,0,0,0,0,0,0,0,0,0,0,0,0,0,0,0,0,0,0,10,4,9,13.298537580004,0,0.1,10,0
"2015-09-01","Timor Leste",0,0,0,0,0,0,0,0,0,0,0,0,0,0,0,0,0,0,0,0,0,0,0,0,0,0,0,0,0,0,0,0,0,0,0,0,0,0,0,0,0,0,0,0,0,0,0,0,0,0,0,0,0,0,0,0,0,0,0,0,0,0,0,0,0,0,5,5,5,12.1674238514666,0,0,5,1
"2015-10-01","Timor Leste",0,0,0,0,0,0,0,1,0,0,0,0,0,0,0,0,0,0,1,0,0,0,0,0,0,0,0,0,0,0.142857142857143,0,0,0,0,0,0,0,0,0,0,0.142857142857143,0,0,0,0,0,0,0,0,0,0,0,0,0,0,0,0,0,0,0,0,0,0,0,0,0,7,5,7,12.4497062239122,0,0,7,1
"2015-11-01","Timor Leste",0,0,0,0,0,0,0,2,1,0,0,0,0,0,0,0,0,0,0,0,0,0,0,0,0,0,0,0,0,0.222222222222222,0.111111111111111,0,0,0,0,0,0,0,0,0,0,0,0,0,0,0,0,0,0,0,0,0,0,0,0,0,0,0,0,0,0,0,0,0,0,0,9,6,9,11.2567582593402,0,0,9,1
"2015-12-01","Timor Leste",0,0,0,0,0,0,0,0,1,0,0,0,1,0,0,0,0,0,0,0,0,1,0,0,0,0,0,0,0,0,0.166666666666667,0,0,0,0.166666666666667,0,0,0,0,0,0,0,0,0.166666666666667,0,0,0,0,0,0,0,0,0,0,0,0,0,0,0,0,0,0,0,0,0,0,6,5,5,8.48471983011833,0,0.166666666666667,6,1
"2016-01-01","Timor Leste",0,0,0,0,0,0,0,1,0,0,0,0,0,0,0,0,0,0,0,0,0,0,0,0,0,0,0,0,0,0.25,0,0,0,0,0,0,0,0,0,0,0,0,0,0,0,0,0,0,0,0,0,0,0,0,0,0,0,0,0,0,0,0,0,0,0,0,4,3,4,12.1674238514666,0,0,4,1
"2016-02-01","Timor Leste",0,0,0,0,0,0,0,0,0,0,0,0,0,0,0,0,0,0,0,0,0,0,0,0,0,0,0,0,0,0,0,0,0,0,0,0,0,0,0,0,0,0,0,0,0,0,0,0,0,0,0,0,0,0,0,0,0,0,0,0,0,0,0,0,0,0,10,10,10,12.1674238514666,0,0,10,1
"2016-03-01","Timor Leste",0,0,0,0,0,0,0,0,0,1,0,0,0,0,1,0,0,0,0,0,0,0,0,0,0,0,0,0,0,0,0,0.1,0,0,0,0,0.1,0,0,0,0,0,0,0,0,0,0,0,0,0,0,0,0,0,0,0,0,0,0,0,0,0,0,0,0,0,10,8,10,12.7071244402395,0,0,10,1
"2016-04-01","Timor Leste",0,0,0,0,0,0,0,0,0,0,0,0,0,1,0,0,0,0,0,1,0,0,0,0,0,0,0,0,0,0,0,0,0,0,0,0.0909090909090909,0,0,0,0,0,0.0909090909090909,0,0,0,0,0,0,0,0,0,0,0,0,0,0,0,0,0,0,0,0,0,0,0,0,11,9,11,12.9572787804632,0,0,11,1
"2016-05-01","Timor Leste",0,0,0,0,0,0,0,0,0,1,0,0,1,0,0,0,0,0,0,0,0,0,0,0,0,0,0,0,0,0,0,0.1,0,0,0.1,0,0,0,0,0,0,0,0,0,0,0,0,0,0,1,0,0,0,0,0,0,0,0,0,0,0.1,0,0,0,0,0,10,7,10,10.9763779746546,0,0,10,1
"2016-06-01","Timor Leste",1,0,0,0,0,0,0,0,0,0,0,0,1,0,0,0,0,0,0,0,0,0,0.0909090909090909,0,0,0,0,0,0,0,0,0,0,0,0.0909090909090909,0,0,0,0,0,0,0,0,0,0,0,0,0,0,1,0,0,0,0,0,0,0,0,0,0,0.0909090909090909,0,0,0,0,0,11,9,11,9.70049076560806,0,0,11,1
"2016-07-01","Timor Leste",0,0,0,0,0,0,0,0,0,0,0,0,1,0,0,2,0,0,0,0,0,0,0,0,0,0,0,0,0,0,0,0,0,0,0.1,0,0,0.2,0,0,0,0,0,0,0,0,0,0,0,0,0,0,0,0,0,0,0,0,0,0,0,0,0,0,0,0,10,8,10,9.79476641691567,0,0,10,1
"2016-08-01","Timor Leste",0,0,0,0,0,0,0,1,0,0,0,0,0,0,0,0,0,0,0,1,0,0,0,0,0,0,0,0,0,0.0625,0,0,0,0,0,0,0,0,0,0,0,0.0625,0,0,0,0,0,0,0,0,0,0,0,0,0,0,0,0,0,0,0,0,0,0,0,0,16,14,16,12.2686438562689,0,0,16,1
"2016-09-01","Timor Leste",0,0,0,0,0,0,0,2,2,0,0,0,0,0,0,1,0,0,0,0,0,0,0,0,0,0,0,0,0,0.166666666666667,0.166666666666667,0,0,0,0,0,0,0.0833333333333333,0,0,0,0,0,0,0,0,0,1,1,0,0,0,0,0,0,0,0,0,0.0833333333333333,0.0833333333333333,0,0,0,0,0,0,12,6,12,10.3919946071706,0,0,12,1
"2016-10-01","Timor Leste",0,0,0,0,0,0,0,0,1,0,0,0,1,0,0,0,0,0,0,0,0,0,0,0,0,0,0,0,0,0,0.111111111111111,0,0,0,0.111111111111111,0,0,0,0,0,0,0,0,0,0,0,0,0,0,0,0,0,0,0,0,0,0,0,0,0,0,0,0,0,0,0,9,8,9,9.71228783723441,0,0,9,1
"2016-11-01","Timor Leste",0,0,0,0,0,0,0,0,0,1,0,0,0,0,0,0,0,0,0,0,0,0,0,0,0,0,0,0,0,0,0,0.1,0,0,0,0,0,0,0,0,0,0,0,0,0,0,0,0,0,0,0,0,0,0,0,0,0,0,0,0,0,0,0,0,0,0,10,9,10,12.3664013545498,0,0,10,1
"2016-12-01","Timor Leste",0,0,0,0,0,0,0,1,1,0,0,0,0,0,0,0,0,0,0,0,0,0,0,0,0,0,0,0,0,0.125,0.125,0,0,0,0,0,0,0,0,0,0,0,0,0,0,1,0,0,0,1,0,0,0,0,0,0,0.125,0,0,0,0.125,0,0,0,0,0,8,4,8,11.1429250603245,0,0,8,1
"2017-01-01","Timor Leste",0,0,0,0,3,0,0,0,1,0,0,0,0,1,0,0,0,0,0,1,0,0,0,0,0,0,0.2,0,0,0,0.0666666666666667,0,0,0,0,0.0666666666666667,0,0,0,0,0,0.0666666666666667,0,0,0,0,0,0,0,0,0,0,0,0,0,0,0,0,0,0,0,0,0,0,0,0,15,9,15,12.2002514441216,0,0,15,1
"2017-02-01","Timor Leste",0,0,0,0,2,0,0,0,0,0,0,0,0,0,0,0,0,0,0,1,0,0,0,0,0,0,0.25,0,0,0,0,0,0,0,0,0,0,0,0,0,0,0.125,0,0,0,0,0,0,0,0,0,0,0,0,0,0,0,0,0,0,0,0,0,0,0,0,8,5,8,12.3698638610713,0,0,8,1
"2017-03-01","Timor Leste",0,0,9,0,0,0,0,0,0,0,0,0,0,0,0,0,0,0,0,0,0,0,0,0,0.473684210526316,0,0,0,0,0,0,0,0,0,0,0,0,0,0,0,0,0,0,0,0,0,0,0,0,1,0,0,0,0,0,0,0,0,0,0,0.0526315789473684,0,0,0,0,0,19,9,19,12.1674238514666,0,0,19,1
"2017-04-01","Timor Leste",0,0,0,0,0,0,0,0,0,0,0,0,0,0,0,0,0,0,0,0,0,0,0,0,0,0,0,0,0,0,0,0,0,0,0,0,0,0,0,0,0,0,0,0,0,1,0,0,0,0,0,0,0,0,0,0,0.166666666666667,0,0,0,0,0,0,0,0,0,6,5,6,12.1674238514666,0,0,6,1
"2017-05-01","Timor Leste",0,0,0,0,0,0,0,0,0,0,0,0,0,0,0,1,0,0,0,1,0,0,0,0,0,0,0,0,0,0,0,0,0,0,0,0,0,0.142857142857143,0,0,0,0.142857142857143,0,0,0,0,0,0,0,0,0,0,0,0,0,0,0,0,0,0,0,0,0,0,0,0,7,5,7,11.6969023948323,0,0,7,0
"2017-06-01","Timor Leste",3,0,0,0,0,0,1,0,1,0,0,0,1,0,0,0,0,0,0,0,0,0,0.3,0,0,0,0,0,0.1,0,0.1,0,0,0,0.1,0,0,0,0,0,0,0,0,0,0,0,0,0,0,0,0,0,0,0,0,0,0,0,0,0,0,0,0,0,0,0,10,6,10,0,0,0,10,1
"2017-07-01","Timor Leste",0,0,6,0,1,0,0,0,0,0,0,0,0,1,0,0,0,0,0,0,0,0,0,0,0.352941176470588,0,0.0588235294117647,0,0,0,0,0,0,0,0,0.0588235294117647,0,0,0,0,0,0,0,0,0,0,0,0,0,0,0,0,0,0,0,0,0,0,0,0,0,0,0,0,0,0,17,9,17,12.5832405657092,0,0,17,1
"2017-08-01","Timor Leste",0,0,0,0,0,0,0,0,0,0,0,0,0,0,1,0,0,0,0,0,0,0,0,0,0,0,0,0,0,0,0,0,0,0,0,0,0.1,0,0,0,0,0,0,0,0,0,0,0,0,0,0,0,0,0,0,0,0,0,0,0,0,0,0,0,0,0,10,9,10,12.5081469371563,0,0,10,1
"2017-09-01","Timor Leste",0,0,0,0,5,0,0,0,0,0,0,0,0,0,0,0,0,0,0,0,0,0,0,0,0,0,0.192307692307692,0,0,0,0,0,0,0,0,0,0,0,0,0,0,0,0,0,1,1,0,0,0,0,0,0,0,0,0,0.0384615384615385,0.0384615384615385,0,0,0,0,0,0,0,0,0,26,19,26,12.1674238514666,0,0,26,1
"2017-10-01","Timor Leste",0,0,0,0,0,0,0,1,0,0,0,1,0,0,0,0,0,1,0,0,0,0,0,0,0,0,0,0,0,0.0476190476190476,0,0,0,0.0476190476190476,0,0,0,0,0,0.0476190476190476,0,0,0,0,0,0,0,0,0,0,0,0,0,0,0,0,0,0,0,0,0,0,0,0,0,0,21,18,21,12.3129005309706,0,0,21,1
"2017-11-01","Timor Leste",0,0,0,0,0,1,0,0,0,0,0,0,0,0,0,0,0,0,0,0,0,0,0,0,0,0,0,0.1,0,0,0,0,0,0,0,0,0,0,0,0,0,0,0,0,0,0,0,0,0,0,0,0,0,0,0,0,0,0,0,0,0,0,0,0,0,0,10,9,10,12.5643450340621,0,0.1,10,1
"2017-12-01","Timor Leste",0,0,0,0,0,0,0,0,0,0,0,0,0,0,0,0,0,0,0,0,0,0,0,0,0,0,0,0,0,0,0,0,0,0,0,0,0,0,0,0,0,0,0,0,1,0,0,0,0,0,0,0,0,0,0,0.0555555555555556,0,0,0,0,0,0,0,0,0,0,18,17,18,12.1674238514666,0,0,18,1
"2018-01-01","Timor Leste",0,0,2,1,1,0,0,0,0,1,0,0,0,0,0,0,0,0,0,1,0,0,0,0,0.0909090909090909,0.0454545454545455,0.0454545454545455,0,0,0,0,0.0454545454545455,0,0,0,0,0,0,0,0,0,0.0454545454545455,0,0,0,0,0,0,0,0,0,0,0,0,0,0,0,0,0,0,0,0,0,0,0,0,22,16,22,12.331482719997,0,0,22,1
"2018-02-01","Timor Leste",0,0,1,0,0,0,0,0,0,0,0,0,0,1,0,0,0,0,0,0,0,0,0,0,0.0357142857142857,0,0,0,0,0,0,0,0,0,0,0.0357142857142857,0,0,0,0,0,0,0,0,0,2,0,0,0,0,0,0,0,0,0,0,0.0714285714285714,0,0,0,0,0,0,0,0,0,28,24,28,12.4198839993996,0,0,28,1
"2018-03-01","Timor Leste",0,0,1,0,6,0,0,0,0,0,0,0,0,0,0,0,0,0,0,0,0,0,0,0,0.04,0,0.24,0,0,0,0,0,0,0,0,0,0,0,0,0,0,0,0,0,0,0,0,0,0,0,0,0,0,0,0,0,0,0,0,0,0,0,0,0,0,0,25,18,25,12.1674238514666,0,0,25,1
"2018-04-01","Timor Leste",0,0,0,0,0,0,0,0,0,0,0,1,0,0,0,0,0,0,0,0,0,0,0,0,0,0,0,0,0,0,0,0,0,0.0666666666666667,0,0,0,0,0,0,0,0,0,0,1,0,0,0,0,0,0,0,0,0,0,0.0666666666666667,0,0,0,0,0,0,0,0,0,0,15,13,15,12.406629696629,0,0,15,1
"2018-05-01","Timor Leste",0,0,9,0,0,0,0,1,0,0,0,0,0,0,0,0,0,0,0,0,0,0,0,0,0.409090909090909,0,0,0,0,0.0454545454545455,0,0,0,0,0,0,0,0,0,0,0,0,0,0,0,0,0,0,0,0,0,0,0,0,0,0,0,0,0,0,0,0,0,0,0,0,22,12,22,12.1674238514666,0,0,22,1
"2018-06-01","Timor Leste",0,0,0,0,0,0,0,0,5,0,0,0,1,0,0,0,0,0,0,0,0,0,0,0,0,0,0,0,0,0,0.2,0,0,0,0.04,0,0,0,0,0,0,0,0,0,0,1,0,0,0,0,0,0,0,0,0,0,0.04,0,0,0,0,0,0,0,0,0,25,19,25,9.97221643368109,0,0,25,1
"2018-07-01","Timor Leste",0,0,0,1,2,0,0,0,0,0,0,0,0,1,0,0,0,0,0,0,0,0,0,0,0,0.0416666666666667,0.0833333333333333,0,0,0,0,0,0,0,0,0.0416666666666667,0,0,0,0,0,0,0,0,0,0,0,0,1,0,0,0,0,0,0,0,0,0,0,0.0416666666666667,0,0,0,0,0,0,24,19,23,12.4619606907217,0,0.0416666666666667,24,1
"2018-08-01","Timor Leste",0,0,0,0,0,0,0,1,0,0,0,0,0,0,0,0,0,0,0,1,0,0,0,0,0,0,0,0,0,0.0666666666666667,0,0,0,0,0,0,0,0,0,0,0,0.0666666666666667,0,0,0,0,0,0,0,0,0,0,0,0,0,0,0,0,0,0,0,0,0,0,0,0,15,13,15,12.2753918565891,0,0,15,1
"2018-09-01","Timor Leste",1,0,0,0,0,0,0,0,0,0,0,0,0,0,0,0,0,0,0,0,0,0,0.0526315789473684,0,0,0,0,0,0,0,0,0,0,0,0,0,0,0,0,0,0,0,0,0,0,0,0,0,0,1,0,0,0,0,0,0,0,0,0,0,0.0526315789473684,0,0,0,0,0,19,17,18,11.4707906859144,0,0.0526315789473684,19,1
"2018-10-01","Timor Leste",0,0,0,0,0,0,0,1,2,0,0,0,1,0,0,0,0,0,0,0,0,0,0,0,0,0,0,0,0,0.0384615384615385,0.0769230769230769,0,0,0,0.0384615384615385,0,0,0,0,0,0,0,0,0,0,0,0,0,0,0,0,0,0,0,0,0,0,0,0,0,0,0,0,0,0,0,26,23,26,11.0023386800348,0,0.0384615384615385,26,1
"2018-11-01","Timor Leste",0,0,0,0,0,0,0,0,1,0,0,0,1,0,1,0,0,0,1,0,0,0,0,0,0,0,0,0,0,0,0.0434782608695652,0,0,0,0.0434782608695652,0,0.0434782608695652,0,0,0,0.0434782608695652,0,0,0,0,0,0,0,0,0,0,0,0,0,0,0,0,0,0,0,0,0,0,0,0,0,23,20,23,11.4407709530286,0,0,23,1
"2018-12-01","Timor Leste",0,0,0,0,0,0,0,0,0,0,0,0,0,0,0,0,0,0,0,0,0,0,0,0,0,0,0,0,0,0,0,0,0,0,0,0,0,0,0,0,0,0,0,0,0,1,0,0,0,1,0,0,0,0,0,0,0.0833333333333333,0,0,0,0.0833333333333333,0,0,0,0,0,12,10,12,12.1674238514666,0,0,12,1
"2019-01-01","Timor Leste",1,0,0,0,1,0,0,0,0,2,0,0,0,0,0,0,0,0,0,0,0,0,0.0666666666666667,0,0,0,0.0666666666666667,0,0,0,0,0.133333333333333,0,0,0,0,0,0,0,0,0,0,0,0,0,0,0,0,0,0,0,0,0,0,0,0,0,0,0,0,0,0,0,0,0,0,15,11,15,11.5503251792115,0,0,15,1
"2019-02-01","Timor Leste",0,0,0,0,0,0,0,0,0,1,0,0,0,0,0,0,0,0,0,0,0,0,0,0,0,0,0,0,0,0,0,0.0714285714285714,0,0,0,0,0,0,0,0,0,0,0,0,0,0,0,0,0,0,0,0,0,0,0,0,0,0,0,0,0,0,0,0,0,0,14,13,14,12.3095506393832,0,0,14,1
"2019-03-01","Timor Leste",0,0,0,0,0,0,0,0,0,0,0,0,0,0,0,0,0,0,0,0,0,0,0,0,0,0,0,0,0,0,0,0,0,0,0,0,0,0,0,0,0,0,0,0,0,0,0,0,0,0,0,0,0,0,0,0,0,0,0,0,0,0,0,0,0,0,12,12,12,12.1674238514666,0,0,12,1
"2019-04-01","Timor Leste",0,0,0,0,0,0,0,0,0,0,0,0,0,0,0,0,0,0,0,0,0,0,0,0,0,0,0,0,0,0,0,0,0,0,0,0,0,0,0,0,0,0,0,0,0,0,0,0,0,0,0,0,0,0,0,0,0,0,0,0,0,0,0,0,0,0,5,5,5,12.1674238514666,0,0,5,1
"2019-05-01","Timor Leste",0,0,0,0,2,0,0,0,0,0,0,1,0,0,0,0,0,0,0,0,0,1,0,0,0,0,0.1,0,0,0,0,0,0,0.05,0,0,0,0,0,0,0,0,0,0.05,0,0,0,0,0,1,0,0,0,0,0,0,0,0,0,0,0.05,0,0,0,0,0,20,16,19,12.3468282353384,0,0.05,20,1
"2019-06-01","Timor Leste",0,0,0,0,0,0,0,3,0,0,0,0,0,0,0,0,0,0,0,0,0,0,0,0,0,0,0,0,0,0.1875,0,0,0,0,0,0,0,0,0,0,0,0,0,0,0,1,0,0,0,0,0,0,0,0,0,0,0.0625,0,0,0,0,0,0,0,0,0,16,12,16,12.1674238514666,0,0,16,1
"2019-07-01","Timor Leste",0,0,0,0,1,0,0,0,0,1,0,0,0,0,0,0,0,0,0,0,0,0,0,0,0,0,0.0454545454545455,0,0,0,0,0.0454545454545455,0,0,0,0,0,0,0,0,0,0,0,0,0,0,0,0,0,0,0,0,0,0,0,0,0,0,0,0,0,0,0,0,0,0,22,20,22,12.2578681710499,0,0,22,1
"2019-08-01","Timor Leste",0,0,0,0,0,0,1,0,6,0,0,0,0,0,0,0,0,0,0,0,0,1,0,0,0,0,0,0,0.0181818181818182,0,0.109090909090909,0,0,0,0,0,0,0,0,0,0,0,0,0.0181818181818182,0,0,0,0,0,0,0,0,0,0,0,0,0,0,0,0,0,0,0,0,0,0,55,49,54,10.1847717437407,0,0.0363636363636364,55,1
"2019-09-01","Timor Leste",0,0,0,0,0,0,0,2,0,0,0,0,0,0,0,0,0,0,0,1,0,0,0,0,0,0,0,0,0,0.0740740740740741,0,0,0,0,0,0,0,0,0,0,0,0.037037037037037,0,0,0,0,0,0,0,0,0,0,0,0,0,0,0,0,0,0,0,0,0,0,0,0,27,24,26,12.2274060765346,0,0.037037037037037,27,1
"2019-10-01","Timor Leste",0,0,0,0,0,0,0,4,1,0,0,0,0,0,0,0,0,0,0,1,0,0,0,0,0,0,0,0,0,0.166666666666667,0.0416666666666667,0,0,0,0,0,0,0,0,0,0,0.0416666666666667,0,0,1,0,0,0,0,0,0,0,0,0,1,0.0416666666666667,0,0,0,0,0,0,0,0,0,0.0416666666666667,24,16,24,11.8934042576208,0,0,24,1
"2019-11-01","Timor Leste",0,0,0,0,0,0,0,0,0,0,0,0,0,0,0,0,0,0,0,0,0,0,0,0,0,0,0,0,0,0,0,0,0,0,0,0,0,0,0,0,0,0,0,0,0,0,0,0,0,0,0,0,0,0,0,0,0,0,0,0,0,0,0,0,0,0,20,20,20,12.1674238514666,0,0,20,1
"2019-12-01","Timor Leste",0,0,0,0,0,0,0,0,0,0,0,0,0,0,0,0,0,0,0,0,0,0,0,0,0,0,0,0,0,0,0,0,0,0,0,0,0,0,0,0,0,0,0,0,0,1,0,0,0,0,0,0,0,0,0,0,0.0714285714285714,0,0,0,0,0,0,0,0,0,14,13,14,12.1674238514666,0,0,14,1
"2020-01-01","Timor Leste",0,0,0,0,0,0,0,1,0,0,0,0,0,0,0,0,0,0,0,0,0,0,0,0,0,0,0,0,0,0.0416666666666667,0,0,0,0,0,0,0,0,0,0,0,0,0,0,0,0,0,0,0,0,0,0,0,0,1,0,0,0,0,0,0,0,0,0,0,0.0416666666666667,24,22,24,12.1674238514666,0,0,24,1
"2020-02-01","Timor Leste",0,0,0,0,0,0,0,1,1,0,0,0,4,0,0,3,0,0,0,0,0,0,0,0,0,0,0,0,0,0.0555555555555556,0.0555555555555556,0,0,0,0.222222222222222,0,0,0.166666666666667,0,0,0,0,0,0,0,0,0,0,0,1,0,0,0,0,0,0,0,0,0,0,0.0555555555555556,0,0,0,0,0,18,12,18,7.8042884989787,0,0,18,1
"2020-03-01","Timor Leste",0,0,0,0,3,0,0,2,0,0,1,0,0,0,0,0,0,0,0,0,0,0,0,0,0,0,0.142857142857143,0,0,0.0952380952380952,0,0,0.0476190476190476,0,0,0,0,0,0,0,0,0,0,0,0,0,0,0,0,0,0,1,0,0,0,0,0,0,0,0,0,0,0.0476190476190476,0,0,0,21,14,21,12.4166191128283,0,0,21,1
"2020-04-01","Timor Leste",0,0,0,0,0,0,0,5,0,1,1,0,1,1,0,1,0,0,0,0,0,0,0,0,0,0,0,0,0,0.147058823529412,0,0.0294117647058824,0.0294117647058824,0,0.0294117647058824,0.0294117647058824,0,0.0294117647058824,0,0,0,0,0,0,0,0,0,0,0,0,0,0,0,0,0,0,0,0,0,0,0,0,0,0,0,0,34,25,34,12.034434309976,0,0,34,1
"2020-05-01","Timor Leste",0,0,0,0,0,0,0,1,0,0,1,0,0,0,0,0,0,0,0,0,0,1,0,0,0,0,0,0,0,0.111111111111111,0,0,0.111111111111111,0,0,0,0,0,0,0,0,0,0,0.111111111111111,0,0,0,0,0,0,0,0,0,0,0,0,0,0,0,0,0,0,0,0,0,0,9,7,8,12.7488794613105,0.111111111111111,0.111111111111111,9,1
"2020-06-01","Timor Leste",0,0,0,0,0,0,0,1,0,0,1,0,0,0,0,0,0,0,0,0,0,0,0,0,0,0,0,0,0,0.0303030303030303,0,0,0.0303030303030303,0,0,0,0,0,0,0,0,0,0,0,0,0,0,0,0,0,0,0,0,0,0,0,0,0,0,0,0,0,0,0,0,0,33,31,33,12.3260026541513,0,0,33,1
"2020-07-01","Timor Leste",0,0,0,0,0,0,0,0,0,1,0,0,0,0,0,0,0,0,0,0,0,0,0,0,0,0,0,0,0,0,0,0.05,0,0,0,0,0,0,0,0,0,0,0,0,0,0,0,0,0,0,0,0,0,0,0,0,0,0,0,0,0,0,0,0,0,0,20,19,20,12.2669126030082,0,0,20,1
"2020-08-01","Timor Leste",0,0,0,0,0,0,0,0,1,0,0,0,0,0,1,0,0,0,0,0,0,0,0,0,0,0,0,0,0,0,0.0384615384615385,0,0,0,0,0,0.0384615384615385,0,0,0,0,0,0,0,0,0,0,0,0,0,0,0,0,0,0,0,0,0,0,0,0,0,0,0,0,0,26,24,26,11.983240794842,0,0,26,1
"2020-09-01","Timor Leste",0,0,0,0,0,0,0,0,0,0,0,0,0,0,0,0,0,0,0,0,0,0,0,0,0,0,0,0,0,0,0,0,0,0,0,0,0,0,0,0,0,0,0,0,0,0,0,0,0,0,0,0,0,0,0,0,0,0,0,0,0,0,0,0,0,0,27,27,27,12.1674238514666,0,0,27,1
"2020-10-01","Timor Leste",0,0,0,0,1,0,0,0,1,0,0,0,0,0,0,0,0,0,0,0,0,0,0,0,0,0,0.0416666666666667,0,0,0,0.0416666666666667,0,0,0,0,0,0,0,0,0,0,0,0,0,0,0,0,0,0,0,0,0,0,0,0,0,0,0,0,0,0,0,0,0,0,0,24,22,24,11.8259242544192,0,0,24,1
"2020-11-01","Timor Leste",0,0,0,0,0,0,0,0,0,1,0,0,0,0,0,0,0,0,0,0,0,0,0,0,0,0,0,0,0,0,0,0.0555555555555556,0,0,0,0,0,0,0,0,0,0,0,0,0,1,0,0,0,0,0,0,0,0,0,0,0.0555555555555556,0,0,0,0,0,0,0,0,0,18,16,18,12.277966908735,0,0,18,1
"2020-12-01","Timor Leste",0,0,0,0,0,0,0,0,0,0,0,0,0,1,0,0,0,0,0,0,0,0,0,0,0,0,0,0,0,0,0,0,0,0,0,0.0625,0,0,0,0,0,0,0,0,0,1,0,0,0,0,0,0,0,0,0,0,0.0625,0,0,0,0,0,0,0,0,0,16,14,16,12.6092291103493,0,0,16,1
"2021-01-01","Timor Leste",0,0,0,0,0,0,0,0,0,0,0,0,0,0,0,0,1,0,0,0,0,0,0,0,0,0,0,0,0,0,0,0,0,0,0,0,0,0,0.0454545454545455,0,0,0,0,0,0,0,0,0,0,0,0,0,0,0,0,0,0,0,0,0,0,0,0,0,0,0,22,21,22,12.1019234441719,0,0,22,1
"2021-02-01","Timor Leste",0,0,0,0,0,0,0,0,3,0,0,0,3,0,0,0,0,0,0,0,0,0,0,0,0,0,0,0,0,0,0.111111111111111,0,0,0,0.111111111111111,0,0,0,0,0,0,0,0,0,0,0,0,0,0,0,0,0,0,0,0,0,0,0,0,0,0,0,0,0,0,0,27,24,27,9.71228783723441,0,0,27,1
"2021-03-01","Timor Leste",0,0,0,0,0,0,0,2,0,0,3,0,0,0,0,0,0,0,0,0,0,0,0,0,0,0,0,0,0,0.0588235294117647,0,0,0.0882352941176471,0,0,0,0,0,0,0,0,0,0,0,0,0,0,0,0,0,0,0,0,0,0,0,0,0,0,0,0,0,0,0,0,0,34,29,34,12.629168012225,0,0,34,1
"2021-04-01","Timor Leste",0,0,0,0,1,0,0,43,0,0,0,0,0,0,1,0,0,0,0,0,0,0,0,0,0,0,0.0136986301369863,0,0,0.589041095890411,0,0,0,0,0,0,0.0136986301369863,0,0,0,0,0,0,0,0,0,0,0,1,0,0,0,0,0,0,0,0,0,0,0.0136986301369863,0,0,0,0,0,0,73,27,73,12.2140982467665,0,0,73,1
"2021-05-01","Timor Leste",0,0,0,0,0,0,0,3,0,0,0,1,0,1,0,0,0,0,0,0,0,0,0,0,0,0,0,0,0,0.142857142857143,0,0,0,0.0476190476190476,0,0.0476190476190476,0,0,0,0,0,0,0,0,0,0,0,0,0,0,0,0,0,0,0,0,0,0,0,0,0,0,0,0,0,0,21,16,21,12.6748987000171,0,0,21,1
"2021-06-01","Timor Leste",0,0,0,0,0,0,0,0,3,0,0,0,1,0,0,1,0,0,0,0,0,0,0,0,0,0,0,0,0,0,0.157894736842105,0,0,0,0.0526315789473684,0,0,0.0526315789473684,0,0,0,0,0,0,0,0,0,0,0,0,0,0,0,0,0,0,0,0,0,0,0,0,0,0,0,0,19,15,19,9.8831409535907,0,0,19,1
"2021-07-01","Timor Leste",0,0,0,0,0,0,0,2,0,0,0,0,0,0,0,0,0,0,0,0,0,0,0,0,0,0,0,0,0,0.2,0,0,0,0,0,0,0,0,0,0,0,0,0,0,0,0,0,0,0,0,0,0,0,0,0,0,0,0,0,0,0,0,0,0,0,0,10,8,10,12.1674238514666,0,0,10,1
"2021-08-01","Timor Leste",0,0,0,0,1,0,0,2,0,0,1,0,0,0,0,0,0,0,0,0,0,0,0,0,0,0,0.0526315789473684,0,0,0.105263157894737,0,0,0.0526315789473684,0,0,0,0,0,0,0,0,0,0,0,0,0,0,0,0,0,0,0,0,0,0,0,0,0,0,0,0,0,0,0,0,0,19,15,19,12.4428501929716,0.0526315789473684,0.0526315789473684,19,1
"2021-09-01","Timor Leste",0,0,0,0,0,0,0,1,0,0,0,0,0,0,0,0,0,0,0,0,0,0,0,0,0,0,0,0,0,0.0588235294117647,0,0,0,0,0,0,0,0,0,0,0,0,0,0,0,0,1,0,0,0,0,0,0,0,0,0,0,0.0588235294117647,0,0,0,0,0,0,0,0,17,15,17,12.1674238514666,0,0,17,1
"2021-10-01","Timor Leste",0,1,0,0,0,0,0,1,1,0,0,0,0,0,0,0,0,0,0,0,0,0,0,0.0555555555555556,0,0,0,0,0,0.0555555555555556,0.0555555555555556,0,0,0,0,0,0,0,0,0,0,0,0,0,0,0,0,0,0,1,0,0,0,0,0,0,0,0,0,0,0.0555555555555556,0,0,0,0,0,18,14,18,11.6334700562505,0,0,18,1
"2021-11-01","Timor Leste",0,0,0,0,0,0,0,1,0,0,0,0,1,0,0,0,0,0,0,0,0,0,0,0,0,0,0,0,0,0.0769230769230769,0,0,0,0,0.0769230769230769,0,0,0,0,0,0,0,0,0,0,0,0,0,0,0,0,0,0,0,0,0,0,0,0,0,0,0,0,0,0,0,13,11,13,11.098175097701,0,0,13,1
"2021-12-01","Timor Leste",3,0,0,0,0,0,0,0,1,0,0,0,1,0,0,0,0,0,0,0,0,0,0.166666666666667,0,0,0,0,0,0,0,0.0555555555555556,0,0,0,0.0555555555555556,0,0,0,0,0,0,0,0,0,0,0,0,0,1,0,0,0,0,0,0,0,0,0,0,0.0555555555555556,0,0,0,0,0,0,18,13,18,8.73385082010199,0,0.0555555555555556,18,1
"2022-01-01","Timor Leste",0,0,1,0,0,0,0,0,0,1,0,0,0,0,0,0,0,0,0,0,0,0,0,0,0.0833333333333333,0,0,0,0,0,0,0.0833333333333333,0,0,0,0,0,0,0,0,0,0,0,0,0,0,0,0,0,0,0,0,0,0,0,0,0,0,0,0,0,0,0,0,0,0,12,10,12,12.3332384373693,0,0,12,1
"2022-02-01","Timor Leste",0,0,0,0,0,0,0,2,0,0,0,0,0,0,0,0,0,0,0,0,0,0,0,0,0,0,0,0,0,0.166666666666667,0,0,0,0,0,0,0,0,0,0,0,0,0,0,0,0,0,0,0,0,0,0,0,0,0,0,0,0,0,0,0,0,0,0,0,0,12,10,12,12.1674238514666,0,0,12,1
"2022-03-01","Timor Leste",0,0,7,0,0,0,0,0,0,0,0,0,0,0,0,1,0,0,0,0,0,0,0,0,0.269230769230769,0,0,0,0,0,0,0,0,0,0,0,0,0.0384615384615385,0,0,0,0,0,0,0,0,0,0,0,0,0,0,0,0,0,0,0,0,0,0,0,0,0,0,0,0,26,18,26,11.9784557640328,0,0,26,1
"2022-04-01","Timor Leste",0,0,14,0,0,0,0,0,0,0,0,0,0,0,0,0,0,0,0,0,0,1,0,0,0.411764705882353,0,0,0,0,0,0,0,0,0,0,0,0,0,0,0,0,0,0,0.0294117647058824,0,1,0,0,0,0,0,0,0,0,1,0,0.0294117647058824,0,0,0,0,0,0,0,0,0.0294117647058824,34,18,32,12.1674238514666,0.0294117647058824,0.0294117647058824,34,1
"2022-05-01","Timor Leste",0,0,0,0,1,0,0,5,0,0,0,0,0,1,0,0,0,0,0,0,0,0,0,0,0,0,0.037037037037037,0,0,0.185185185185185,0,0,0,0,0,0.037037037037037,0,0,0,0,0,0,0,0,0,0,0,0,0,0,0,0,0,0,0,0,0,0,0,0,0,0,0,0,0,0,27,20,25,12.4292343752489,0,0.0740740740740741,27,1
"2022-06-01","Timor Leste",0,0,0,0,2,0,0,0,0,1,0,0,0,0,0,0,0,0,0,1,1,1,0,0,0,0,0.105263157894737,0,0,0,0,0.0526315789473684,0,0,0,0,0,0,0,0,0,0.0526315789473684,0.0526315789473684,0.0526315789473684,1,0,0,0,0,1,0,0,0,0,0,0.0526315789473684,0,0,0,0,0.0526315789473684,0,0,0,0,0,19,13,15,12.3573867518703,0,0.210526315789474,19,1
"2022-07-01","Timor Leste",0,0,0,0,0,0,0,0,0,0,0,0,0,0,0,0,0,0,0,0,0,0,0,0,0,0,0,0,0,0,0,0,0,0,0,0,0,0,0,0,0,0,0,0,0,0,0,0,0,0,0,0,0,0,0,0,0,0,0,0,0,0,0,0,0,0,14,14,14,12.1674238514666,0,0,14,1
"2022-08-01","Timor Leste",0,0,0,0,1,0,0,1,0,0,0,0,0,0,0,0,0,0,0,0,0,0,0,0,0,0,0.111111111111111,0,0,0.111111111111111,0,0,0,0,0,0,0,0,0,0,0,0,0,0,0,0,0,0,0,0,0,0,0,0,0,0,0,0,0,0,0,0,0,0,0,0,9,7,8,12.1674238514666,0,0.111111111111111,9,1
"2022-09-01","Timor Leste",0,0,0,0,0,0,0,0,0,0,0,0,1,0,0,2,0,1,0,0,0,1,0,0,0,0,0,0,0,0,0,0,0,0,0.0434782608695652,0,0,0.0869565217391304,0,0.0434782608695652,0,0,0,0.0434782608695652,0,0,0,0,0,1,0,0,0,0,0,0,0,0,0,0,0.0434782608695652,0,0,0,0,0,23,18,22,11.1126563839291,0,0.0434782608695652,23,1
"2022-10-01","Timor Leste",0,0,0,0,0,0,0,5,1,0,0,0,0,0,0,0,0,0,1,0,0,0,0,0,0,0,0,0,0,0.238095238095238,0.0476190476190476,0,0,0,0,0,0,0,0,0,0.0476190476190476,0,0,0,0,0,0,0,0,0,0,0,0,0,0,0,0,0,0,0,0,0,0,0,0,0,21,14,21,11.8712327218467,0,0.0476190476190476,21,1
"2022-11-01","Timor Leste",0,0,0,0,0,0,0,0,0,0,0,0,0,0,0,0,0,0,0,0,0,0,0,0,0,0,0,0,0,0,0,0,0,0,0,0,0,0,0,0,0,0,0,0,0,0,0,0,0,0,0,0,0,1,0,0,0,0,0,0,0,0,0,0,0.0555555555555556,0,18,17,18,12.1674238514666,0,0.0555555555555556,18,1
"2022-12-01","Timor Leste",0,0,0,0,0,0,0,0,0,0,0,0,0,0,0,0,0,0,0,0,0,0,0,0,0,0,0,0,0,0,0,0,0,0,0,0,0,0,0,0,0,0,0,0,0,0,0,0,0,1,0,0,0,0,0,0,0,0,0,0,0.111111111111111,0,0,0,0,0,9,8,9,12.1674238514666,0,0,9,1
"2023-01-01","Timor Leste",0,0,0,0,0,0,0,1,0,0,0,0,0,0,0,0,0,0,0,0,0,0,0,0,0,0,0,0,0,0.0526315789473684,0,0,0,0,0,0,0,0,0,0,0,0,0,0,0,0,0,0,0,0,0,0,0,0,0,0,0,0,0,0,0,0,0,0,0,0,19,18,18,12.1674238514666,0,0.0526315789473684,19,1
"2023-02-01","Timor Leste",0,0,0,0,2,0,0,0,0,0,0,0,0,0,0,0,0,0,0,0,0,0,0,0,0,0,0.105263157894737,0,0,0,0,0,0,0,0,0,0,0,0,0,0,0,0,0,0,1,0,0,0,1,0,0,0,0,0,0,0.0526315789473684,0,0,0,0.0526315789473684,0,0,0,0,0,19,15,18,12.1674238514666,0,0.0526315789473684,19,1
"2023-03-01","Timor Leste",0,0,0,0,0,0,0,0,0,1,0,0,0,0,0,0,0,0,0,0,0,0,0,0,0,0,0,0,0,0,0,0.0909090909090909,0,0,0,0,0,0,0,0,0,0,0,0,0,0,0,0,0,1,0,0,0,0,0,0,0,0,0,0,0.0909090909090909,0,0,0,0,0,11,9,11,12.3483124906331,0,0,11,1
"2023-04-01","Timor Leste",0,0,2,0,0,0,0,0,0,0,0,0,0,1,0,0,0,0,0,0,0,0,0,0,0.0740740740740741,0,0,0,0,0,0,0,0,0,0,0.037037037037037,0,0,0,0,0,0,0,0,0,0,0,0,0,0,0,0,0,0,0,0,0,0,0,0,0,0,0,0,0,0,27,24,26,12.4292343752489,0,0.037037037037037,27,1
"2023-05-01","Timor Leste",0,0,7,0,0,0,0,0,0,0,0,0,0,0,0,0,0,0,0,0,1,0,0,0,0.368421052631579,0,0,0,0,0,0,0,0,0,0,0,0,0,0,0,0,0,0.0526315789473684,0,0,0,0,0,0,0,0,0,0,0,0,0,0,0,0,0,0,0,0,0,0,0,19,12,18,12.1674238514666,0,0.0526315789473684,19,1
"2023-06-01","Timor Leste",0,0,0,0,0,0,0,0,0,0,0,0,0,0,0,0,0,0,0,0,1,0,0,0,0,0,0,0,0,0,0,0,0,0,0,0,0,0,0,0,0,0,0.0555555555555556,0,0,0,0,0,0,0,0,0,0,0,0,0,0,0,0,0,0,0,0,0,0,0,18,18,17,12.1674238514666,0,0.0555555555555556,18,1
"2023-07-01","Timor Leste",0,0,1,0,0,0,0,0,0,0,0,0,0,0,0,0,0,0,0,0,1,0,0,0,0.0555555555555556,0,0,0,0,0,0,0,0,0,0,0,0,0,0,0,0,0,0.0555555555555556,0,0,0,0,0,0,0,0,0,0,0,0,0,0,0,0,0,0,0,0,0,0,0,18,17,15,12.1674238514666,0.0555555555555556,0.111111111111111,18,1
"2023-08-01","Timor Leste",0,0,0,0,0,0,0,2,0,0,0,0,0,0,0,2,0,0,0,0,0,0,0,0,0,0,0,0,0,0.111111111111111,0,0,0,0,0,0,0,0.111111111111111,0,0,0,0,0,0,0,0,0,0,0,0,0,0,0,0,0,0,0,0,0,0,0,0,0,0,0,0,18,14,18,11.6215160433245,0,0,18,1
"2023-09-01","Timor Leste",0,0,0,0,2,0,0,1,0,0,0,0,0,0,0,0,0,0,0,0,3,0,0,0,0,0,0.0909090909090909,0,0,0.0454545454545455,0,0,0,0,0,0,0,0,0,0,0,0,0.136363636363636,0,0,0,0,0,0,0,0,0,0,0,0,0,0,0,0,0,0,0,0,0,0,0,22,19,15,12.1674238514666,0,0.363636363636364,22,1
"2023-10-01","Timor Leste",0,0,0,0,0,0,0,0,0,1,0,0,0,0,0,0,0,0,0,0,0,0,0,0,0,0,0,0,0,0,0,0.0588235294117647,0,0,0,0,0,0,0,0,0,0,0,0,0,0,0,0,0,0,0,0,0,0,0,0,0,0,0,0,0,0,0,0,0,0,17,16,16,12.2844694415155,0,0.0588235294117647,17,1
"2023-11-01","Timor Leste",0,0,1,0,0,0,0,0,0,0,0,0,0,0,0,0,0,0,0,2,0,0,0,0,0.1,0,0,0,0,0,0,0,0,0,0,0,0,0,0,0,0,0.2,0,0,0,0,0,0,0,0,0,0,0,0,0,0,0,0,0,0,0,0,0,0,0,0,10,7,10,12.4913278668342,0,0,10,1
"2023-12-01","Timor Leste",0,0,0,0,0,0,0,0,0,0,0,0,0,0,0,0,0,0,0,0,0,1,0,0,0,0,0,0,0,0,0,0,0,0,0,0,0,0,0,0,0,0,0,0.111111111111111,0,0,0,0,0,0,0,0,0,0,0,0,0,0,0,0,0,0,0,0,0,0,9,9,8,12.1674238514666,0,0.111111111111111,9,1
"2024-01-01","Timor Leste",0,0,0,0,0,0,0,1,0,0,0,0,0,0,0,0,0,0,0,0,1,0,0,0,0,0,0,0,0,0.05,0,0,0,0,0,0,0,0,0,0,0,0,0.05,0,0,0,0,0,0,0,0,0,0,0,0,0,0,0,0,0,0,0,0,0,0,0,20,19,18,12.1674238514666,0,0.1,20,1
"2024-02-01","Timor Leste",0,0,1,0,0,0,0,0,0,0,0,0,0,0,0,0,0,0,0,0,0,0,0,0,0.0666666666666667,0,0,0,0,0,0,0,0,0,0,0,0,0,0,0,0,0,0,0,0,0,0,0,0,0,0,0,0,0,0,0,0,0,0,0,0,0,0,0,0,0,15,14,15,12.1674238514666,0,0,15,1
"2024-03-01","Timor Leste",0,0,0,0,0,0,0,0,0,0,0,0,0,0,0,0,0,0,0,0,0,0,0,0,0,0,0,0,0,0,0,0,0,0,0,0,0,0,0,0,0,0,0,0,0,0,0,0,0,0,0,0,0,0,0,0,0,0,0,0,0,0,0,0,0,0,7,7,7,12.1674238514666,0,0,7,1
"2024-04-01","Timor Leste",1,0,0,0,0,0,0,0,0,0,0,0,0,0,0,0,0,0,0,0,0,0,0.0909090909090909,0,0,0,0,0,0,0,0,0,0,0,0,0,0,0,0,0,0,0,0,0,0,0,0,0,0,0,0,0,0,0,0,0,0,0,0,0,0,0,0,0,0,0,11,10,11,10.9641483836946,0,0,11,1
"2024-05-01","Timor Leste",0,0,0,0,0,0,0,1,0,0,0,0,0,0,0,0,0,0,0,0,0,0,0,0,0,0,0,0,0,0.111111111111111,0,0,0,0,0,0,0,0,0,0,0,0,0,0,0,0,0,0,0,0,0,0,0,0,0,0,0,0,0,0,0,0,0,0,0,0,9,8,9,12.1674238514666,0,0,9,1
"2024-06-01","Timor Leste",0,0,0,0,1,0,0,0,0,0,0,0,0,0,0,0,0,0,0,0,0,0,0,0,0,0,0.142857142857143,0,0,0,0,0,0,0,0,0,0,0,0,0,0,0,0,0,0,0,0,0,0,0,0,0,0,0,0,0,0,0,0,0,0,0,0,0,0,0,7,6,7,12.1674238514666,0,0,7,1
"2024-07-01","Timor Leste",0,0,0,0,0,0,0,1,0,0,0,0,0,0,0,0,0,0,0,0,0,0,0,0,0,0,0,0,0,0.111111111111111,0,0,0,0,0,0,0,0,0,0,0,0,0,0,0,0,0,0,0,0,0,0,0,0,0,0,0,0,0,0,0,0,0,0,0,0,9,8,9,12.1674238514666,0,0.111111111111111,9,1
"2024-08-01","Timor Leste",0,0,0,0,0,0,0,0,0,0,0,0,0,0,0,0,0,0,0,0,0,0,0,0,0,0,0,0,0,0,0,0,0,0,0,0,0,0,0,0,0,0,0,0,0,0,0,0,0,0,0,0,0,0,0,0,0,0,0,0,0,0,0,0,0,0,4,4,4,12.1674238514666,0,0,4,1
